{
"type": "FeatureCollection",
"name": "Rock_Creek_Reservoir_Component_Catchments_Badger_Included_WGS84",
"crs": { "type": "name", "properties": { "name": "urn:ogc:def:crs:OGC:1.3:CRS84" } },
"features": [
{ "type": "Feature", "properties": { "asset": "Rock Creek Reservoir outlet", "area_km2": 26.541960714775492, "area_acres": 6558.6613149116301, "objectid": null, "task_id": "WRR-A-LIDAR-WATERSHED-003", "basis": "USGS 3DEP 10 m D8 terrain delineation at corrected OWRD/NHD control point", "tnmid": null, "metasourceid": null, "sourcedatadesc": null, "sourceoriginator": null, "sourcefeatureid": null, "loaddate": null, "referencegnis_ids": null, "areaacres": null, "areasqkm": null, "states": null, "huc12": null, "name": null, "hutype": null, "humod": null, "tohuc": null, "noncontributingareaacres": null, "noncontributingareasqkm": null, "globalid": null, "shape_Length": null, "shape_Area": null, "status": null, "reason": null, "component": null, "area_acres_equal_area": null }, "geometry": { "type": "Polygon", "coordinates": [ [ [ -121.507683361144402, 45.265146414611301 ], [ -121.507649553429985, 45.265059722904851 ], [ -121.508878719081522, 45.264821276433864 ], [ -121.508844909985015, 45.264734585096676 ], [ -121.509213657534232, 45.264663049104001 ], [ -121.509179848084329, 45.264576357884671 ], [ -121.509548594405558, 45.264504821003243 ], [ -121.509514784602288, 45.264418129901671 ], [ -121.510129359320416, 45.264298899731017 ], [ -121.510095548869842, 45.264212208819174 ], [ -121.510710120666715, 45.264092976060041 ], [ -121.510676309568879, 45.264006285337842 ], [ -121.511045051156657, 45.263934744461451 ], [ -121.511011239705454, 45.263848053857004 ], [ -121.511134153246175, 45.263824206712727 ], [ -121.511100341735485, 45.263737516154201 ], [ -121.511469081392022, 45.263665974164752 ], [ -121.511435269527993, 45.263579283724084 ], [ -121.511926920591151, 45.263483892998387 ], [ -121.511893108226801, 45.263397202711431 ], [ -121.512261845164986, 45.263325658612409 ], [ -121.512228032447283, 45.263238968443211 ], [ -121.512596768157479, 45.263167423455442 ], [ -121.512562955086395, 45.263080733404109 ], [ -121.513423334320365, 45.262913791475604 ], [ -121.513389520308223, 45.262827101685765 ], [ -121.513758252512829, 45.262755553591937 ], [ -121.513724438147349, 45.262668863919956 ], [ -121.513970258885877, 45.262621164708982 ], [ -121.513936444313984, 45.262534475118827 ], [ -121.514059354405134, 45.262510625383243 ], [ -121.514093169123939, 45.262597314937445 ], [ -121.514216079274533, 45.262573465055162 ], [ -121.514182264408788, 45.262486775536878 ], [ -121.514428084153707, 45.262439075512049 ], [ -121.514394269081592, 45.262352386075655 ], [ -121.514640088182759, 45.262304685679744 ], [ -121.514606272904231, 45.262217996325298 ], [ -121.514975000459216, 45.262146445008902 ], [ -121.51494118482735, 45.26205975577215 ], [ -121.515432819755048, 45.261964352610697 ], [ -121.51539900362296, 45.261877663527663 ], [ -121.515521911989268, 45.261853812496447 ], [ -121.515555728268296, 45.261940501543499 ], [ -121.515801545032375, 45.261892799077046 ], [ -121.515767728459494, 45.261806110101837 ], [ -121.515890636563398, 45.261782258738499 ], [ -121.515856819931074, 45.261695569809177 ], [ -121.516348450884294, 45.261600163392259 ], [ -121.516314633751733, 45.261513474616699 ], [ -121.516806262717694, 45.261418066572055 ], [ -121.516772445084925, 45.261331377950263 ], [ -121.517018258749232, 45.261283673335484 ], [ -121.516984440910079, 45.261196984795561 ], [ -121.517107347464076, 45.261173132358032 ], [ -121.517073529565479, 45.261086443864045 ], [ -121.517442248261915, 45.261014885995003 ], [ -121.517408430010036, 45.260928197618803 ], [ -121.517777147478469, 45.260856638861149 ], [ -121.517810966171126, 45.260943327129553 ], [ -121.518179683293042, 45.260871767267659 ], [ -121.518213502513902, 45.260958455438207 ], [ -121.51895093527736, 45.260815332509523 ], [ -121.518917115175, 45.260728644554575 ], [ -121.519408734680084, 45.260633227198312 ], [ -121.519442555370119, 45.260719915009531 ], [ -121.519565460174618, 45.260696060357773 ], [ -121.519531639337671, 45.260609372582458 ], [ -121.519654543907748, 45.260585517855908 ], [ -121.519620723011371, 45.260498830126508 ], [ -121.520112339829296, 45.260403410256885 ], [ -121.520078518432754, 45.26031672268126 ], [ -121.520201422271612, 45.260292867473026 ], [ -121.520167600815626, 45.260206179943324 ], [ -121.520413407937113, 45.260158469266642 ], [ -121.520447229686923, 45.260245156724402 ], [ -121.520693036752292, 45.260197445532938 ], [ -121.520726858883393, 45.260284132928902 ], [ -121.521095569266066, 45.260212565203524 ], [ -121.521061746694215, 45.260125877915421 ], [ -121.521430455848801, 45.260054309301502 ], [ -121.521396632923739, 45.259967622131157 ], [ -121.521519535653397, 45.259943765741063 ], [ -121.521485712668891, 45.259857078616626 ], [ -121.521731517571936, 45.259809365576182 ], [ -121.521697694381075, 45.25972267853362 ], [ -121.521943498640383, 45.259674965122194 ], [ -121.521909675243222, 45.259588278161509 ], [ -121.522032577094748, 45.259564421325685 ], [ -121.521998753638172, 45.259477734410915 ], [ -121.52212165525529, 45.259453877500313 ], [ -121.522087831739285, 45.259367190631529 ], [ -121.521964930269064, 45.259391047506192 ], [ -121.521931106987452, 45.259304360611424 ], [ -121.521808205576647, 45.259328217339458 ], [ -121.521774382529443, 45.259241530418777 ], [ -121.52165148117804, 45.259265387000205 ], [ -121.521617658365201, 45.259178700053496 ], [ -121.521494757073256, 45.259202556488283 ], [ -121.521460934494797, 45.259115869515682 ], [ -121.521338033262268, 45.25913972580377 ], [ -121.521304210918188, 45.259053038805156 ], [ -121.521181309745103, 45.259076894946624 ], [ -121.521147487635417, 45.25899020792216 ], [ -121.521024586521719, 45.259014063916965 ], [ -121.520990764646427, 45.258927376866481 ], [ -121.520867863592159, 45.258951232714679 ], [ -121.520834041951218, 45.258864545638268 ], [ -121.520711140956394, 45.258888401339789 ], [ -121.520677319549876, 45.258801714237407 ], [ -121.520554418614452, 45.258825569792286 ], [ -121.5205205974423, 45.258738882663955 ], [ -121.520397696566306, 45.258762738072207 ], [ -121.520363875628547, 45.25867605091797 ], [ -121.520240974811969, 45.258699906179579 ], [ -121.52020715410859, 45.258613218999344 ], [ -121.520084253351456, 45.258637074114304 ], [ -121.520050432882471, 45.25855038690819 ], [ -121.519927532184752, 45.258574241876467 ], [ -121.519893711950132, 45.25848755464439 ], [ -121.519770811311844, 45.258511409466031 ], [ -121.519736991311589, 45.25842472220797 ], [ -121.51961409073273, 45.258448576883005 ], [ -121.51958027096687, 45.25836188959903 ], [ -121.519457370447455, 45.258385744127402 ], [ -121.519423550915974, 45.258299056817457 ], [ -121.519300650455975, 45.258322911199173 ], [ -121.519266831158859, 45.258236223863321 ], [ -121.519143930758304, 45.258260078098374 ], [ -121.519110111695568, 45.258173390736545 ], [ -121.518987211354442, 45.258197244824991 ], [ -121.518953392526072, 45.25811055743722 ], [ -121.518830492244376, 45.258134411379032 ], [ -121.518796673650414, 45.258047723965291 ], [ -121.518673773428148, 45.258071577760489 ], [ -121.518639955068522, 45.257984890320778 ], [ -121.518517054905701, 45.258008743969341 ], [ -121.518483236780469, 45.257922056503723 ], [ -121.518360336677077, 45.257945910005624 ], [ -121.518326518786225, 45.257859222514043 ], [ -121.518203618742248, 45.257883075869302 ], [ -121.518169801085762, 45.257796388351778 ], [ -121.518046901101243, 45.257820241560367 ], [ -121.518013083679122, 45.25773355401693 ], [ -121.517890183754048, 45.257757407078913 ], [ -121.517856366566306, 45.25767071950947 ], [ -121.517733466700648, 45.257694572424796 ], [ -121.517699649747286, 45.25760788482949 ], [ -121.517576749941085, 45.257631737598203 ], [ -121.517542933222074, 45.257545049976898 ], [ -121.517420033475318, 45.25756890259894 ], [ -121.517386216990658, 45.257482214951743 ], [ -121.517263317303346, 45.257506067427137 ], [ -121.517229501053066, 45.257419379753898 ], [ -121.517106601425155, 45.257443232082728 ], [ -121.517072785409269, 45.257356544383569 ], [ -121.51694988584083, 45.257380396565765 ], [ -121.516916070059295, 45.25729370884067 ], [ -121.516793170550287, 45.257317560876139 ], [ -121.516759355003146, 45.257230873125138 ], [ -121.516636455553581, 45.257254725014015 ], [ -121.516602640240762, 45.257168037237072 ], [ -121.516479740850642, 45.257191888979335 ], [ -121.516445925772203, 45.25710520117638 ], [ -121.516323026441512, 45.257129052771937 ], [ -121.516289211597453, 45.257042364943118 ], [ -121.51616631232622, 45.257066216392097 ], [ -121.516132497716526, 45.256979528537251 ], [ -121.516009598504738, 45.257003379839645 ], [ -121.515975784129381, 45.256916691958857 ], [ -121.515852884977036, 45.256940543114574 ], [ -121.515819070836073, 45.256853855207879 ], [ -121.515696171743187, 45.256877706216962 ], [ -121.515662357836547, 45.256791018284318 ], [ -121.51553945880309, 45.256814869146716 ], [ -121.515505645130844, 45.256728181188208 ], [ -121.51538274615686, 45.256752031904 ], [ -121.515348932718965, 45.256665343919508 ], [ -121.51522603380441, 45.256689194488622 ], [ -121.515192220600881, 45.256602506478139 ], [ -121.51506932174577, 45.256626356900668 ], [ -121.515035508776606, 45.256539668864306 ], [ -121.514912609980925, 45.256563519140201 ], [ -121.514878797246126, 45.256476831077833 ], [ -121.514755898509932, 45.256500681207122 ], [ -121.514722086009471, 45.256413993118869 ], [ -121.514599187332706, 45.256437843101466 ], [ -121.51456537506661, 45.256351154987229 ], [ -121.514442476449304, 45.256375004823184 ], [ -121.514408664417573, 45.256288316683069 ], [ -121.514285765859725, 45.256312166372425 ], [ -121.514251954062345, 45.256225478206346 ], [ -121.514129055563927, 45.256249327749053 ], [ -121.514095244000913, 45.256162639557054 ], [ -121.513972345561982, 45.256186488953077 ], [ -121.51393853423329, 45.2560998007351 ], [ -121.513815635853788, 45.256123649984573 ], [ -121.513781824759491, 45.256036961740641 ], [ -121.513658926439433, 45.256060810843451 ], [ -121.513625115579487, 45.255974122573669 ], [ -121.513502217318916, 45.255997971529837 ], [ -121.513468406693306, 45.255911283234049 ], [ -121.513345508492165, 45.255935132043575 ], [ -121.513311698100921, 45.255848443721867 ], [ -121.513188799959252, 45.255872292384794 ], [ -121.513154989802359, 45.255785604037129 ], [ -121.51303209172012, 45.255809452553365 ], [ -121.512998281797579, 45.255722764179794 ], [ -121.512875383774826, 45.255746612549466 ], [ -121.51284157408665, 45.255659924149917 ], [ -121.512718676123313, 45.255683772372976 ], [ -121.512684866669474, 45.255597083947421 ], [ -121.512561968765638, 45.255620932023831 ], [ -121.512528159546136, 45.255534243572455 ], [ -121.512405261701758, 45.255558091502195 ], [ -121.512371452716621, 45.255471403024842 ], [ -121.512248554931688, 45.255495250807961 ], [ -121.512214746180902, 45.255408562304723 ], [ -121.512091848455455, 45.255432409941172 ], [ -121.512058039938978, 45.255345721411992 ], [ -121.511935142272989, 45.255369568901827 ], [ -121.511901333990892, 45.255282880346698 ], [ -121.511778436384375, 45.255306727689941 ], [ -121.511744628336615, 45.255220039108821 ], [ -121.511621730789528, 45.255243886305472 ], [ -121.511587922976119, 45.255157197698409 ], [ -121.511465025488519, 45.255181044748419 ], [ -121.511431217909447, 45.255094356115379 ], [ -121.511308320481291, 45.255118203018846 ], [ -121.511274513136598, 45.255031514359878 ], [ -121.511151615767929, 45.255055361116611 ], [ -121.511117808657545, 45.254968672431758 ], [ -121.510994911348305, 45.254992519041913 ], [ -121.510961104472301, 45.254905830331118 ], [ -121.510838207222562, 45.254929676794532 ], [ -121.510804400580867, 45.254842988057874 ], [ -121.510681503390586, 45.254866834374766 ], [ -121.510647696983227, 45.254780145612045 ], [ -121.510524799852419, 45.254803991782332 ], [ -121.510490993679412, 45.25471730299369 ], [ -121.510368096608076, 45.254741149017271 ], [ -121.510334290669419, 45.254654460202779 ], [ -121.510211393657556, 45.254678306079775 ], [ -121.510177587953208, 45.25459161723925 ], [ -121.510054691000803, 45.254615462969618 ], [ -121.510020885530821, 45.254528774103207 ], [ -121.509897988637888, 45.254552619686983 ], [ -121.509864183402257, 45.254465930794638 ], [ -121.509741286568783, 45.254489776231765 ], [ -121.509707481567489, 45.25440308731347 ], [ -121.509584584793487, 45.254426932603991 ], [ -121.50955078002653, 45.254340243659755 ], [ -121.509427883312014, 45.254364088803605 ], [ -121.50939407877938, 45.254277399833505 ], [ -121.509271182124323, 45.2543012448307 ], [ -121.50923737782604, 45.254214555834615 ], [ -121.509114481230469, 45.254238400685274 ], [ -121.509080677166509, 45.254151711663205 ], [ -121.508957780630396, 45.25417555636723 ], [ -121.508923976800801, 45.25408886731929 ], [ -121.508801080324162, 45.254112711876687 ], [ -121.508767276728875, 45.254026022802776 ], [ -121.508644380311722, 45.254049867213503 ], [ -121.508610576950758, 45.2539631781137 ], [ -121.508487680593106, 45.253987022377892 ], [ -121.508453877466479, 45.253900333252119 ], [ -121.508085188309636, 45.25397186527249 ], [ -121.508051385711141, 45.253885176048982 ], [ -121.507805592796586, 45.253932863437221 ], [ -121.507771790579341, 45.253846174151846 ], [ -121.507648894137816, 45.253870017644026 ], [ -121.507615092154921, 45.253783328332752 ], [ -121.507492195772898, 45.253807171678211 ], [ -121.507458394024312, 45.253720482341024 ], [ -121.507335497701746, 45.253744325539927 ], [ -121.507301696187511, 45.253657636176769 ], [ -121.507178799924418, 45.253681479229073 ], [ -121.507144998644534, 45.253594789839966 ], [ -121.507022102440942, 45.253618632745642 ], [ -121.506988301395339, 45.253531943330593 ], [ -121.506865405251233, 45.253555786089649 ], [ -121.506831604439981, 45.253469096648672 ], [ -121.506708708355362, 45.253492939261122 ], [ -121.506674907778418, 45.253406249794232 ], [ -121.5065520117533, 45.253430092260025 ], [ -121.506518211410707, 45.253343402767271 ], [ -121.506395315445047, 45.253367245086423 ], [ -121.506361515336764, 45.25328055556772 ], [ -121.50623861943059, 45.253304397740216 ], [ -121.506204819556658, 45.253217708195564 ], [ -121.506081923709971, 45.253241550221546 ], [ -121.506048124070361, 45.253154860650959 ], [ -121.505925228283161, 45.253178702530278 ], [ -121.50589142887786, 45.253092012933742 ], [ -121.50564563733505, 45.253139696288443 ], [ -121.505611838310955, 45.253053006630125 ], [ -121.505366046712297, 45.253100689470116 ], [ -121.505332248069465, 45.253013999749896 ], [ -121.505209352285902, 45.253037840967963 ], [ -121.505175553877365, 45.252951151221851 ], [ -121.505052658153332, 45.252974992293275 ], [ -121.505018859979131, 45.252888302521271 ], [ -121.504895964314557, 45.252912143446068 ], [ -121.504862166374679, 45.252825453648036 ], [ -121.504739270769591, 45.252849294426269 ], [ -121.504705473064021, 45.252762604602374 ], [ -121.504582577518448, 45.252786445233966 ], [ -121.504548780047216, 45.252699755384114 ], [ -121.50442588456113, 45.252723595869071 ], [ -121.504392087324206, 45.252636905993285 ], [ -121.504269191897606, 45.252660746331685 ], [ -121.504235394895019, 45.252574056429992 ], [ -121.50411249952792, 45.252597896621687 ], [ -121.504078702759628, 45.252511206694074 ], [ -121.50395580745203, 45.25253504673919 ], [ -121.50392201091806, 45.252448356785628 ], [ -121.503799115669963, 45.25247219668416 ], [ -121.503765319370331, 45.252385506704698 ], [ -121.50364242418172, 45.252409346456609 ], [ -121.503608628116382, 45.252322656451192 ], [ -121.503362837770766, 45.252370335551035 ], [ -121.503329042086662, 45.252283645483779 ], [ -121.503206146929642, 45.252307484831768 ], [ -121.503172351479833, 45.252220794738584 ], [ -121.503295246489955, 45.252196955426591 ], [ -121.503126269817571, 45.251763505290036 ], [ -121.503249164005737, 45.251739666046824 ], [ -121.50321536878657, 45.251652976085353 ], [ -121.503338262740428, 45.251629136767335 ], [ -121.50330446746176, 45.251542446851737 ], [ -121.503427361181309, 45.251518607458891 ], [ -121.503393565843155, 45.251431917589152 ], [ -121.503516459328395, 45.2514080781215 ], [ -121.503482663930711, 45.251321388297683 ], [ -121.503605557181658, 45.251297548755268 ], [ -121.503571761724501, 45.251210858977316 ], [ -121.503694654741125, 45.25118701936001 ], [ -121.503660859224468, 45.251100329627953 ], [ -121.503783752006811, 45.251076489935905 ], [ -121.503749956430639, 45.25098980024972 ], [ -121.503872848978659, 45.250965960482858 ], [ -121.503839053343029, 45.25087927084256 ], [ -121.503961945656727, 45.250855431000879 ], [ -121.503928149961581, 45.250768741406418 ], [ -121.504051042040984, 45.250744901489938 ], [ -121.504017246286352, 45.250658211941385 ], [ -121.504140138131447, 45.250634371950056 ], [ -121.504106342317328, 45.250547682447404 ], [ -121.504229233928115, 45.25052384238132 ], [ -121.504195438054509, 45.250437152924498 ], [ -121.504318329430987, 45.250413312783586 ], [ -121.504284533497895, 45.250326623372715 ], [ -121.504407424640078, 45.250302783156968 ], [ -121.504373628647485, 45.250216093791899 ], [ -121.50449651955536, 45.25019225350141 ], [ -121.504462723503281, 45.250105564182199 ], [ -121.504585614176847, 45.250081723816926 ], [ -121.504551818065281, 45.249995034543581 ], [ -121.504674708504538, 45.249971194103502 ], [ -121.504640912333485, 45.249884504876071 ], [ -121.504763802538477, 45.249860664361172 ], [ -121.504730006307909, 45.249773975179622 ], [ -121.504852896278607, 45.249750134589895 ], [ -121.504819099988538, 45.249663445454182 ], [ -121.504941989724927, 45.249639604789699 ], [ -121.5049081933754, 45.24955291569983 ], [ -121.505031082877494, 45.249529074960591 ], [ -121.504997286468452, 45.249442385916602 ], [ -121.505120175736252, 45.249418545102507 ], [ -121.505086379267752, 45.249331856104433 ], [ -121.505209268301243, 45.249308015215504 ], [ -121.505175471773256, 45.249221326263282 ], [ -121.505298360572439, 45.249197485299526 ], [ -121.505264563984966, 45.24911079639319 ], [ -121.505387452549854, 45.249086955354699 ], [ -121.505353655902908, 45.2490002664942 ], [ -121.505476544233517, 45.248976425380881 ], [ -121.505442747527084, 45.248889736566305 ], [ -121.505565635623384, 45.248865895378152 ], [ -121.505531838857465, 45.24877920660942 ], [ -121.505654726719484, 45.248755365346533 ], [ -121.505620929894079, 45.24866867662363 ], [ -121.505498042178942, 45.248692517850685 ], [ -121.505464245587831, 45.248605829101891 ], [ -121.505341357932195, 45.248629670182247 ], [ -121.505307561575364, 45.248542981407503 ], [ -121.505184673979201, 45.248566822341338 ], [ -121.505150877856693, 45.248480133540703 ], [ -121.505027990320002, 45.248503974327868 ], [ -121.50499419443176, 45.248417285501304 ], [ -121.50487130695457, 45.24844112614187 ], [ -121.504837511300622, 45.248354437289336 ], [ -121.504714623882919, 45.248378277783331 ], [ -121.50468082846325, 45.248291588904813 ], [ -121.50455794110502, 45.248315429252244 ], [ -121.504524145919646, 45.248228740347876 ], [ -121.504401258620916, 45.248252580548694 ], [ -121.504367463669823, 45.248165891618292 ], [ -121.504244576430594, 45.248189731672483 ], [ -121.50421078171378, 45.248103042716188 ], [ -121.504087894534038, 45.248126882623765 ], [ -121.504054100051519, 45.248040193641579 ], [ -121.503931212931235, 45.248064033402578 ], [ -121.50389741868301, 45.247977344394393 ], [ -121.503774531622241, 45.248001184008771 ], [ -121.503740737608297, 45.247914494974715 ], [ -121.503617850607014, 45.247938334442544 ], [ -121.50358405682735, 45.247851645382497 ], [ -121.503461169885554, 45.247875484703712 ], [ -121.503393582882225, 45.247702106541759 ], [ -121.503270696146814, 45.247725945680436 ], [ -121.503236902923106, 45.247639256578481 ], [ -121.503114016247167, 45.247663095570594 ], [ -121.503080223257783, 45.247576406442747 ], [ -121.502957336641344, 45.24760024528824 ], [ -121.502923543886197, 45.24751355613445 ], [ -121.50280065732926, 45.247537394833365 ], [ -121.502766864808407, 45.247450705653627 ], [ -121.502643978310957, 45.247474544205907 ], [ -121.502610186024398, 45.247387855000277 ], [ -121.502487299586434, 45.247411693406008 ], [ -121.50245350753417, 45.247325004174364 ], [ -121.502330621155693, 45.247348842433503 ], [ -121.502296829337666, 45.247262153175953 ], [ -121.502173943018704, 45.247285991288429 ], [ -121.502140151435, 45.24719930200505 ], [ -121.502017265175525, 45.247223139970941 ], [ -121.501983473826058, 45.247136450661557 ], [ -121.501860587626098, 45.247160288480856 ], [ -121.501826796510912, 45.247073599145565 ], [ -121.501703910370438, 45.247097436818237 ], [ -121.50167011948956, 45.247010747457026 ], [ -121.501547233408573, 45.247034584983105 ], [ -121.501513442761961, 45.246947895595994 ], [ -121.501390556740475, 45.246971732975481 ], [ -121.501356766328129, 45.246885043562365 ], [ -121.501233880366158, 45.246908880795239 ], [ -121.501200090188078, 45.246822191356216 ], [ -121.501077204285608, 45.246846028442569 ], [ -121.501043414341794, 45.246759338977583 ], [ -121.500920528498824, 45.24678317591728 ], [ -121.500886738789305, 45.246696486426444 ], [ -121.50076385300585, 45.246720323219556 ], [ -121.500730063530597, 45.246633633702722 ], [ -121.5006071778066, 45.246657470349277 ], [ -121.500573388565641, 45.246570780806522 ], [ -121.50045050290116, 45.246594617306442 ], [ -121.500416713894467, 45.246507927737781 ], [ -121.5002938282895, 45.24653176409111 ], [ -121.500260039517059, 45.246445074496499 ], [ -121.500137153971608, 45.246468910703257 ], [ -121.500103365433418, 45.246382221082705 ], [ -121.499980479947482, 45.24640605714287 ], [ -121.499946691643586, 45.246319367496383 ], [ -121.499823806217108, 45.246343203409943 ], [ -121.499790018147493, 45.246256513737535 ], [ -121.499667132780559, 45.246280349504516 ], [ -121.499633344945195, 45.246193659806188 ], [ -121.499510459637747, 45.246217495426528 ], [ -121.499476672036664, 45.246130805702279 ], [ -121.499353786788731, 45.246154641176105 ], [ -121.499319999421914, 45.2460679514259 ], [ -121.499197114233496, 45.246091786753105 ], [ -121.499163327100945, 45.246005096977001 ], [ -121.499040441972014, 45.2460289321576 ], [ -121.499006655073728, 45.245942242355568 ], [ -121.498883770004312, 45.245966077389518 ], [ -121.498849983340307, 45.245879387561551 ], [ -121.49872709833042, 45.245903222448995 ], [ -121.498693311900652, 45.245816532595136 ], [ -121.498570426950252, 45.245840367335944 ], [ -121.498536640754764, 45.245753677456129 ], [ -121.498413755863893, 45.245777512050338 ], [ -121.498379969902672, 45.245690822144567 ], [ -121.498257085071316, 45.245714656592213 ], [ -121.498223299344332, 45.245627966660535 ], [ -121.498100414572477, 45.245651800961625 ], [ -121.498066629079787, 45.24556511100397 ], [ -121.497943744367433, 45.245588945158467 ], [ -121.497909959109009, 45.245502255174955 ], [ -121.49778707445617, 45.24552608918281 ], [ -121.497753289431998, 45.245439399173357 ], [ -121.497630404838674, 45.245463233034592 ], [ -121.497596620048768, 45.245376542999232 ], [ -121.497473735514959, 45.245400376713896 ], [ -121.497439950959318, 45.245313686652622 ], [ -121.497317066485024, 45.245337520220751 ], [ -121.497283282163622, 45.2452508301335 ], [ -121.497160397748857, 45.245274663554973 ], [ -121.49712661366172, 45.245187973441872 ], [ -121.497003729306485, 45.245211806716789 ], [ -121.496969945453586, 45.24512511657769 ], [ -121.496847061157865, 45.245148949706021 ], [ -121.496813277539246, 45.245062259541022 ], [ -121.496690393303027, 45.245086092522762 ], [ -121.496656609918674, 45.244999402331828 ], [ -121.496533725741969, 45.245023235166968 ], [ -121.496499942591853, 45.244936544950136 ], [ -121.496377058474678, 45.244960377638719 ], [ -121.496343275558829, 45.244873687395888 ], [ -121.496220391501183, 45.244897519937922 ], [ -121.496186608819571, 45.24481082966922 ], [ -121.49606372482144, 45.244834662064612 ], [ -121.496029942374108, 45.244747971769947 ], [ -121.495907058435492, 45.244771804018789 ], [ -121.495873276222383, 45.24468511369821 ], [ -121.495750392343311, 45.244708945800461 ], [ -121.495716610364454, 45.244622255453997 ], [ -121.495593726544897, 45.244646087409585 ], [ -121.495559944800306, 45.244559397037229 ], [ -121.495437061040263, 45.244583228846246 ], [ -121.495403279529938, 45.244496538447933 ], [ -121.495280395829425, 45.244520370110429 ], [ -121.495246614553324, 45.244433679686168 ], [ -121.49512373091234, 45.244457511202022 ], [ -121.49508994987049, 45.24437082075189 ], [ -121.494967066289036, 45.244394652121201 ], [ -121.494933285481437, 45.244307961645113 ], [ -121.494810401959498, 45.24433179286779 ], [ -121.494776621386166, 45.244245102365788 ], [ -121.49465373792377, 45.244268933441901 ], [ -121.494619957584661, 45.244182242913958 ], [ -121.494497074181808, 45.244206073843529 ], [ -121.494463294076951, 45.244119383289679 ], [ -121.494340410733585, 45.244143214072629 ], [ -121.49430663086298, 45.244056523492851 ], [ -121.494183747579171, 45.24408035412921 ], [ -121.494149967942803, 45.24399366352354 ], [ -121.494027084718525, 45.24401749401332 ], [ -121.493993305316422, 45.243930803381701 ], [ -121.493870422151645, 45.243954633724876 ], [ -121.49383664298378, 45.243867943067393 ], [ -121.49371375987856, 45.243891773263996 ], [ -121.493679980944933, 45.243805082580565 ], [ -121.493557097899242, 45.243828912630541 ], [ -121.493523319199866, 45.243742221921146 ], [ -121.493400436213719, 45.243766051824643 ], [ -121.493366657748581, 45.243679361089399 ], [ -121.493243774821948, 45.243703190846254 ], [ -121.493209996591048, 45.243616500085018 ], [ -121.493087113723959, 45.243640329695275 ], [ -121.493053335727296, 45.243553638908175 ], [ -121.492930452919751, 45.243577468371875 ], [ -121.492862897482269, 45.243404086755717 ], [ -121.492985779996076, 45.24338025736381 ], [ -121.492952002261475, 45.24329356660656 ], [ -121.493074884541002, 45.243269737139769 ], [ -121.493041106746887, 45.243183046428399 ], [ -121.492918224614215, 45.243206875859229 ], [ -121.492884447054337, 45.24312018512196 ], [ -121.492761564981222, 45.243144014406276 ], [ -121.492727787655554, 45.243057323643001 ], [ -121.492850669581799, 45.243033494394545 ], [ -121.492783114898771, 45.242860112969694 ], [ -121.492905996443881, 45.242836283682323 ], [ -121.492838441816502, 45.24266290236902 ], [ -121.492715560565159, 45.242686731584648 ], [ -121.492681783529363, 45.24260004090705 ], [ -121.492558902337549, 45.242623869976079 ], [ -121.492525125535991, 45.242537179272624 ], [ -121.492402244403721, 45.242561008195054 ], [ -121.492368467836414, 45.242474317465621 ], [ -121.492245586763687, 45.242498146241523 ], [ -121.492211810430589, 45.242411455486199 ], [ -121.492088929417406, 45.242435284115516 ], [ -121.492055153318546, 45.242348593334178 ], [ -121.491932272364878, 45.242372421816924 ], [ -121.491898496500255, 45.24228573100978 ], [ -121.49177561560613, 45.242309559345905 ], [ -121.491741839975731, 45.242222868512805 ], [ -121.491618959141164, 45.242246696702416 ], [ -121.491585183744974, 45.242160005843367 ], [ -121.491462302969921, 45.242183833886351 ], [ -121.491428527808011, 45.242097143001402 ], [ -121.491305647092503, 45.242120970897858 ], [ -121.491271872164802, 45.242034279986974 ], [ -121.491148991508823, 45.242058107736831 ], [ -121.491115216815359, 45.24197141680002 ], [ -121.490992336218937, 45.241995244403313 ], [ -121.490958561759697, 45.241908553440624 ], [ -121.490835681222805, 45.241932380897325 ], [ -121.490801906997802, 45.241845689908672 ], [ -121.490679026520439, 45.241869517218831 ], [ -121.49064525252966, 45.241782826204322 ], [ -121.490522372111855, 45.241806653367881 ], [ -121.490488598355284, 45.241719962327402 ], [ -121.490365717997037, 45.241743789344348 ], [ -121.490331944474676, 45.241657098278004 ], [ -121.490209064175971, 45.241680925148394 ], [ -121.490175290887862, 45.241594234056137 ], [ -121.490052410648701, 45.241618060779956 ], [ -121.490018637594801, 45.241531369661743 ], [ -121.489895757415198, 45.241555196239034 ], [ -121.489861984595521, 45.241468505094907 ], [ -121.489739104475461, 45.241492331525563 ], [ -121.489705331889994, 45.241405640355516 ], [ -121.489582451829477, 45.241429466639637 ], [ -121.489548679478247, 45.241342775443655 ], [ -121.489425799477274, 45.241366601581177 ], [ -121.489392027360267, 45.241279910359331 ], [ -121.489269147418852, 45.241303736350282 ], [ -121.489235375536055, 45.241217045102537 ], [ -121.489112495654183, 45.241240870946903 ], [ -121.489078724005608, 45.241154179673181 ], [ -121.488955844183295, 45.241178005370998 ], [ -121.488922072768943, 45.241091314071411 ], [ -121.488799193006173, 45.2411151396226 ], [ -121.488765421826031, 45.241028448297115 ], [ -121.488642542122818, 45.241052273701783 ], [ -121.488608771176899, 45.240965582350341 ], [ -121.48848589153323, 45.240989407608467 ], [ -121.488452120821549, 45.240902716231098 ], [ -121.488329241237423, 45.240926541342589 ], [ -121.488295470759951, 45.240839849939313 ], [ -121.488172591235369, 45.240863674904297 ], [ -121.48813882099212, 45.240776983475122 ], [ -121.488015941527095, 45.240800808293521 ], [ -121.48798217151807, 45.240714116838376 ], [ -121.487859292112603, 45.240737941510197 ], [ -121.487825522337758, 45.240651250029195 ], [ -121.487702642991877, 45.240675074554417 ], [ -121.487668873451241, 45.24058838304753 ], [ -121.487545994164918, 45.240612207426175 ], [ -121.487512224858506, 45.240525515893339 ], [ -121.487389345631726, 45.24054934012544 ], [ -121.487355576559523, 45.240462648566663 ], [ -121.487232697392315, 45.240486472652208 ], [ -121.487198928554335, 45.24039978106758 ], [ -121.487076049446642, 45.240423605006526 ], [ -121.487042280842886, 45.240336913395936 ], [ -121.486919401794765, 45.24036073718834 ], [ -121.486885633425217, 45.240274045551836 ], [ -121.486762754436654, 45.240297869197668 ], [ -121.486728986301316, 45.240211177535244 ], [ -121.48660610737231, 45.240235001034499 ], [ -121.486572339471195, 45.240148309346218 ], [ -121.486449460601747, 45.240172132698895 ], [ -121.486415692934827, 45.240085440984657 ], [ -121.486292814124951, 45.240109264190778 ], [ -121.48625904669224, 45.240022572450691 ], [ -121.486136167941922, 45.240046395510205 ], [ -121.486102400743405, 45.239959703744177 ], [ -121.485979522052659, 45.239983526657142 ], [ -121.485945755088366, 45.239896834865185 ], [ -121.485822876457178, 45.239920657631636 ], [ -121.485789109727094, 45.239833965813759 ], [ -121.485666231155449, 45.239857788433618 ], [ -121.48563246465956, 45.239771096589806 ], [ -121.485509586147529, 45.239794919063115 ], [ -121.485475819885821, 45.239708227193411 ], [ -121.485352941433334, 45.23973204952015 ], [ -121.485319175405877, 45.239645357624553 ], [ -121.485196297012934, 45.239669179804707 ], [ -121.485162531219657, 45.239582487883183 ], [ -121.4850396528863, 45.239606309916809 ], [ -121.485005887327219, 45.239519617969322 ], [ -121.484883009053434, 45.239543439856355 ], [ -121.484849243728561, 45.239456747883033 ], [ -121.484726365514348, 45.23948056962351 ], [ -121.484692600423671, 45.239393877624273 ], [ -121.484569722269015, 45.239417699218158 ], [ -121.484535957412547, 45.23933100719298 ], [ -121.484413079317463, 45.23935482864033 ], [ -121.48437931469519, 45.239268136589246 ], [ -121.484256436659692, 45.239291957890075 ], [ -121.484222672271628, 45.239205265813098 ], [ -121.484099794295673, 45.239229086967327 ], [ -121.484066030141804, 45.239142394864409 ], [ -121.483943152225407, 45.239166215872061 ], [ -121.483909388305761, 45.239079523743278 ], [ -121.483786510448965, 45.239103344604395 ], [ -121.4837527467635, 45.239016652449656 ], [ -121.483629868966261, 45.239040473164174 ], [ -121.483596105514977, 45.238953780983564 ], [ -121.483473227777324, 45.238977601551539 ], [ -121.483439464560249, 45.238890909344988 ], [ -121.483316586882168, 45.2389147297664 ], [ -121.483282823899302, 45.238828037533992 ], [ -121.483159946280793, 45.23885185780879 ], [ -121.483126183532093, 45.238765165550475 ], [ -121.48300330597317, 45.238788985678752 ], [ -121.482969543458694, 45.238702293394518 ], [ -121.482846665959329, 45.238726113376231 ], [ -121.482812903679047, 45.238639421066047 ], [ -121.48269002623924, 45.238663240901232 ], [ -121.482656264193153, 45.238576548565163 ], [ -121.482533386812946, 45.238600368253813 ], [ -121.48249962500104, 45.238513675891824 ], [ -121.482376747680405, 45.238537495433839 ], [ -121.482342986102708, 45.238450803045943 ], [ -121.482220108841659, 45.238474622441416 ], [ -121.482186347498143, 45.23838793002767 ], [ -121.48206347029668, 45.238411749276544 ], [ -121.482029709187344, 45.238325056836906 ], [ -121.481906832045453, 45.238348875939231 ], [ -121.481873071170313, 45.238262183473658 ], [ -121.481750194088008, 45.23828600242939 ], [ -121.481716433447048, 45.238199309937933 ], [ -121.481593556424315, 45.238223128747158 ], [ -121.481559796017578, 45.23813643622978 ], [ -121.481436919054403, 45.238160254892485 ], [ -121.481403158881832, 45.238073562349179 ], [ -121.481280281978286, 45.238097380865277 ], [ -121.481246522039896, 45.238010688296036 ], [ -121.481123645195908, 45.238034506665585 ], [ -121.481089885491727, 45.237947814070516 ], [ -121.480967008707324, 45.237971632293487 ], [ -121.480933249237324, 45.237884939672476 ], [ -121.480810372512522, 45.237908757748919 ], [ -121.480776613276674, 45.237822065101987 ], [ -121.480653736611458, 45.237845883031881 ], [ -121.48061997760982, 45.237759190359071 ], [ -121.480497101004175, 45.23778300814238 ], [ -121.480463342236746, 45.237696315443628 ], [ -121.480340465690659, 45.23772013308043 ], [ -121.480306707157425, 45.237633440355815 ], [ -121.480183830670924, 45.237657257845989 ], [ -121.480150072371856, 45.23757056509541 ], [ -121.48002719594497, 45.23759438243907 ], [ -121.479993437880069, 45.237507689662664 ], [ -121.479870561512783, 45.237531506859753 ], [ -121.479836803682062, 45.237444814057383 ], [ -121.479713927374362, 45.237468631107944 ], [ -121.479680169777808, 45.237381938279746 ], [ -121.479557293529709, 45.237405755183708 ], [ -121.479523536167349, 45.237319062329576 ], [ -121.479400659978836, 45.23734287908696 ], [ -121.479366902850657, 45.237256186206935 ], [ -121.47924402672173, 45.237280002817798 ], [ -121.479210269827732, 45.237193309911873 ], [ -121.479087393758377, 45.237217126376201 ], [ -121.479053637098559, 45.237130433444307 ], [ -121.478930761088819, 45.237154249762064 ], [ -121.478897004663196, 45.237067556804298 ], [ -121.478774128713042, 45.237091372975549 ], [ -121.478740372521585, 45.23700467999187 ], [ -121.478617496631003, 45.237028496016549 ], [ -121.478583740673727, 45.236941803006978 ], [ -121.478460864842759, 45.236965618885087 ], [ -121.47842710911965, 45.236878925849609 ], [ -121.478304233348283, 45.236902741581162 ], [ -121.478270477859368, 45.236816048519813 ], [ -121.478147602147573, 45.236839864104795 ], [ -121.478113846892825, 45.236753171017568 ], [ -121.477990971240629, 45.236776986455972 ], [ -121.477957216220076, 45.236690293342832 ], [ -121.477834340627467, 45.236714108634736 ], [ -121.477800585841081, 45.23662741549564 ], [ -121.477677710308086, 45.236651230641037 ], [ -121.477643955755866, 45.236564537476028 ], [ -121.477521080282457, 45.23658835247484 ], [ -121.477487325964404, 45.236501659283938 ], [ -121.477364450550624, 45.236525474136165 ], [ -121.477330696466751, 45.236438780919393 ], [ -121.477207821112557, 45.236462595625127 ], [ -121.477174067262823, 45.236375902382406 ], [ -121.477051191968243, 45.236399716941598 ], [ -121.477017438352703, 45.236313023672992 ], [ -121.476894563117696, 45.236336838085634 ], [ -121.476860809736351, 45.236250144791086 ], [ -121.476737934560958, 45.236273959057129 ], [ -121.476636675381229, 45.236013879125885 ], [ -121.476513800559175, 45.236037693173706 ], [ -121.476378790129019, 45.235690919927883 ], [ -121.476255915807258, 45.235714733721615 ], [ -121.476188411409652, 45.235541347086709 ], [ -121.476065537294375, 45.235565160697959 ], [ -121.47603178537338, 45.235478467359613 ], [ -121.475908911317688, 45.235502280824399 ], [ -121.475841408031286, 45.235328894105784 ], [ -121.475718534182107, 45.235352707388124 ], [ -121.4756847828167, 45.235266014007919 ], [ -121.475561909027135, 45.235289827143738 ], [ -121.475528157895894, 45.235203133737571 ], [ -121.475405284165916, 45.23522694672689 ], [ -121.475371533268842, 45.235140253294873 ], [ -121.475248659598464, 45.235164066137585 ], [ -121.47511365747043, 45.234817292365555 ], [ -121.474990784300346, 45.234841104954185 ], [ -121.474923284053745, 45.234667718056173 ], [ -121.474800411090129, 45.234691530462406 ], [ -121.474732911486399, 45.234518143532476 ], [ -121.474610038729267, 45.23454195575637 ], [ -121.47444129198162, 45.234108488426322 ], [ -121.47456416400432, 45.234084676381642 ], [ -121.474530414769745, 45.233997982981322 ], [ -121.474407542893886, 45.234021794990149 ], [ -121.474238798764361, 45.233588327958429 ], [ -121.474115927535664, 45.233612139677348 ], [ -121.473947186322249, 45.233178672714949 ], [ -121.473824315740671, 45.233202484143973 ], [ -121.473790567906661, 45.23311579074548 ], [ -121.473913438341384, 45.233091979352267 ], [ -121.473812194922345, 45.232831899323955 ], [ -121.473689324928245, 45.232855710609606 ], [ -121.47365557744331, 45.232769017250902 ], [ -121.473532707508838, 45.232792828390011 ], [ -121.473498960258041, 45.23270613500538 ], [ -121.473376090383184, 45.232729945998003 ], [ -121.473342343366539, 45.232643252587472 ], [ -121.473219473551296, 45.232667063433517 ], [ -121.473185726768776, 45.232580369997095 ], [ -121.473062857013147, 45.232604180696612 ], [ -121.473029110464751, 45.232517487234297 ], [ -121.472906240768737, 45.232541297787236 ], [ -121.472872494454506, 45.232454604299029 ], [ -121.472749624818121, 45.232478414705469 ], [ -121.472715878738001, 45.232391721191391 ], [ -121.472593009161216, 45.232415531451331 ], [ -121.472559263315262, 45.232328837911282 ], [ -121.472436393798077, 45.23235264802463 ], [ -121.472402648186261, 45.232265954458754 ], [ -121.472279778728691, 45.232289764425616 ], [ -121.472246033351013, 45.232203070833755 ], [ -121.472123163953057, 45.232226880654089 ], [ -121.472089418809531, 45.232140187036421 ], [ -121.471966549471219, 45.232163996710177 ], [ -121.471932804561803, 45.232077303066546 ], [ -121.471809935283076, 45.232101112593774 ], [ -121.471776190607798, 45.232014418924287 ], [ -121.471653321388715, 45.232038228304972 ], [ -121.471619576947575, 45.231951534609578 ], [ -121.471496707788106, 45.231975343843736 ], [ -121.471462963581075, 45.231888650122457 ], [ -121.471340094481235, 45.231912459210058 ], [ -121.471306350508343, 45.231825765462872 ], [ -121.471183481468117, 45.231849574403995 ], [ -121.471149737729363, 45.231762880630917 ], [ -121.47102686874878, 45.231786689425469 ], [ -121.470993125244149, 45.231699995626485 ], [ -121.470870256323167, 45.231723804274559 ], [ -121.470836513052674, 45.231637110449704 ], [ -121.470713644191321, 45.231660918951185 ], [ -121.470679901154966, 45.23157422510036 ], [ -121.470557032353227, 45.231598033455349 ], [ -121.470523289551011, 45.231511339578688 ], [ -121.470400420808886, 45.231535147787156 ], [ -121.470366678240794, 45.23144845388456 ], [ -121.470243809558312, 45.231472261946486 ], [ -121.470210067224343, 45.231385568018048 ], [ -121.470087198601476, 45.231409375933396 ], [ -121.470053456501631, 45.231322681979044 ], [ -121.469930587938407, 45.231346489747899 ], [ -121.469896846072686, 45.231259795767642 ], [ -121.469773977569076, 45.231283603390011 ], [ -121.469740235937479, 45.231196909383826 ], [ -121.469617367493512, 45.231220716859632 ], [ -121.469583626096039, 45.231134022827597 ], [ -121.469460757711687, 45.231157830156846 ], [ -121.469427016548352, 45.231071136098905 ], [ -121.469181279811664, 45.231118750353637 ], [ -121.469147539029322, 45.231032056234035 ], [ -121.469024670676987, 45.231055863159511 ], [ -121.468990930128768, 45.230969169013967 ], [ -121.468745193456101, 45.231016782461161 ], [ -121.468711453288876, 45.230930088253906 ], [ -121.468588584968572, 45.230953894775666 ], [ -121.46855484503547, 45.230867200542505 ], [ -121.468431976774781, 45.230891006917702 ], [ -121.468398237075803, 45.23080431265867 ], [ -121.468275368874757, 45.230828118887345 ], [ -121.468241629409903, 45.230741424602414 ], [ -121.468118761268471, 45.230765230684568 ], [ -121.468085022037741, 45.230678536373716 ], [ -121.467962153955952, 45.2307023423093 ], [ -121.46792841495936, 45.230615647972634 ], [ -121.467682678827813, 45.230663259440092 ], [ -121.467648940212186, 45.230576565041602 ], [ -121.467526072162428, 45.230600370573505 ], [ -121.467492333780953, 45.230513676149165 ], [ -121.46736946579081, 45.230537481534512 ], [ -121.46733572764343, 45.230450787084287 ], [ -121.467212859712959, 45.230474592323098 ], [ -121.467179121799717, 45.230387897847017 ], [ -121.46705625392886, 45.230411702939293 ], [ -121.467022516249727, 45.230325008437291 ], [ -121.466899648438513, 45.230348813383031 ], [ -121.466865910993477, 45.23026211885513 ], [ -121.466743043241934, 45.230285923654357 ], [ -121.466709306031035, 45.230199229100592 ], [ -121.466586438339093, 45.23022303375329 ], [ -121.466552701362289, 45.230136339173612 ], [ -121.466429833730018, 45.230160143679797 ], [ -121.466396096987324, 45.230073449074212 ], [ -121.46627322941471, 45.230097253433904 ], [ -121.466239492906126, 45.230010558802434 ], [ -121.465993757792916, 45.230058167117996 ], [ -121.465960021665339, 45.229971472424836 ], [ -121.465714286496905, 45.230019080225937 ], [ -121.465680550750335, 45.229932385471045 ], [ -121.465434815526748, 45.229979992757706 ], [ -121.465401080161158, 45.229893297941146 ], [ -121.465278212565408, 45.229917101382625 ], [ -121.465244477433899, 45.229830406540131 ], [ -121.464875874563873, 45.229901816092799 ], [ -121.464842139960268, 45.229815121152754 ], [ -121.464596404571168, 45.229862726896052 ], [ -121.46456267034857, 45.229776031894367 ], [ -121.464439802670043, 45.229799834564098 ], [ -121.464406068681527, 45.22971313953655 ], [ -121.464037465563266, 45.229784546774184 ], [ -121.464003732102626, 45.229697851649071 ], [ -121.46388086436896, 45.229721653804376 ], [ -121.46384713114243, 45.229634958653364 ], [ -121.463109923790029, 45.229777769045633 ], [ -121.463076191531982, 45.229691073689636 ], [ -121.462953323481514, 45.2297148749984 ], [ -121.462919591457592, 45.229628179616519 ], [ -121.462796723466795, 45.229651980778762 ], [ -121.462762991676954, 45.229565285370988 ], [ -121.462517255727448, 45.229612887291701 ], [ -121.462483524318614, 45.229526191822281 ], [ -121.462360656359891, 45.229549992580758 ], [ -121.462326925185153, 45.229463297085445 ], [ -121.462204057286101, 45.229487097697394 ], [ -121.4621703263455, 45.229400402176189 ], [ -121.462047458506092, 45.22942420264166 ], [ -121.462013727799587, 45.229337507094534 ], [ -121.461767992152886, 45.229385107621688 ], [ -121.461734261827374, 45.229298412012895 ], [ -121.461611394020082, 45.229322212074628 ], [ -121.461577663928651, 45.229235516439942 ], [ -121.461331928346169, 45.229283116159586 ], [ -121.461298198635731, 45.229196420463225 ], [ -121.461175330860556, 45.229220220121135 ], [ -121.461141601384227, 45.229133524398961 ], [ -121.461018733668709, 45.22915732391035 ], [ -121.460985004426476, 45.229070628162205 ], [ -121.460862136770615, 45.229094427527173 ], [ -121.460828407762477, 45.229007731753093 ], [ -121.459722596257137, 45.229221920733423 ], [ -121.459688868658176, 45.229135224646996 ], [ -121.458705920342496, 45.229325607037374 ], [ -121.458672194005842, 45.229238910674397 ], [ -121.457934979987598, 45.229381692602672 ], [ -121.457968705442909, 45.229468389180582 ], [ -121.457722966445388, 45.229515982342612 ], [ -121.457689241283845, 45.229429285693101 ], [ -121.457443502231285, 45.229476878340719 ], [ -121.457477227099034, 45.229563575061889 ], [ -121.457231487403845, 45.229611167338291 ], [ -121.457197762829864, 45.229524470545549 ], [ -121.456337672177995, 45.229691039775076 ], [ -121.456371395723707, 45.229777736818491 ], [ -121.455511299770578, 45.229944300874131 ], [ -121.455545022375219, 45.230030998178151 ], [ -121.455299279595707, 45.230078586983595 ], [ -121.455265557284832, 45.229991889607881 ], [ -121.454774071267025, 45.230087065746936 ], [ -121.454740349630967, 45.230000368237974 ], [ -121.454371734642677, 45.230071749072373 ], [ -121.454338013534539, 45.229985051465938 ], [ -121.454092270066795, 45.230032638063754 ], [ -121.454058549339649, 45.229945940395538 ], [ -121.453812805816952, 45.229993526478886 ], [ -121.453779085470771, 45.229906828749037 ], [ -121.453533341893092, 45.229954414317909 ], [ -121.453499621927918, 45.229867716526414 ], [ -121.453131006348144, 45.229939093941951 ], [ -121.453164725872597, 45.230025791840909 ], [ -121.453041853691374, 45.230049584127137 ], [ -121.453008134313819, 45.229962886192418 ], [ -121.45276238998359, 45.230010470361172 ], [ -121.452728670987042, 45.229923772364771 ], [ -121.452605798838036, 45.22994756424724 ], [ -121.452572080075569, 45.229860866224996 ], [ -121.452203463546113, 45.229932241100784 ], [ -121.452169745311551, 45.229845542981025 ], [ -121.451801128438106, 45.229916916753005 ], [ -121.451767410731435, 45.229830218535781 ], [ -121.451521666006997, 45.229877800425257 ], [ -121.45155538341983, 45.229964498714153 ], [ -121.451432510779924, 45.229988289528585 ], [ -121.451398793513974, 45.229901591203934 ], [ -121.451153048266406, 45.229949172429151 ], [ -121.451119331381435, 45.229862474042889 ], [ -121.450873586078899, 45.229910054753638 ], [ -121.450839869574963, 45.229823356305687 ], [ -121.450594124217488, 45.229870936501968 ], [ -121.450627840427615, 45.229957635021513 ], [ -121.450504967471204, 45.22998142498944 ], [ -121.450471251407976, 45.229894726434075 ], [ -121.450348378511279, 45.229918516255417 ], [ -121.450314662682132, 45.22983181767416 ], [ -121.45019178984515, 45.229855607349037 ], [ -121.450158074250112, 45.229768908741988 ], [ -121.450035201472858, 45.22979269827033 ], [ -121.450001486111887, 45.229705999637346 ], [ -121.449878613394347, 45.229729789019181 ], [ -121.449844898267472, 45.229643090360369 ], [ -121.449722025609674, 45.229666879595683 ], [ -121.44968831071688, 45.229580180911022 ], [ -121.449565438118796, 45.229603969999779 ], [ -121.449531723460098, 45.229517271289311 ], [ -121.449408850921728, 45.229541060231575 ], [ -121.449375136497139, 45.229454361495222 ], [ -121.449252264018497, 45.229478150291015 ], [ -121.449218549827975, 45.229391451528755 ], [ -121.448849932309713, 45.229462817144345 ], [ -121.448816218647082, 45.229376118284677 ], [ -121.448693346113529, 45.229399906565966 ], [ -121.448659632685008, 45.22931320768047 ], [ -121.448291015001999, 45.229384571752739 ], [ -121.448257302101382, 45.229297872769685 ], [ -121.448134429512947, 45.229321660536556 ], [ -121.448168142266653, 45.229408359555315 ], [ -121.447676650453488, 45.229503509658826 ], [ -121.447642938287387, 45.229416810496822 ], [ -121.44739719215157, 45.229464384812708 ], [ -121.447430904023832, 45.229551084046285 ], [ -121.447185157245471, 45.229598657990877 ], [ -121.447151445667046, 45.229511958685713 ], [ -121.446414204121254, 45.229654677647552 ], [ -121.446380493511441, 45.229567978137545 ], [ -121.44613474592596, 45.229615550167509 ], [ -121.446101035697154, 45.229528850595862 ], [ -121.445855288056805, 45.22957642211135 ], [ -121.445821578208978, 45.22948972247805 ], [ -121.44569870440499, 45.229513508033882 ], [ -121.445664994791258, 45.229426808374733 ], [ -121.445542121046984, 45.229450593784115 ], [ -121.445508411667333, 45.229363894099066 ], [ -121.445385537982801, 45.229387679361906 ], [ -121.445351828837246, 45.229300979651079 ], [ -121.445228955212471, 45.229324764767412 ], [ -121.445195246300997, 45.2292380650307 ], [ -121.44507237273595, 45.229261850000498 ], [ -121.445038664058544, 45.22917515023795 ], [ -121.444915790553253, 45.229198935061291 ], [ -121.444882082109928, 45.229112235272822 ], [ -121.444759208664379, 45.229136019949642 ], [ -121.444725500455149, 45.22904932013541 ], [ -121.444602627069344, 45.229073104665716 ], [ -121.444568919094166, 45.228986404825598 ], [ -121.444446045768132, 45.229010189209355 ], [ -121.44441233802705, 45.22892348934343 ], [ -121.44392084443885, 45.229018625628257 ], [ -121.443887137372585, 45.228931925629077 ], [ -121.443764263904541, 45.228955709387691 ], [ -121.443730557072342, 45.228869009362704 ], [ -121.443361936585987, 45.22894035986689 ], [ -121.443328230281708, 45.228853659744388 ], [ -121.443205356758824, 45.228877442988569 ], [ -121.443171650688612, 45.228790742840282 ], [ -121.443048777225499, 45.228814525937914 ], [ -121.443015071389397, 45.228727825763762 ], [ -121.442892197986026, 45.228751608714894 ], [ -121.442858492383991, 45.228664908514887 ], [ -121.442735619040363, 45.228688691319569 ], [ -121.442701913672394, 45.228601991093711 ], [ -121.442579040388566, 45.228625773751844 ], [ -121.44254533525465, 45.228539073500194 ], [ -121.442176715320898, 45.228610420702935 ], [ -121.442143010714915, 45.228523720353799 ], [ -121.441651516837382, 45.228618848264254 ], [ -121.441617812906202, 45.228532147781934 ], [ -121.441003444332907, 45.228651054999951 ], [ -121.440969741223455, 45.228564354348563 ], [ -121.440846867394242, 45.228588135424246 ], [ -121.440813164518886, 45.228501434747081 ], [ -121.440690290749444, 45.228525215676228 ], [ -121.440656588108155, 45.228438514973163 ], [ -121.440533714398484, 45.228462295755882 ], [ -121.440500011991247, 45.228375595026996 ], [ -121.440377138341319, 45.228399375663138 ], [ -121.440343436168178, 45.228312674908423 ], [ -121.440220562578048, 45.228336455398065 ], [ -121.44018686063896, 45.228249754617522 ], [ -121.440063987108573, 45.228273534960636 ], [ -121.440030285403552, 45.228186834154258 ], [ -121.439907411932964, 45.228210614350914 ], [ -121.43987371046201, 45.228123913518694 ], [ -121.439750837051164, 45.228147693568765 ], [ -121.439717135814263, 45.228060992710752 ], [ -121.439594262463217, 45.228084772614352 ], [ -121.439560561460382, 45.227998071730426 ], [ -121.439437688169107, 45.228021851487497 ], [ -121.43940398740034, 45.2279351505778 ], [ -121.439281114168821, 45.227958930188414 ], [ -121.439247413634121, 45.22787222925286 ], [ -121.439124540462373, 45.227896008716954 ], [ -121.439090840161754, 45.227809307755557 ], [ -121.438967967049777, 45.227833087073158 ], [ -121.438934266983196, 45.227746386085876 ], [ -121.43881139393099, 45.227770165256977 ], [ -121.438777694098505, 45.227683464243903 ], [ -121.43865482110607, 45.227707243268483 ], [ -121.438621121507623, 45.227620542229545 ], [ -121.438498248574973, 45.227644321107597 ], [ -121.438464549210579, 45.227557620042887 ], [ -121.438341676337714, 45.227581398774454 ], [ -121.438307977207387, 45.227494697683845 ], [ -121.438185104394279, 45.227518476268934 ], [ -121.438151405498019, 45.227431775152517 ], [ -121.43802853274471, 45.227455553591035 ], [ -121.437994834082488, 45.227368852448812 ], [ -121.437871961388936, 45.22739263074088 ], [ -121.43783826296081, 45.227305929572779 ], [ -121.437715390327028, 45.227329707718326 ], [ -121.437681692132941, 45.227243006524418 ], [ -121.437558819558959, 45.227266784523444 ], [ -121.437525121598924, 45.227180083303686 ], [ -121.437402249084712, 45.227203861156255 ], [ -121.437368551358745, 45.227117159910655 ], [ -121.437245678904304, 45.227140937616753 ], [ -121.437211981412403, 45.22705423634531 ], [ -121.437089109017748, 45.227078013904844 ], [ -121.437055411759886, 45.226991312607574 ], [ -121.436932539425015, 45.227015090020608 ], [ -121.436898842401234, 45.226928388697516 ], [ -121.436775970126121, 45.226952165964072 ], [ -121.436742273336378, 45.22686546461513 ], [ -121.436619401121064, 45.226889241735179 ], [ -121.436585704565388, 45.226802540360403 ], [ -121.436462832409845, 45.226826317333966 ], [ -121.436429136088236, 45.226739615933333 ], [ -121.436306263992478, 45.226763392760382 ], [ -121.436272567904879, 45.226676691333964 ], [ -121.43614969586892, 45.226700468014513 ], [ -121.436116000015389, 45.226613766562267 ], [ -121.435993128039215, 45.226637543096295 ], [ -121.43595943241975, 45.226550841618213 ], [ -121.436082304248998, 45.226527065119932 ], [ -121.43604860856972, 45.22644036368758 ], [ -121.435925736887398, 45.226464140150021 ], [ -121.435892041442159, 45.226377438691841 ], [ -121.436014912977598, 45.226353662265105 ], [ -121.435981217472573, 45.226266960852627 ], [ -121.435858346084075, 45.226290737243552 ], [ -121.435790955629301, 45.226117334376873 ], [ -121.435668084447514, 45.226141110585523 ], [ -121.435634389497736, 45.226054409131343 ], [ -121.435511518375719, 45.226078185193465 ], [ -121.435444129031396, 45.225904782243362 ], [ -121.435566999859574, 45.225881006252749 ], [ -121.435533305171191, 45.225794304828405 ], [ -121.435410434489924, 45.225818080783263 ], [ -121.435376740035579, 45.225731379332991 ], [ -121.435253869414097, 45.225755155141378 ], [ -121.435152787014616, 45.22549505074312 ], [ -121.435275657195334, 45.225471275042111 ], [ -121.434938720057744, 45.224604261385501 ], [ -121.43481585134613, 45.224628036728696 ], [ -121.434748465257954, 45.224454634045166 ], [ -121.434871333675716, 45.224430858773516 ], [ -121.434837640615413, 45.224344157482427 ], [ -121.434714772344549, 45.224367932718323 ], [ -121.434647386779062, 45.224194530094401 ], [ -121.434770254756131, 45.224170754930064 ], [ -121.434736561957166, 45.224084053668811 ], [ -121.434613694127023, 45.224107828797344 ], [ -121.434580001562111, 45.224021127510305 ], [ -121.434702869245342, 45.223997352417491 ], [ -121.434669176620616, 45.223910651176134 ], [ -121.434546309084311, 45.223934426233093 ], [ -121.434512616693638, 45.223847724965928 ], [ -121.434389749217118, 45.223871499876402 ], [ -121.434356057060455, 45.22378479858336 ], [ -121.434233189643706, 45.223808573347355 ], [ -121.434199497721096, 45.223721872028442 ], [ -121.434076630364146, 45.223745646645973 ], [ -121.43404293867556, 45.223658945301288 ], [ -121.433920071378395, 45.223682719772341 ], [ -121.43388637992382, 45.223596018401757 ], [ -121.433763512686454, 45.223619792726296 ], [ -121.433729821465917, 45.223533091329934 ], [ -121.433606954288351, 45.223556865507952 ], [ -121.433573263301824, 45.223470164085754 ], [ -121.433450396184043, 45.223493938117329 ], [ -121.433416705431554, 45.223407236669225 ], [ -121.433293838373572, 45.223431010554371 ], [ -121.433260147855094, 45.223344309080439 ], [ -121.433137280856911, 45.223368082819043 ], [ -121.433103590572472, 45.223281381319325 ], [ -121.43298072363406, 45.223305154911422 ], [ -121.432947033583659, 45.223218453385869 ], [ -121.432824166705061, 45.223242226831481 ], [ -121.43279047688867, 45.223155525280077 ], [ -121.432667610069842, 45.223179298579204 ], [ -121.432633920487461, 45.223092597001958 ], [ -121.432511053728462, 45.223116370154592 ], [ -121.432477364380119, 45.223029668551625 ], [ -121.432354497680905, 45.223053441557781 ], [ -121.432320808566587, 45.222966739928857 ], [ -121.432197941927129, 45.222990512788577 ], [ -121.432164253046849, 45.22290381113379 ], [ -121.431918519800476, 45.222951356449485 ], [ -121.431884831301119, 45.222864654733165 ], [ -121.431761964694161, 45.222888427189133 ], [ -121.431728276428814, 45.222801725447034 ], [ -121.431605409881683, 45.222825497756531 ], [ -121.431571721850347, 45.222738795988533 ], [ -121.431325988788572, 45.222786340203847 ], [ -121.431292301138171, 45.222699638374252 ], [ -121.43104656802177, 45.222747182075182 ], [ -121.431012880752291, 45.22266048018399 ], [ -121.430767147581278, 45.222708023370494 ], [ -121.430800834556919, 45.222794725333209 ], [ -121.430677967693853, 45.222818496796187 ], [ -121.430644280865124, 45.222731794797696 ], [ -121.430398547171464, 45.222779337319921 ], [ -121.430364860723657, 45.222692635259889 ], [ -121.430241993893077, 45.222716406319115 ], [ -121.430208307679294, 45.222629704233185 ], [ -121.430085440908528, 45.222653475145997 ], [ -121.430051754928755, 45.222566773034231 ], [ -121.429928888217773, 45.222590543800564 ], [ -121.429962574050663, 45.222677245948084 ], [ -121.429839707105671, 45.222701016639412 ], [ -121.429806021419736, 45.222614314456138 ], [ -121.429683154534573, 45.22263808500103 ], [ -121.429649469082619, 45.222551382791941 ], [ -121.429403735344806, 45.222598923477975 ], [ -121.429437420502936, 45.222685625758643 ], [ -121.429191686122877, 45.222733166073354 ], [ -121.429225371074267, 45.222819868435508 ], [ -121.429102503606671, 45.222843638462521 ], [ -121.429136188498262, 45.22293034087037 ], [ -121.428644717169234, 45.223025420014565 ], [ -121.428678401560234, 45.22311212257538 ], [ -121.428064059704596, 45.223230969193303 ], [ -121.42803037604817, 45.223144266453566 ], [ -121.42766177033036, 45.223215572988416 ], [ -121.427628087201768, 45.223128870151442 ], [ -121.427382349914907, 45.223176407216179 ], [ -121.427348667167266, 45.223089704317552 ], [ -121.427225798540107, 45.223113472648116 ], [ -121.427192116026475, 45.223026769723681 ], [ -121.426946378804715, 45.223074305981065 ], [ -121.426912696672034, 45.222987602995047 ], [ -121.426666959395718, 45.223035138738069 ], [ -121.426633277643944, 45.222948435690462 ], [ -121.426510409022072, 45.222972203360108 ], [ -121.426476727504337, 45.222885500286665 ], [ -121.426353858942292, 45.222909267809889 ], [ -121.426320177658539, 45.222822564710619 ], [ -121.426197309156336, 45.222846332087322 ], [ -121.426163628106593, 45.222759628962237 ], [ -121.426286496461913, 45.222735861621274 ], [ -121.426219134329926, 45.222562455472534 ], [ -121.426342002304295, 45.222538688092385 ], [ -121.42630832122201, 45.222451985068659 ], [ -121.426431188962397, 45.222428217613626 ], [ -121.426397507820298, 45.222341514635609 ], [ -121.426520375326632, 45.222317747105564 ], [ -121.426486694124719, 45.222231044173299 ], [ -121.426609561397072, 45.222207276568277 ], [ -121.426575880135303, 45.222120573681707 ], [ -121.426698747173646, 45.222096806001751 ], [ -121.426665065852077, 45.222010103160869 ], [ -121.42678793265641, 45.221986335406015 ], [ -121.426754251275014, 45.221899632610842 ], [ -121.426877117845351, 45.221875864780991 ], [ -121.426843436404127, 45.221789162031513 ], [ -121.426966302740453, 45.221765394126699 ], [ -121.426932621239388, 45.221678691422916 ], [ -121.427055487341704, 45.221654923443197 ], [ -121.427021805780839, 45.22156822078508 ], [ -121.427144671649145, 45.22154445273037 ], [ -121.427110990028453, 45.221457750118006 ], [ -121.426988124307073, 45.221481518136947 ], [ -121.426887080408306, 45.221221410252191 ], [ -121.426764215040535, 45.221245178053131 ], [ -121.426730534062045, 45.221158475408991 ], [ -121.42660766875413, 45.221182243063467 ], [ -121.426573988009636, 45.22109554039347 ], [ -121.42645112276152, 45.221119307901489 ], [ -121.426417442251022, 45.221032605205679 ], [ -121.42629457706272, 45.221056372567197 ], [ -121.426260896786246, 45.220969669845594 ], [ -121.426138031657786, 45.220993437060592 ], [ -121.426104351615294, 45.220906734313132 ], [ -121.425981486546647, 45.220930501381666 ], [ -121.425947806738165, 45.220843798608392 ], [ -121.425824941729317, 45.220867565530511 ], [ -121.425791262154831, 45.220780862731424 ], [ -121.425668397205854, 45.220804629507036 ], [ -121.42563471786535, 45.220717926682148 ], [ -121.42575758266743, 45.220694159942298 ], [ -121.425723903267112, 45.220607457163055 ], [ -121.425601038611944, 45.220631223867152 ], [ -121.425567359445608, 45.220544521062081 ], [ -121.425444494850268, 45.220568287619692 ], [ -121.425410815917942, 45.220481584788928 ], [ -121.425287951382415, 45.220505351199996 ], [ -121.425220594072812, 45.220331945496618 ], [ -121.425097729744053, 45.220355711725489 ], [ -121.424996694873499, 45.220095603137636 ], [ -121.424873830898392, 45.220119369148556 ], [ -121.424840152929292, 45.220032666269987 ], [ -121.424717289013984, 45.220056432134463 ], [ -121.424683611278866, 45.219969729230094 ], [ -121.424560747423399, 45.219993494948099 ], [ -121.424527069922277, 45.219906792017937 ], [ -121.424404206126653, 45.219930557589457 ], [ -121.424370528859512, 45.219843854633481 ], [ -121.424247665123701, 45.219867620058459 ], [ -121.424213988090557, 45.219780917076683 ], [ -121.424091124414588, 45.219804682355225 ], [ -121.424057447615425, 45.219717979347593 ], [ -121.423934583999298, 45.219741744479705 ], [ -121.423867230956034, 45.219568338422725 ], [ -121.423744367546632, 45.219592103372605 ], [ -121.423710691302531, 45.219505400323285 ], [ -121.423587827952971, 45.219529165126666 ], [ -121.423554151942838, 45.219442462051497 ], [ -121.423431288653134, 45.21946622670842 ], [ -121.423397612876983, 45.219379523607479 ], [ -121.423274749647092, 45.219403288117896 ], [ -121.423207398649879, 45.219229881874305 ], [ -121.422838809319188, 45.219301174526741 ], [ -121.422805134391922, 45.219214471312597 ], [ -121.422682271254473, 45.219238235272883 ], [ -121.42264859656116, 45.219151532032932 ], [ -121.422525733483553, 45.219175295846753 ], [ -121.422492059024236, 45.21908859258096 ], [ -121.422369196006471, 45.219112356248303 ], [ -121.422335521781136, 45.219025652956695 ], [ -121.422212658823199, 45.21904941647756 ], [ -121.422178984831859, 45.21896271316016 ], [ -121.42205612193375, 45.218986476534582 ], [ -121.422022448176392, 45.21889977319131 ], [ -121.421899585338124, 45.218923536419283 ], [ -121.421865911814749, 45.218836833050212 ], [ -121.421743049036323, 45.218860596131734 ], [ -121.421642029429321, 45.218600485976864 ], [ -121.421887754017646, 45.218552959917623 ], [ -121.42185408069561, 45.218466256623962 ], [ -121.421976942712263, 45.218442493464089 ], [ -121.422010616181183, 45.218529196721917 ], [ -121.422133478257678, 45.218505433415523 ], [ -121.422167151960565, 45.218592136647565 ], [ -121.422290014096902, 45.218568373194714 ], [ -121.422323688033799, 45.218655076400935 ], [ -121.422446550229964, 45.21863131280162 ], [ -121.422480224400815, 45.218718015981949 ], [ -121.422603086656821, 45.218694252236183 ], [ -121.422636761061668, 45.218780955390784 ], [ -121.422759623377488, 45.218757191498497 ], [ -121.42279329801633, 45.21884389462727 ], [ -121.423039022680598, 45.218796366439051 ], [ -121.42300534774796, 45.218709663381823 ], [ -121.423128209802599, 45.2186858991574 ], [ -121.423094534810119, 45.218599196145895 ], [ -121.423217396630776, 45.21857543184656 ], [ -121.423183721578468, 45.218488728880637 ], [ -121.423306583165129, 45.218464964506332 ], [ -121.423272908053008, 45.218378261586132 ], [ -121.423395769405687, 45.218354497136893 ], [ -121.423362094233724, 45.21826779426236 ], [ -121.423484955352436, 45.218244029738152 ], [ -121.423451280120617, 45.218157326909278 ], [ -121.423574141005346, 45.218133562310136 ], [ -121.42343944036125, 45.217786751237178 ], [ -121.423316580064125, 45.217810515693387 ], [ -121.423249230558312, 45.217637110145013 ], [ -121.423372090561614, 45.217613345760348 ], [ -121.423304741110272, 45.217439940323139 ], [ -121.423427600732708, 45.217416175899224 ], [ -121.423393925990752, 45.217329473231345 ], [ -121.423271066515213, 45.217353237619491 ], [ -121.423237392007209, 45.217266534925749 ], [ -121.423114532591498, 45.217290299167395 ], [ -121.423080858317462, 45.217203596447817 ], [ -121.423203717586262, 45.217179832241882 ], [ -121.423102694845895, 45.216919724249991 ], [ -121.422979836017788, 45.216943488348655 ], [ -121.422912488253331, 45.216770082998799 ], [ -121.423035346787628, 45.216746318971659 ], [ -121.422967999077656, 45.216572913733039 ], [ -121.423090857231102, 45.216549149666676 ], [ -121.4230235095756, 45.216375744539306 ], [ -121.422900651715949, 45.216399508534188 ], [ -121.422866978165686, 45.216312805949606 ], [ -121.422744120365863, 45.21633656979801 ], [ -121.422710447049568, 45.216249867187628 ], [ -121.422587589309586, 45.21627363088956 ], [ -121.422553916227244, 45.216186928253379 ], [ -121.42243105854709, 45.216210691808875 ], [ -121.422330040263162, 45.21595058385256 ], [ -121.422207182936631, 45.215974347190119 ], [ -121.42217351049635, 45.215887644522077 ], [ -121.422296367675983, 45.215863881220308 ], [ -121.422060662003432, 45.215256963072406 ], [ -121.421937805852082, 45.215280726123943 ], [ -121.421836790881855, 45.215020618387904 ], [ -121.421713935084099, 45.215044381221524 ], [ -121.421680263748399, 45.214957678626917 ], [ -121.421557408010486, 45.214981441314066 ], [ -121.421490065893991, 45.214808036083113 ], [ -121.421367210362817, 45.214831798588122 ], [ -121.421299868888326, 45.214658393325379 ], [ -121.421177013563891, 45.214682155648106 ], [ -121.421076002445787, 45.214422047721264 ], [ -121.421198857329543, 45.214398285505752 ], [ -121.421165186984055, 45.214311582919052 ], [ -121.421042332247183, 45.214335345098796 ], [ -121.421008662135634, 45.214248642486247 ], [ -121.420885807458603, 45.214272404519591 ], [ -121.42078479808697, 45.214012296634245 ], [ -121.420907652323351, 45.213988534708214 ], [ -121.420873982559996, 45.21390183213537 ], [ -121.420751128470542, 45.213925594025717 ], [ -121.420717458941155, 45.213838891426988 ], [ -121.420594604911514, 45.213862653170857 ], [ -121.420560935616095, 45.213775950546406 ], [ -121.420438081646296, 45.213799712143782 ], [ -121.420404412584787, 45.213713009493496 ], [ -121.42028155867483, 45.213736770944458 ], [ -121.420247889847289, 45.213650068268365 ], [ -121.420125035997174, 45.213673829572834 ], [ -121.420091367403543, 45.213587126870898 ], [ -121.419968513613284, 45.213610888028967 ], [ -121.419934845253593, 45.213524185301189 ], [ -121.419811991523162, 45.213547946312801 ], [ -121.419778323397438, 45.213461243559181 ], [ -121.419655469726848, 45.213485004424371 ], [ -121.419621801835049, 45.213398301644915 ], [ -121.419498948224287, 45.213422062363655 ], [ -121.419465280566456, 45.213335359558364 ], [ -121.41934242701555, 45.21335912013064 ], [ -121.419308759591615, 45.213272417299628 ], [ -121.419185906100552, 45.213296177725447 ], [ -121.419152238910584, 45.213209474868549 ], [ -121.419029385479362, 45.213233235147882 ], [ -121.418995718523306, 45.213146532265156 ], [ -121.41887286515194, 45.213170292398097 ], [ -121.418839198429808, 45.213083589489557 ], [ -121.418716345118312, 45.213107349476026 ], [ -121.418682678630134, 45.2130206465417 ], [ -121.418559825378452, 45.213044406381719 ], [ -121.418526159124227, 45.212957703421502 ], [ -121.418403305932387, 45.212981463115106 ], [ -121.418369639912072, 45.212894760129082 ], [ -121.418246786780088, 45.212918519676236 ], [ -121.418213120993713, 45.212831816664362 ], [ -121.418090267921585, 45.212855576065103 ], [ -121.418056602369148, 45.212768873027429 ], [ -121.417933749356848, 45.212792632281662 ], [ -121.417900084038337, 45.212705929218203 ], [ -121.417777231085921, 45.212729688326057 ], [ -121.41774356600132, 45.212642985236783 ], [ -121.417620713108732, 45.212666744198103 ], [ -121.417587048258099, 45.212580041082951 ], [ -121.417464195425367, 45.21260379989787 ], [ -121.417430530808645, 45.212517096756983 ], [ -121.417307678035783, 45.212540855425402 ], [ -121.417274013652985, 45.212454152258651 ], [ -121.417151160939952, 45.212477910780699 ], [ -121.417117496791093, 45.212391207588119 ], [ -121.416994644137915, 45.212414965963688 ], [ -121.416960980222981, 45.212328262745331 ], [ -121.416838127629674, 45.21235202097445 ], [ -121.416804463948665, 45.212265317730214 ], [ -121.416681611415186, 45.212289075812905 ], [ -121.416647947968116, 45.212202372542919 ], [ -121.416525095494507, 45.212226130479152 ], [ -121.416491432281347, 45.21213942718331 ], [ -121.416368579867608, 45.212163184973086 ], [ -121.41633491688836, 45.212076481651408 ], [ -121.416212064534491, 45.212100239294784 ], [ -121.416178401789168, 45.212013535947271 ], [ -121.416055549495127, 45.212037293444205 ], [ -121.416021886983742, 45.211950590070892 ], [ -121.415899034749572, 45.211974347421361 ], [ -121.415865372472126, 45.211887644022241 ], [ -121.415742520297798, 45.211911401226274 ], [ -121.415708858254263, 45.211824697801362 ], [ -121.415586006139804, 45.211848454858931 ], [ -121.41555234433018, 45.21176175140814 ], [ -121.415429492275592, 45.211785508319302 ], [ -121.415395830699907, 45.211698804842712 ], [ -121.415272978705161, 45.211722561607417 ], [ -121.415205656108668, 45.211549154612619 ], [ -121.415328507809633, 45.211525397919353 ], [ -121.41529484649503, 45.211438694472513 ], [ -121.415171994940962, 45.211462451130011 ], [ -121.41513833386027, 45.211375747657385 ], [ -121.415015482366073, 45.211399504168469 ], [ -121.414981821519291, 45.211312800669987 ], [ -121.41485897008495, 45.211336557034592 ], [ -121.414825309472093, 45.211249853510303 ], [ -121.414702458097622, 45.211273609728508 ], [ -121.414668797718704, 45.211186906178447 ], [ -121.414545946404075, 45.211210662250153 ], [ -121.414512286259068, 45.211123958674229 ], [ -121.414389435004324, 45.211147714599555 ], [ -121.414355775093213, 45.211061010997852 ], [ -121.414232923898311, 45.2110847667767 ], [ -121.414199264221139, 45.210998063149169 ], [ -121.414076413086107, 45.211021818781539 ], [ -121.414042753642846, 45.210935115128194 ], [ -121.413919902567685, 45.210958870614228 ], [ -121.413751607391191, 45.21052535231744 ], [ -121.413628756963433, 45.210549107514105 ], [ -121.413561439795799, 45.210375700193332 ], [ -121.413438589574795, 45.210399455207849 ], [ -121.413404931268374, 45.210312751526573 ], [ -121.413282081107255, 45.210336506394626 ], [ -121.413248423034759, 45.210249802687542 ], [ -121.413125572933509, 45.210273557409131 ], [ -121.41309191509491, 45.210186853676284 ], [ -121.412969065053531, 45.21021060825143 ], [ -121.412935407448856, 45.210123904492768 ], [ -121.412812557467319, 45.2101476589215 ], [ -121.412778900096569, 45.21006095513701 ], [ -121.412656050174903, 45.210084709419284 ], [ -121.412622393038049, 45.209998005609002 ], [ -121.412499543176281, 45.210021759744805 ], [ -121.412465886273296, 45.209935055908673 ], [ -121.412343036471398, 45.20995880989809 ], [ -121.412309379802352, 45.209872106036194 ], [ -121.412186530060325, 45.209895859879168 ], [ -121.412085561015886, 45.20963574824566 ], [ -121.41196271162751, 45.209659501870711 ], [ -121.411861743806895, 45.209399390219296 ], [ -121.411738894772142, 45.209423143626523 ], [ -121.411469652254127, 45.208729512706213 ], [ -121.41159250011377, 45.208705759584845 ], [ -121.411558845043672, 45.208619055800085 ], [ -121.411681692669404, 45.208595302603712 ], [ -121.411614382496509, 45.208421895135473 ], [ -121.411491535164529, 45.208445648260444 ], [ -121.411457880355471, 45.20835894450542 ], [ -121.411580727540553, 45.208335191416239 ], [ -121.411479763194777, 45.208075080317947 ], [ -121.411356916450345, 45.208098833299928 ], [ -121.411323261989338, 45.208012129584603 ], [ -121.410463333370174, 45.20817839710908 ], [ -121.410429680024365, 45.208091693153577 ], [ -121.410306832877623, 45.208115445178521 ], [ -121.410273179765682, 45.208028741197197 ], [ -121.410150332678839, 45.208052493075762 ], [ -121.410116679800765, 45.207965789068616 ], [ -121.409993832773793, 45.207989540800739 ], [ -121.409960180129644, 45.207902836767801 ], [ -121.409837333162542, 45.207926588353445 ], [ -121.409803680752276, 45.207839884294714 ], [ -121.409312292601399, 45.207934889387438 ], [ -121.409278640865665, 45.207848185195687 ], [ -121.409155793757336, 45.20787193615638 ], [ -121.40912214225547, 45.207785231938878 ], [ -121.408999295207011, 45.207808982753114 ], [ -121.408965643939084, 45.207722278509763 ], [ -121.408842796950495, 45.207746029177621 ], [ -121.408809145916422, 45.207659324908455 ], [ -121.408686298987732, 45.207683075429891 ], [ -121.408652648187541, 45.207596371134919 ], [ -121.408529801318764, 45.207620121509891 ], [ -121.408496150752455, 45.207533417189168 ], [ -121.408250457047629, 45.207580917535537 ], [ -121.408284107320171, 45.207667621927776 ], [ -121.407792718279012, 45.207762621435045 ], [ -121.407691769485041, 45.207502507859502 ], [ -121.407568922447936, 45.207526257352427 ], [ -121.407501623980707, 45.207352848280145 ], [ -121.407378777150356, 45.207376597590923 ], [ -121.407311479324861, 45.207203188486872 ], [ -121.407680018673588, 45.207131940436824 ], [ -121.407646369450674, 45.207045236006792 ], [ -121.407769215579364, 45.207021486471064 ], [ -121.407802864949161, 45.207108190865348 ], [ -121.40804855723934, 45.20706069139036 ], [ -121.408014907575776, 45.206973987067492 ], [ -121.408137753443498, 45.206950237199685 ], [ -121.408104103720035, 45.206863532922434 ], [ -121.408226949353889, 45.206839782979586 ], [ -121.408193299570556, 45.206753078747987 ], [ -121.408316144970485, 45.206729328730169 ], [ -121.408282495127281, 45.206642624544237 ], [ -121.408405340293356, 45.206618874451443 ], [ -121.408371690390254, 45.206532170311121 ], [ -121.408494535322447, 45.206508420143308 ], [ -121.408460885359446, 45.20642171604856 ], [ -121.408583730057785, 45.206397965805799 ], [ -121.408550080034885, 45.206311261756696 ], [ -121.408672924499356, 45.20628751143888 ], [ -121.408639274416601, 45.206200807435415 ], [ -121.408762118647147, 45.206177057042659 ], [ -121.408728468504492, 45.206090353084846 ], [ -121.408851312501213, 45.206066602617135 ], [ -121.408817662298659, 45.205979898704847 ], [ -121.408940506061498, 45.205956148162166 ], [ -121.408906855799103, 45.205869444295544 ], [ -121.409029699328059, 45.205845693677801 ], [ -121.408996049005765, 45.205758989856832 ], [ -121.409118892300853, 45.205735239164156 ], [ -121.40908524191866, 45.205648535388782 ], [ -121.409208084979895, 45.205624784621101 ], [ -121.409174434537832, 45.205538080891358 ], [ -121.409297277365155, 45.205514330048672 ], [ -121.409263626863222, 45.205427626364532 ], [ -121.409386469456706, 45.205403875446919 ], [ -121.409352818894888, 45.20531717180836 ], [ -121.40947566125449, 45.205293420815771 ], [ -121.409442010632816, 45.205206717222829 ], [ -121.409564852758521, 45.205182966155235 ], [ -121.409531202076963, 45.205096262607988 ], [ -121.409654043968843, 45.205072511465374 ], [ -121.409620393227399, 45.204985807963723 ], [ -121.409743234885397, 45.204962056746133 ], [ -121.409709584084055, 45.204875353290106 ], [ -121.409832425508199, 45.204851601997561 ], [ -121.409798774646987, 45.204764898587108 ], [ -121.409921615837263, 45.204741147219536 ], [ -121.40988796491618, 45.204654443854714 ], [ -121.410010805872574, 45.204630692412216 ], [ -121.409977154891635, 45.204543989092997 ], [ -121.410099995614161, 45.204520237575494 ], [ -121.410066344573337, 45.204433534301891 ], [ -121.410189185062009, 45.204409782709391 ], [ -121.410121882947607, 45.204236376263374 ], [ -121.410244723055555, 45.204212624631609 ], [ -121.410211071981976, 45.204125921459109 ], [ -121.410088232020897, 45.20414967305522 ], [ -121.410054581181171, 45.204062969856906 ], [ -121.409931741279991, 45.204086721306467 ], [ -121.409898090674133, 45.204000018082404 ], [ -121.409775250832794, 45.204023769385586 ], [ -121.409741600460805, 45.203937066135715 ], [ -121.409618760679336, 45.203960817292476 ], [ -121.409585110541215, 45.20387411401672 ], [ -121.409462270819645, 45.203897865027066 ], [ -121.409428620915378, 45.203811161725568 ], [ -121.40930578125365, 45.203834912589514 ], [ -121.409272131583236, 45.203748209262159 ], [ -121.409149291981436, 45.203771959979683 ], [ -121.409115642544862, 45.203685256626464 ], [ -121.408992803002903, 45.20370900719761 ], [ -121.408959153800211, 45.203622303818591 ], [ -121.408836314318151, 45.203646054243336 ], [ -121.408802665349299, 45.203559350838511 ], [ -121.408679825927095, 45.203583101116756 ], [ -121.408646177192125, 45.203496397686116 ], [ -121.408523337829806, 45.20352014781804 ], [ -121.408489689328675, 45.2034334443616 ], [ -121.408366850026226, 45.203457194347045 ], [ -121.40833320175895, 45.203370490864721 ], [ -121.408210362516385, 45.203394240703851 ], [ -121.408176714482977, 45.203307537195755 ], [ -121.408053875300297, 45.203331286888393 ], [ -121.408020227500742, 45.20324458335449 ], [ -121.407897388377947, 45.203268332900706 ], [ -121.407863740812232, 45.203181629340953 ], [ -121.407740901749307, 45.203205378740783 ], [ -121.407707254417446, 45.203118675155253 ], [ -121.407584415414433, 45.203142424408675 ], [ -121.407550768316426, 45.203055720797323 ], [ -121.407427929373284, 45.203079469904353 ], [ -121.407360635731933, 45.202906062639855 ], [ -121.407237796995545, 45.202929811564701 ], [ -121.407204150452216, 45.202843107911654 ], [ -121.407081311775698, 45.202866856690136 ], [ -121.407047665466223, 45.202780153011197 ], [ -121.40692482684959, 45.202803901643279 ], [ -121.406891180773982, 45.202717197938533 ], [ -121.406768342217219, 45.2027409464242 ], [ -121.406734696375437, 45.202654242693647 ], [ -121.406611857878616, 45.202677991032878 ], [ -121.406578212270659, 45.20259128727654 ], [ -121.406455373833708, 45.202615035469336 ], [ -121.40642172845962, 45.202528331687212 ], [ -121.406298890082553, 45.2025520797336 ], [ -121.40626524494229, 45.202465375925627 ], [ -121.406142406625136, 45.202489123825686 ], [ -121.406108761718741, 45.202402419991884 ], [ -121.405985923461444, 45.202426167745479 ], [ -121.40601956822097, 45.202512871614978 ], [ -121.405896729729818, 45.202536619293596 ], [ -121.405863085117176, 45.202449915388421 ], [ -121.405740246685909, 45.202473662920625 ], [ -121.405706602307077, 45.202386958989585 ], [ -121.405583763935738, 45.202410706375368 ], [ -121.405550119790774, 45.202324002418521 ], [ -121.405304443080865, 45.202371496786689 ], [ -121.405270799316597, 45.202284792768275 ], [ -121.405147960978056, 45.202308539750597 ], [ -121.405080674004182, 45.202135131672094 ], [ -121.404957835872409, 45.202158878472282 ], [ -121.40492419266279, 45.202072174412173 ], [ -121.404801354590916, 45.202095921065975 ], [ -121.404767711615136, 45.202009216980031 ], [ -121.404644873603161, 45.202032963487447 ], [ -121.404611230861221, 45.201946259375731 ], [ -121.40411987853102, 45.202041244155424 ], [ -121.404086236463527, 45.20195453991073 ], [ -121.402366494405868, 45.202286972191622 ], [ -121.402332854481557, 45.20220026745698 ], [ -121.402210015257779, 45.202224011753955 ], [ -121.402176375567308, 45.202137306993485 ], [ -121.402053536403429, 45.202161051144017 ], [ -121.402019896946769, 45.202074346357797 ], [ -121.401897057842817, 45.202098090361964 ], [ -121.401863418620025, 45.202011385549895 ], [ -121.401740579575957, 45.202035129407612 ], [ -121.40170694058699, 45.201948424569792 ], [ -121.40158410160285, 45.201972168281102 ], [ -121.401550462847709, 45.201885463417455 ], [ -121.401427623923482, 45.201909206982393 ], [ -121.401393985402166, 45.201822502092895 ], [ -121.401271146537866, 45.20184624551144 ], [ -121.401237508250389, 45.20175954059615 ], [ -121.401114669445988, 45.201783283868316 ], [ -121.401081031392366, 45.201696578927198 ], [ -121.400958192647849, 45.201720322052921 ], [ -121.400991830554617, 45.201807027029709 ], [ -121.400868991576289, 45.201830770080463 ], [ -121.400835353816404, 45.201744065067956 ], [ -121.40071251489799, 45.201767807972288 ], [ -121.400678877371931, 45.201681102933961 ], [ -121.400556038513429, 45.2017048456919 ], [ -121.400522401221238, 45.201618140627801 ], [ -121.400153884564602, 45.201689368130289 ], [ -121.400187521416171, 45.201776073301438 ], [ -121.400064682209845, 45.201799815616553 ], [ -121.400031045505145, 45.201713110409685 ], [ -121.399539688397738, 45.201808078420285 ], [ -121.399506052367485, 45.201721373080524 ], [ -121.399137534064522, 45.201792597818994 ], [ -121.399171169654153, 45.201879303265898 ], [ -121.398802650127976, 45.20195052711513 ], [ -121.398836285363899, 45.202037232679075 ], [ -121.398713445201068, 45.202060973776426 ], [ -121.398679810112014, 45.201974268176798 ], [ -121.398311289542377, 45.202045490697635 ], [ -121.398277654980902, 45.201958785000841 ], [ -121.398154814763998, 45.201982525584079 ], [ -121.398121180436362, 45.201895819861413 ], [ -121.397875500035454, 45.201943300624279 ], [ -121.397841866088513, 45.20185659484013 ], [ -121.397227664299052, 45.201975294631431 ], [ -121.397194031173484, 45.201888588678784 ], [ -121.396948350142807, 45.201936067748939 ], [ -121.396914717397948, 45.20184936173478 ], [ -121.396791876899073, 45.201873101068102 ], [ -121.396758244388025, 45.201786395028158 ], [ -121.396389722810397, 45.201857612256802 ], [ -121.396423354880781, 45.201944318403854 ], [ -121.39630051403411, 45.201968057294401 ], [ -121.396334146044566, 45.20205476348702 ], [ -121.39608846379663, 45.202102241007331 ], [ -121.396122095600262, 45.202188947281257 ], [ -121.395876412710791, 45.202236424430161 ], [ -121.395910044307612, 45.202323130785373 ], [ -121.395787202585552, 45.202346869229466 ], [ -121.395753571135614, 45.20226016283852 ], [ -121.395507887724463, 45.202307639323095 ], [ -121.395541518880634, 45.2023943457855 ], [ -121.395295834827948, 45.202441821898653 ], [ -121.395329465777252, 45.202528528442265 ], [ -121.395206623473612, 45.202552266368507 ], [ -121.395240254362989, 45.202638972957701 ], [ -121.39511741182551, 45.202662710808916 ], [ -121.395151042654916, 45.202749417443741 ], [ -121.395028199883598, 45.202773155219887 ], [ -121.39506183065312, 45.202859861900357 ], [ -121.394938987647947, 45.202883599601577 ], [ -121.394972618357514, 45.202970306327529 ], [ -121.39484977511853, 45.202994043953723 ], [ -121.394883405768113, 45.203080750725348 ], [ -121.394760562295303, 45.203104488276502 ], [ -121.394794192884945, 45.203191195093723 ], [ -121.394671349178296, 45.2032149325699 ], [ -121.394704979707996, 45.203301639432667 ], [ -121.394582135767507, 45.203325376833845 ], [ -121.394615766237266, 45.203412083742201 ], [ -121.394492922062938, 45.203435821068346 ], [ -121.39452655247274, 45.203522528022361 ], [ -121.394403708064587, 45.20354626527353 ], [ -121.394437338414448, 45.203632972273091 ], [ -121.394314493772427, 45.203656709449163 ], [ -121.394348124062347, 45.203743416494454 ], [ -121.394225279186514, 45.203767153595528 ], [ -121.39425890941645, 45.203853860686301 ], [ -121.394136064306792, 45.203877597712399 ], [ -121.394169694476787, 45.203964304848867 ], [ -121.394046849133261, 45.203988041799882 ], [ -121.394080479243343, 45.204074748981917 ], [ -121.393957633665963, 45.204098485857969 ], [ -121.393991263716089, 45.2041851930856 ], [ -121.393868417904869, 45.204208929886661 ], [ -121.393902047895025, 45.204295637159873 ], [ -121.393779201849966, 45.204319373885888 ], [ -121.393812831780181, 45.204406081204702 ], [ -121.393689985501297, 45.204429817855754 ], [ -121.393723615371556, 45.204516525220164 ], [ -121.393600768858803, 45.204540261796168 ], [ -121.393634398669093, 45.204626969206188 ], [ -121.393511551922515, 45.204650705707152 ], [ -121.393578811510139, 45.204824120628437 ], [ -121.393455964382809, 45.20484785709008 ], [ -121.393489594160144, 45.204934564601231 ], [ -121.393366746798975, 45.204958300987911 ], [ -121.39340037651634, 45.205045008544651 ], [ -121.393277528921317, 45.205068744856277 ], [ -121.39331115857874, 45.205155452458655 ], [ -121.393188310749878, 45.20517918869529 ], [ -121.393221940347345, 45.205265896343263 ], [ -121.393099092284629, 45.205289632504893 ], [ -121.393065462834073, 45.205202924821194 ], [ -121.392574070301379, 45.205297868217592 ], [ -121.392607699164316, 45.205384576044082 ], [ -121.392484850666889, 45.205408311652064 ], [ -121.392518479469857, 45.205495019524186 ], [ -121.392395630738577, 45.20551875505717 ], [ -121.392429259481602, 45.205605462974901 ], [ -121.392306410516468, 45.205629198432888 ], [ -121.392340039199524, 45.205715906396179 ], [ -121.392217190000522, 45.205739641779161 ], [ -121.392250818623623, 45.205826349788076 ], [ -121.39212796919081, 45.205850085096053 ], [ -121.392161597753912, 45.205936793150556 ], [ -121.392038748087217, 45.205960528383507 ], [ -121.392072376590377, 45.206047236483641 ], [ -121.391949526689856, 45.206070971641537 ], [ -121.391983155133047, 45.206157679787346 ], [ -121.391860304998659, 45.206181414870166 ], [ -121.391893933381866, 45.206268123061569 ], [ -121.391771083013637, 45.206291858069434 ], [ -121.391804711336903, 45.206378566306434 ], [ -121.391681860734792, 45.206402301239272 ], [ -121.391715488998088, 45.206489009521874 ], [ -121.391592638162152, 45.206512744379729 ], [ -121.391559010045782, 45.206426036061409 ], [ -121.39082190408574, 45.206568442669074 ], [ -121.390855531320639, 45.206655151201623 ], [ -121.390609828344623, 45.20670261925644 ], [ -121.39064345537264, 45.206789327870268 ], [ -121.38966063881557, 45.20697919594663 ], [ -121.389694264755221, 45.20706590485586 ], [ -121.389448559452717, 45.207113370839195 ], [ -121.389482185185443, 45.207200079829768 ], [ -121.389113626138922, 45.207271278081407 ], [ -121.389147251517826, 45.207357987189013 ], [ -121.389024398181519, 45.207381719753783 ], [ -121.388990772949526, 45.207295010610508 ], [ -121.388867919673189, 45.207318743028871 ], [ -121.388834294675064, 45.207232033859796 ], [ -121.388588588155443, 45.207279498293055 ], [ -121.388622212859744, 45.207366207533553 ], [ -121.388130798189607, 45.207461135214082 ], [ -121.3882652955254, 45.207807972846211 ], [ -121.388142441052821, 45.207831704632319 ], [ -121.388176065457188, 45.207918414100817 ], [ -121.388053210750769, 45.207942145811927 ], [ -121.388086835095137, 45.208028855326098 ], [ -121.387963980154865, 45.20805258696214 ], [ -121.387997604439249, 45.208139296521892 ], [ -121.387874749265094, 45.208163028082943 ], [ -121.387908373489481, 45.208249737688341 ], [ -121.3877855180815, 45.20827346917433 ], [ -121.387819142245888, 45.208360178825302 ], [ -121.387696286604012, 45.208383910236314 ], [ -121.38772991070843, 45.208470619932967 ], [ -121.387607054832699, 45.208494351268946 ], [ -121.387808800403349, 45.20901460987136 ], [ -121.387931657160635, 45.208990878321259 ], [ -121.387965281873633, 45.209077588087347 ], [ -121.387842424969378, 45.209101319673202 ], [ -121.387876049622378, 45.20918802948497 ], [ -121.387753192484269, 45.20921176099575 ], [ -121.38778681707727, 45.209298470853113 ], [ -121.387663959705279, 45.209322202288924 ], [ -121.387697584238282, 45.209408912191854 ], [ -121.387574726632451, 45.209432643552617 ], [ -121.38760835110547, 45.209519353501207 ], [ -121.387485493265743, 45.20954308478693 ], [ -121.387519117678764, 45.209629794781144 ], [ -121.387396259605183, 45.209653525991826 ], [ -121.387429883958191, 45.209740236031728 ], [ -121.387307025650742, 45.209763967167369 ], [ -121.387340649943781, 45.209850677252888 ], [ -121.387217791402449, 45.209874408313475 ], [ -121.387251415635475, 45.209961118444632 ], [ -121.38712855686029, 45.209984849430157 ], [ -121.387162181033304, 45.210071559606952 ], [ -121.387039322024251, 45.210095290517508 ], [ -121.387072946137266, 45.210182000739884 ], [ -121.386950086894316, 45.210205731575407 ], [ -121.386983710947362, 45.210292441843478 ], [ -121.386860851470544, 45.210316172603939 ], [ -121.386894475463578, 45.210402882917627 ], [ -121.386771615752878, 45.21042661360304 ], [ -121.386805239685927, 45.210513323962338 ], [ -121.386682379741345, 45.210537054572775 ], [ -121.38671600361441, 45.210623764977669 ], [ -121.386593143435931, 45.210647495513051 ], [ -121.386626767248998, 45.210734205963604 ], [ -121.386503906836637, 45.210757936423953 ], [ -121.386537530589706, 45.210844646920108 ], [ -121.386414669943491, 45.210868377305459 ], [ -121.386448293636519, 45.210955087847289 ], [ -121.386325432756422, 45.210978818157592 ], [ -121.386359056389466, 45.211065528745031 ], [ -121.386236195275501, 45.211089258980266 ], [ -121.386269818848547, 45.211175969613315 ], [ -121.386146957500699, 45.21119969977358 ], [ -121.386180581013747, 45.211286410452274 ], [ -121.386057719431989, 45.211310140537513 ], [ -121.386091342885038, 45.211396851261846 ], [ -121.385968481069426, 45.211420581272002 ], [ -121.386002104462449, 45.211507292042 ], [ -121.38587924241294, 45.211531021977095 ], [ -121.385912865745965, 45.211617732792718 ], [ -121.385790003462589, 45.211641462652814 ], [ -121.385823626735601, 45.211728173514068 ], [ -121.385700764218356, 45.211751903299152 ], [ -121.38573438743137, 45.211838614206023 ], [ -121.385611524680215, 45.211862343916067 ], [ -121.385645147833216, 45.211949054868604 ], [ -121.385522284848165, 45.21197278450358 ], [ -121.385555907941182, 45.212059495501727 ], [ -121.385433044722248, 45.212083225061669 ], [ -121.385466667755239, 45.212169936105511 ], [ -121.385220940762693, 45.212217394964604 ], [ -121.385254563588717, 45.212304106089761 ], [ -121.385131699815091, 45.212327835388898 ], [ -121.385165322581116, 45.212414546559671 ], [ -121.385042458573594, 45.212438275783839 ], [ -121.385076081279607, 45.212524987000187 ], [ -121.384953217038202, 45.212548716149279 ], [ -121.384986839684203, 45.212635427411385 ], [ -121.384863975208901, 45.212659156485437 ], [ -121.384897597794875, 45.212745867793082 ], [ -121.384774733085692, 45.212769596792121 ], [ -121.384808355611668, 45.212856308145412 ], [ -121.384685490668573, 45.212880037069446 ], [ -121.384719113134565, 45.212966748468368 ], [ -121.384596247957589, 45.212990477317348 ], [ -121.38462987036354, 45.213077188761893 ], [ -121.384507004952681, 45.213100917535854 ], [ -121.384540627298605, 45.213187629026073 ], [ -121.384417761653864, 45.213211357724994 ], [ -121.384451383939762, 45.21329806926083 ], [ -121.38432851806111, 45.213321797884703 ], [ -121.384362140287024, 45.213408509466184 ], [ -121.384116407975014, 45.21345596645309 ], [ -121.38408278604301, 45.213369254800185 ], [ -121.383959919903546, 45.213392983091829 ], [ -121.383926298205452, 45.213306271413138 ], [ -121.383803432126015, 45.21332999955834 ], [ -121.383769810661818, 45.213243287853935 ], [ -121.383524078536041, 45.213290743740728 ], [ -121.38349045745268, 45.213204031974847 ], [ -121.383244725273059, 45.213251487347343 ], [ -121.383278346062511, 45.213338199184648 ], [ -121.383155479695347, 45.213361926740504 ], [ -121.383189100424758, 45.213448638623383 ], [ -121.383066233823712, 45.21347236610417 ], [ -121.383032613241255, 45.213385654185586 ], [ -121.382909746700207, 45.213409381519966 ], [ -121.382876126351633, 45.213322669575589 ], [ -121.382753259870626, 45.213346396763534 ], [ -121.382719639755948, 45.213259684793435 ], [ -121.382596773334939, 45.213283411834965 ], [ -121.382563153454171, 45.213196699839131 ], [ -121.381703087101855, 45.213362785779253 ], [ -121.381736705953927, 45.21344949802495 ], [ -121.381490971634136, 45.213496950225476 ], [ -121.381524590279199, 45.213583662552473 ], [ -121.38115598770662, 45.21365484012987 ], [ -121.381122369502435, 45.213568127695702 ], [ -121.38075376658837, 45.213639304169369 ], [ -121.380720148911976, 45.213552591638084 ], [ -121.380597281247063, 45.213576316872143 ], [ -121.380563663804551, 45.213489604315164 ], [ -121.380440796199693, 45.213513329402758 ], [ -121.380407178991078, 45.213426616820009 ], [ -121.380284311446232, 45.213450341761195 ], [ -121.380250694471499, 45.213363629152738 ], [ -121.380127826986708, 45.213387353947518 ], [ -121.380094210245858, 45.213300641313296 ], [ -121.379971342821094, 45.213324365961583 ], [ -121.379937726314154, 45.213237653301597 ], [ -121.379814858949416, 45.213261377803526 ], [ -121.379781242676358, 45.213174665117769 ], [ -121.379412640501528, 45.213245837852014 ], [ -121.379446256333679, 45.213332550644843 ], [ -121.379323388621245, 45.213356274703742 ], [ -121.37935700439337, 45.213442987542201 ], [ -121.379234136447067, 45.21346671152611 ], [ -121.379267752159151, 45.213553424410151 ], [ -121.379144883978952, 45.213577148318961 ], [ -121.379178499630981, 45.213663861248676 ], [ -121.379055631216886, 45.213687585082539 ], [ -121.379089246808903, 45.213774298057864 ], [ -121.378966378160925, 45.213798021816629 ], [ -121.378999993692887, 45.213884734837592 ], [ -121.378877124810984, 45.213908458521303 ], [ -121.378843509425991, 45.213821745464671 ], [ -121.378720640604172, 45.213845469001932 ], [ -121.37875425584221, 45.213932182094283 ], [ -121.378631386786481, 45.21395590555651 ], [ -121.378665001964464, 45.214042618694542 ], [ -121.378542132674852, 45.21406634208175 ], [ -121.37857574779278, 45.214153055265392 ], [ -121.378452878269286, 45.214176778577503 ], [ -121.378486493327188, 45.214263491806818 ], [ -121.378363623569783, 45.214287215043917 ], [ -121.378397238567615, 45.214373928318814 ], [ -121.378274368576342, 45.214397651480866 ], [ -121.378341598538825, 45.214571078131982 ], [ -121.378464468824049, 45.214547354898556 ], [ -121.378498084082665, 45.214634068203338 ], [ -121.378620954427944, 45.214610344823456 ], [ -121.378654569920442, 45.214697058102551 ], [ -121.378777440325763, 45.214673334576268 ], [ -121.378811056052172, 45.2147600478296 ], [ -121.378933926517519, 45.214736324156902 ], [ -121.378967542477838, 45.214823037384484 ], [ -121.37909041300324, 45.214799313565337 ], [ -121.379124029197413, 45.21488602676714 ], [ -121.379246899782885, 45.214862302801549 ], [ -121.379280516210983, 45.21494901597768 ], [ -121.379403386856481, 45.214925291865654 ], [ -121.379437003518476, 45.215012005016007 ], [ -121.379559874224014, 45.214988280757616 ], [ -121.379593491119905, 45.215074993882233 ], [ -121.379716361885471, 45.215051269477314 ], [ -121.379749979015273, 45.215137982576216 ], [ -121.379872849840908, 45.215114258024862 ], [ -121.379906467204592, 45.215200971098064 ], [ -121.380029338090253, 45.215177246400309 ], [ -121.380062955687848, 45.215263959447704 ], [ -121.380185826633564, 45.215240234603563 ], [ -121.380219444465041, 45.215326947625186 ], [ -121.380342315470813, 45.215303222634581 ], [ -121.3803759335362, 45.215389935630476 ], [ -121.380498804601984, 45.215366210493485 ], [ -121.380532422901283, 45.215452923463609 ], [ -121.380655294027122, 45.215429198180146 ], [ -121.380688912560302, 45.215515911124569 ], [ -121.380811783746154, 45.215492185694714 ], [ -121.380845402513287, 45.215578898613387 ], [ -121.380968273759194, 45.215555173037025 ], [ -121.381001892760167, 45.215641885929983 ], [ -121.381124764066129, 45.215618160207171 ], [ -121.381158383301042, 45.215704873074394 ], [ -121.381281254667016, 45.21568114720521 ], [ -121.381314874135825, 45.215767860046668 ], [ -121.381437745561854, 45.21574413403102 ], [ -121.381471365264559, 45.215830846846757 ], [ -121.381594236750615, 45.215807120684666 ], [ -121.381627856687246, 45.215893833474652 ], [ -121.381750728233314, 45.215870107166111 ], [ -121.381784348403855, 45.215956819930341 ], [ -121.381907220009978, 45.215933093475414 ], [ -121.381940840414416, 45.2160198062139 ], [ -121.382063712080566, 45.215996079612481 ], [ -121.382097332718928, 45.216082792325274 ], [ -121.382220204445119, 45.216059065577447 ], [ -121.382253825317392, 45.216145778264448 ], [ -121.382376697103609, 45.216122051370128 ], [ -121.382410318209764, 45.216208764031457 ], [ -121.382533190055995, 45.216185036990765 ], [ -121.382566811396089, 45.216271749626266 ], [ -121.382689683302388, 45.216248022439089 ], [ -121.382723304876379, 45.216334735048932 ], [ -121.382846176842676, 45.216311007715319 ], [ -121.382879798650578, 45.216397720299327 ], [ -121.383002670676916, 45.2163739928193 ], [ -121.383036292718742, 45.2164607053776 ], [ -121.383159164805107, 45.216436977751101 ], [ -121.38319278708083, 45.216523690283715 ], [ -121.383315659227222, 45.216499962510788 ], [ -121.383349281736884, 45.216586675017602 ], [ -121.383472153943288, 45.216562947098254 ], [ -121.383505776686846, 45.216649659579325 ], [ -121.383628648953305, 45.216625931513498 ], [ -121.383662271930788, 45.216712643968876 ], [ -121.383785144257246, 45.216688915756649 ], [ -121.383818767468654, 45.21677562818622 ], [ -121.383941639855152, 45.216751899827536 ], [ -121.383975263300457, 45.216838612231349 ], [ -121.384098135746967, 45.216814883726258 ], [ -121.384131759426211, 45.216901596104378 ], [ -121.384254631932734, 45.216877867452801 ], [ -121.384288255845888, 45.21696457980515 ], [ -121.384411128412452, 45.216940851007116 ], [ -121.384444752559531, 45.217027563333758 ], [ -121.384567625186108, 45.217003834389288 ], [ -121.384601249567083, 45.217090546690166 ], [ -121.384724122253715, 45.21706681759926 ], [ -121.38475774686863, 45.217153529874366 ], [ -121.384880619615245, 45.217129800637061 ], [ -121.384914244464071, 45.217216512886395 ], [ -121.385037117270713, 45.217192783502618 ], [ -121.385104367523184, 45.217366207959834 ], [ -121.385227240536821, 45.217342478393959 ], [ -121.385361742673012, 45.2176893272851 ], [ -121.385238869071486, 45.217713056993802 ], [ -121.385272494675931, 45.217799769277214 ], [ -121.385149620840494, 45.217823498910946 ], [ -121.385183246384912, 45.217910211239982 ], [ -121.385060372315536, 45.217933940798623 ], [ -121.38509399779997, 45.218020653173326 ], [ -121.384971123496655, 45.218044382656977 ], [ -121.385004748921062, 45.218131095077339 ], [ -121.384881874383808, 45.218154824485985 ], [ -121.38494912519954, 45.218328249428033 ], [ -121.384826250281392, 45.218351978797294 ], [ -121.384859875672689, 45.218438691318987 ], [ -121.38461412528163, 45.218486149796682 ], [ -121.384580500184256, 45.218399437203601 ], [ -121.384457625005282, 45.218423166240612 ], [ -121.384424000141848, 45.218336453621795 ], [ -121.384301125022887, 45.218360182512427 ], [ -121.384334749739324, 45.218446895166984 ], [ -121.384211874386438, 45.218470623982498 ], [ -121.384279123786229, 45.218644049392893 ], [ -121.384156248052406, 45.218667778169142 ], [ -121.38418987273576, 45.218754490924916 ], [ -121.384066996768027, 45.218778219626088 ], [ -121.38410062139134, 45.218864932427607 ], [ -121.383977745189668, 45.218888661053697 ], [ -121.384011369752955, 45.218975373900868 ], [ -121.383888493317372, 45.218999102451939 ], [ -121.383955742410848, 45.219172528247597 ], [ -121.383832865594343, 45.219196256759368 ], [ -121.383866490124518, 45.219282969707848 ], [ -121.383743613074074, 45.219306698144571 ], [ -121.383777237544237, 45.219393411138697 ], [ -121.383654360259854, 45.219417139500365 ], [ -121.38368798466999, 45.219503852540164 ], [ -121.383565107151668, 45.219527580826842 ], [ -121.383598731501763, 45.219614293912308 ], [ -121.383475853749502, 45.219638022123924 ], [ -121.383509478039571, 45.219724735255014 ], [ -121.383386600053385, 45.219748463391603 ], [ -121.383420224283427, 45.219835176568445 ], [ -121.383297346063301, 45.219858904629945 ], [ -121.383330970233288, 45.219945617852424 ], [ -121.383208091779224, 45.21996934583894 ], [ -121.383241715889199, 45.22005605910708 ], [ -121.383118837201195, 45.220079787018541 ], [ -121.383186085388004, 45.220253213656129 ], [ -121.383063206319079, 45.22027694152824 ], [ -121.383096830395914, 45.22036365489771 ], [ -121.382973951093049, 45.220387382694753 ], [ -121.383007575109872, 45.220474096109903 ], [ -121.38288469557304, 45.220497823831998 ], [ -121.382918319529836, 45.220584537292773 ], [ -121.382303919806546, 45.220703174420265 ], [ -121.382337543115327, 45.22078988806954 ], [ -121.38221466276282, 45.220813615198587 ], [ -121.382248286011574, 45.220900328893528 ], [ -121.382125405425114, 45.220924055947428 ], [ -121.382159028613813, 45.221010769688128 ], [ -121.382036147793443, 45.221034496667016 ], [ -121.382069770922101, 45.221121210453326 ], [ -121.381946889867748, 45.221144937357131 ], [ -121.381980512936366, 45.221231651189186 ], [ -121.381857631648103, 45.221255378017922 ], [ -121.381891254656665, 45.221342091895686 ], [ -121.381768373134435, 45.221365818649367 ], [ -121.38180199608297, 45.221452532572734 ], [ -121.381679114326801, 45.221476259251496 ], [ -121.381712737215281, 45.221562973220479 ], [ -121.381589855225187, 45.221586699824137 ], [ -121.381623478053612, 45.221673413838857 ], [ -121.38150059582955, 45.221697140367482 ], [ -121.381534218597935, 45.22178385442794 ], [ -121.381411336139934, 45.22180758088151 ], [ -121.381444958848306, 45.221894294987528 ], [ -121.381322076156309, 45.221918021366072 ], [ -121.381355698804626, 45.222004735517849 ], [ -121.381232815878732, 45.22202846182131 ], [ -121.381266438466994, 45.222115176018718 ], [ -121.381143555307105, 45.222138902247188 ], [ -121.381177177835326, 45.222225616490256 ], [ -121.381054294441512, 45.222249342643693 ], [ -121.381087916909678, 45.222336056932484 ], [ -121.380965033281896, 45.222359783010845 ], [ -121.380998655690036, 45.222446497345302 ], [ -121.380875771828286, 45.222470223348601 ], [ -121.380909394176356, 45.22255693772879 ], [ -121.380786510080711, 45.222580663657084 ], [ -121.380820132368697, 45.222667378082896 ], [ -121.380697248039084, 45.2226911039361 ], [ -121.380730870267058, 45.222777818407664 ], [ -121.380607985703477, 45.222801544185792 ], [ -121.380641607871368, 45.222888258703051 ], [ -121.380518723073862, 45.222911984406124 ], [ -121.380552345181712, 45.222998698969 ], [ -121.380429460150211, 45.223022424597112 ], [ -121.380463082198034, 45.223109139205626 ], [ -121.380340196932565, 45.223132864758682 ], [ -121.380373818920347, 45.223219579412962 ], [ -121.380250933420953, 45.223243304890929 ], [ -121.380284555348652, 45.223330019590868 ], [ -121.380161669615291, 45.223353744993787 ], [ -121.38019529148292, 45.223440459739457 ], [ -121.380072405515591, 45.223464185067307 ], [ -121.380106027323194, 45.223550899858679 ], [ -121.379983141121912, 45.223574625111461 ], [ -121.380016762869474, 45.223661339948507 ], [ -121.379893876434224, 45.223685065126269 ], [ -121.379927498121702, 45.223771780008981 ], [ -121.379804611452499, 45.223795505111717 ], [ -121.379838233079923, 45.223882220040146 ], [ -121.379715346176766, 45.22390594506777 ], [ -121.379748967744149, 45.223992660041837 ], [ -121.379626080607011, 45.224016384994506 ], [ -121.379659702114324, 45.224103100014297 ], [ -121.379536814743233, 45.224126824891869 ], [ -121.379570436190491, 45.224213539957304 ], [ -121.379447548585432, 45.224237264759843 ], [ -121.379481169972621, 45.224323979870967 ], [ -121.379358282133609, 45.224347704598507 ], [ -121.379391903460743, 45.224434419755305 ], [ -121.379269015387763, 45.224458144407748 ], [ -121.379302636654828, 45.224544859610248 ], [ -121.379179748347894, 45.224568584187658 ], [ -121.379314233697627, 45.224915445240491 ], [ -121.379437122592648, 45.224891720520219 ], [ -121.379537987958997, 45.225151866307577 ], [ -121.379415098622957, 45.225175591134885 ], [ -121.379448720438646, 45.225262306453075 ], [ -121.379571609921712, 45.225238581589991 ], [ -121.37960523197134, 45.225325296882403 ], [ -121.379482342341262, 45.22534902178117 ], [ -121.379583208570892, 45.225609167825404 ], [ -121.379460318412839, 45.225632892720519 ], [ -121.379527562706656, 45.225806323538045 ], [ -121.37965045315876, 45.225782598571513 ], [ -121.379684075583143, 45.225869313959564 ], [ -121.379806966095316, 45.225845588846525 ], [ -121.379874211498972, 45.226019019581159 ], [ -121.379997102218212, 45.225995294286008 ], [ -121.380030725197486, 45.226082009632563 ], [ -121.37990783433122, 45.226105734963483 ], [ -121.379941457250411, 45.226192450355761 ], [ -121.380064348263716, 45.226168724989165 ], [ -121.380131594657058, 45.226342155732262 ], [ -121.380008703349731, 45.226365881170281 ], [ -121.380075949796876, 45.226539312024769 ], [ -121.379953058108526, 45.226563037423468 ], [ -121.379986681315529, 45.226649752901402 ], [ -121.379863789393212, 45.226673478224974 ], [ -121.379897412540132, 45.226760193748625 ], [ -121.379774520383833, 45.226783918997242 ], [ -121.379808143470711, 45.226870634566559 ], [ -121.379685251080446, 45.226894359740129 ], [ -121.379718874107255, 45.226981075355177 ], [ -121.379595981482979, 45.227004800453635 ], [ -121.379629604449732, 45.22709151611442 ], [ -121.379506711591461, 45.227115241137838 ], [ -121.379540334498145, 45.22720195684424 ], [ -121.37941744140592, 45.227225681792675 ], [ -121.379451064252521, 45.227312397544821 ], [ -121.379328170926343, 45.227336122418158 ], [ -121.379496285728635, 45.227769701507391 ], [ -121.37961917978997, 45.227745976455516 ], [ -121.379686426613659, 45.227919408089711 ], [ -121.379809320882103, 45.227895682855674 ], [ -121.379842944571422, 45.22798239865206 ], [ -121.379965838899921, 45.227958673271502 ], [ -121.379999462823221, 45.228045389042158 ], [ -121.379876568347711, 45.228069114458449 ], [ -121.379910192210957, 45.228155830274808 ], [ -121.380033086833507, 45.228132104822855 ], [ -121.380066710930748, 45.228218820613549 ], [ -121.380189605613353, 45.228195095015074 ], [ -121.380256854362784, 45.228368526555002 ], [ -121.380379749252484, 45.228344800774387 ], [ -121.380480623469964, 45.228604948052059 ], [ -121.380603518713755, 45.228581222053492 ], [ -121.380637143773896, 45.228667937796992 ], [ -121.380760039077785, 45.228644211651982 ], [ -121.380793664371879, 45.228730927369824 ], [ -121.380916559735837, 45.228707201078301 ], [ -121.381051062370062, 45.229054063906553 ], [ -121.381173958235166, 45.229030337361458 ], [ -121.381207584258178, 45.229117053057742 ], [ -121.381330480183323, 45.22909332636624 ], [ -121.381364106440316, 45.22918004203683 ], [ -121.381487002425544, 45.22915631519875 ], [ -121.381520628916562, 45.229243030843627 ], [ -121.381643524961831, 45.22921930385909 ], [ -121.38167715168683, 45.229306019478308 ], [ -121.381800047792183, 45.229282292347293 ], [ -121.381833674751192, 45.229369007940726 ], [ -121.3819565709166, 45.229345280663253 ], [ -121.381990198109591, 45.229431996231021 ], [ -121.38211309433504, 45.22940826880702 ], [ -121.382146721762041, 45.229494984349017 ], [ -121.382269618047573, 45.229471256778574 ], [ -121.382303245708584, 45.229557972294884 ], [ -121.382180349276055, 45.229581699901097 ], [ -121.382213976877026, 45.229668415463109 ], [ -121.38233687345658, 45.2296446878212 ], [ -121.382437757222419, 45.229904834460129 ], [ -121.38256065415608, 45.229881106600281 ], [ -121.382695167649658, 45.230227968782671 ], [ -121.382818065084479, 45.23020424066916 ], [ -121.382918951559006, 45.230464387303762 ], [ -121.383041849347933, 45.230440658972405 ], [ -121.383075478493794, 45.230527374501548 ], [ -121.383198376342776, 45.230503646023699 ], [ -121.383232005722618, 45.230590361527099 ], [ -121.383354903631684, 45.230566632902786 ], [ -121.383388533245537, 45.230653348380471 ], [ -121.383511431214615, 45.230629619609623 ], [ -121.383545061062506, 45.230716335061651 ], [ -121.38342216294636, 45.230740063868197 ], [ -121.383455792734182, 45.230826779365913 ], [ -121.383578690997339, 45.230803050523591 ], [ -121.383612321019172, 45.230889765995585 ], [ -121.383735219342384, 45.23086603700682 ], [ -121.383768849598241, 45.230952752453149 ], [ -121.383891747981522, 45.23092902331792 ], [ -121.383925378471375, 45.231015738738442 ], [ -121.384048276914697, 45.230992009456742 ], [ -121.38408190763856, 45.231078724851507 ], [ -121.383959009048226, 45.231102454168976 ], [ -121.383992639712048, 45.231189169609522 ], [ -121.384115538449421, 45.231165440256362 ], [ -121.384149169347282, 45.231252155671193 ], [ -121.38427206814471, 45.231228426171526 ], [ -121.384305699276581, 45.231315141560636 ], [ -121.384428598134079, 45.231291411914512 ], [ -121.38446222949996, 45.231378127277928 ], [ -121.384585128417484, 45.231354397485276 ], [ -121.384618760017375, 45.231441112822949 ], [ -121.384741658994983, 45.231417382883848 ], [ -121.384775290828884, 45.231504098195735 ], [ -121.384898189866504, 45.231480368110184 ], [ -121.384931821934444, 45.231567083396364 ], [ -121.38505472103212, 45.231543353164305 ], [ -121.385088353334083, 45.231630068424799 ], [ -121.385211252491814, 45.23160633804622 ], [ -121.385244885027817, 45.23169305328102 ], [ -121.38536778424556, 45.231669322755948 ], [ -121.385401417015572, 45.231756037964999 ], [ -121.385524316293385, 45.231732307293441 ], [ -121.385557949297407, 45.23181902247677 ], [ -121.385680848635246, 45.231795291658692 ], [ -121.385714481873308, 45.231882006816299 ], [ -121.385837381271216, 45.231858275851806 ], [ -121.385938281948413, 45.232118421277455 ], [ -121.386061181700413, 45.232094690095003 ], [ -121.386094815580506, 45.232181405221176 ], [ -121.386217715392561, 45.232157673892239 ], [ -121.386251349506665, 45.23224438899269 ], [ -121.386374249378761, 45.232220657517239 ], [ -121.386475152684199, 45.232480802771455 ], [ -121.386598052910372, 45.232457071078031 ], [ -121.386631687666522, 45.232543786147026 ], [ -121.386508787293295, 45.232567517876191 ], [ -121.386542421989432, 45.232654232990932 ], [ -121.3866653225097, 45.232630501226097 ], [ -121.386732592457022, 45.232803931414132 ], [ -121.386609691642661, 45.232827663250454 ], [ -121.386643326599781, 45.23291437839525 ], [ -121.38652042555141, 45.23293811015651 ], [ -121.386587695432553, 45.233111540547512 ], [ -121.386464794003103, 45.233135272269521 ], [ -121.38649842892714, 45.233221987515726 ], [ -121.386621330503601, 45.233198255758033 ], [ -121.386823142756953, 45.233718547231256 ], [ -121.386700240298239, 45.233742279203334 ], [ -121.386733875831268, 45.233828994519641 ], [ -121.386610973138502, 45.233852726416664 ], [ -121.386644608611476, 45.233939441778666 ], [ -121.3865217056847, 45.233963173600699 ], [ -121.386555341097619, 45.234049889008439 ], [ -121.386432437936776, 45.234073620755431 ], [ -121.386466073289682, 45.234160336208902 ], [ -121.386343169894801, 45.234184067880904 ], [ -121.386410440567488, 45.234357498889374 ], [ -121.386287536791528, 45.23438123052199 ], [ -121.386321172111323, 45.234467946076947 ], [ -121.386198268101325, 45.234491677634523 ], [ -121.386231903361079, 45.234578393235267 ], [ -121.386108999117042, 45.234602124717789 ], [ -121.386142634316741, 45.234688840364278 ], [ -121.386019729838665, 45.234712571771823 ], [ -121.386087000204981, 45.234886003166253 ], [ -121.385964095345798, 45.234909734534405 ], [ -121.386031365766044, 45.235083166040368 ], [ -121.386154270919306, 45.235059434600728 ], [ -121.38618790640696, 45.235146150333051 ], [ -121.386310811620277, 45.235122418746855 ], [ -121.386344447341997, 45.235209134453392 ], [ -121.386467352615355, 45.235185402720759 ], [ -121.386500988571115, 45.235272118401618 ], [ -121.386623893904527, 45.23524838652245 ], [ -121.386657530094311, 45.235335102177558 ], [ -121.386780435487751, 45.235311370151955 ], [ -121.38681407191163, 45.235398085781284 ], [ -121.386936977365124, 45.23537435360916 ], [ -121.386970614023014, 45.235461069212853 ], [ -121.387093519536549, 45.235437336894229 ], [ -121.387127156428505, 45.235524052472172 ], [ -121.387250062002082, 45.235500320006985 ], [ -121.387283699128105, 45.235587035559227 ], [ -121.387406604761708, 45.235563302947604 ], [ -121.38744024212177, 45.235650018474097 ], [ -121.387686053422087, 45.235602552847041 ], [ -121.387719691163255, 45.235689268312115 ], [ -121.387965502409656, 45.235641802170491 ], [ -121.387999140531903, 45.235728517574081 ], [ -121.38824495172436, 45.235681050917911 ], [ -121.388278590227713, 45.235767766260061 ], [ -121.388401495840455, 45.235744032730111 ], [ -121.388435134577875, 45.235830748046553 ], [ -121.388680945836427, 45.235783280582815 ], [ -121.388714584954954, 45.235869995837788 ], [ -121.388837490600778, 45.235846261904058 ], [ -121.388871129953358, 45.235932977133352 ], [ -121.388994035659209, 45.235909243053051 ], [ -121.389027675245828, 45.235995958256581 ], [ -121.38915058101172, 45.235972224029837 ], [ -121.389184220832405, 45.236058939207695 ], [ -121.389307126658323, 45.236035204834366 ], [ -121.389340766713048, 45.236121919986523 ], [ -121.389463672599021, 45.236098185466709 ], [ -121.389497312887826, 45.236184900593081 ], [ -121.389620218833798, 45.236161165926845 ], [ -121.38965385935667, 45.236247881027467 ], [ -121.389776765362683, 45.236224146214731 ], [ -121.389810406119594, 45.236310861289638 ], [ -121.389933312185633, 45.236287126330346 ], [ -121.389966953176611, 45.236373841379589 ], [ -121.390212765341758, 45.236326371057203 ], [ -121.390246406713842, 45.236413086044955 ], [ -121.390492218825003, 45.236365615208094 ], [ -121.390525860578194, 45.23645233013437 ], [ -121.390648766650287, 45.236428594514038 ], [ -121.390682408637545, 45.236515309414557 ], [ -121.390805314769679, 45.236491573647733 ], [ -121.390838956991004, 45.236578288522566 ], [ -121.390961863183136, 45.236554552609249 ], [ -121.390995505638529, 45.236641267458353 ], [ -121.391241318055847, 45.236593795227883 ], [ -121.391274960892346, 45.236680510015496 ], [ -121.391397867117533, 45.236656773698364 ], [ -121.391431510188085, 45.23674348846027 ], [ -121.391554416473298, 45.23671975199666 ], [ -121.391588059777916, 45.236806466732865 ], [ -121.391710966123128, 45.236782730122698 ], [ -121.391744609661828, 45.236869444833125 ], [ -121.391867516067094, 45.236845708076537 ], [ -121.391901159839833, 45.236932422761242 ], [ -121.392269878974574, 45.2368612117195 ], [ -121.392236234760674, 45.236774497141923 ], [ -121.392604952671064, 45.236703285210496 ], [ -121.392638597326084, 45.236789999680774 ], [ -121.393130220576424, 45.236695048745069 ], [ -121.393163865906615, 45.236781763082483 ], [ -121.393286771648661, 45.236758025035861 ], [ -121.39325312617143, 45.236671310734302 ], [ -121.393498937100389, 45.236623834380289 ], [ -121.393532582871714, 45.236710548610397 ], [ -121.393655488352707, 45.236686810231504 ], [ -121.393689134358098, 45.236773524435925 ], [ -121.393812039899089, 45.23674978591049 ], [ -121.393845686138562, 45.236836500089169 ], [ -121.393968591739551, 45.236812761417262 ], [ -121.394002238213091, 45.236899475570198 ], [ -121.394125143874106, 45.236875736751784 ], [ -121.394158790581713, 45.236962450878984 ], [ -121.394281696302741, 45.236938711914085 ], [ -121.394315343244415, 45.237025426015542 ], [ -121.394929871279274, 45.2369067293508 ], [ -121.394963519043174, 45.236993443283538 ], [ -121.395086424536075, 45.23696970358251 ], [ -121.39512007253407, 45.237056417489576 ], [ -121.395242978086969, 45.237032677642006 ], [ -121.395276626319031, 45.237119391523322 ], [ -121.395768248248515, 45.23702443088262 ], [ -121.395801897155764, 45.237111144630973 ], [ -121.396293518280828, 45.237016182075088 ], [ -121.396327167863248, 45.23710289569042 ], [ -121.396572978197639, 45.237055413676373 ], [ -121.396606628161166, 45.237142127230264 ], [ -121.396852438441471, 45.237094644701692 ], [ -121.396886088786133, 45.237181358194036 ], [ -121.397008993942762, 45.237157616727863 ], [ -121.397042644521477, 45.237244330194507 ], [ -121.397165549738105, 45.237220588581813 ], [ -121.397199200550915, 45.237307302022714 ], [ -121.397322105827541, 45.237283560263528 ], [ -121.397355756874418, 45.237370273678692 ], [ -121.397478662211029, 45.237346531772957 ], [ -121.397512313492001, 45.237433245162414 ], [ -121.39763521888861, 45.2374095031102 ], [ -121.397668870403649, 45.237496216473886 ], [ -121.398037586512359, 45.237424989545325 ], [ -121.398071238555531, 45.23751170281183 ], [ -121.398194143898024, 45.237487960245005 ], [ -121.398160491707827, 45.237401247014333 ], [ -121.398406301837653, 45.237353761619893 ], [ -121.39837264944039, 45.237267048470677 ], [ -121.398495554227694, 45.237243305643119 ], [ -121.39846190177046, 45.237156592539634 ], [ -121.398830615169032, 45.237085363499553 ], [ -121.398796962357736, 45.236998650513328 ], [ -121.398919866502823, 45.23697490731422 ], [ -121.398953519461131, 45.23706162026464 ], [ -121.399199327784189, 45.237014133462601 ], [ -121.399165674531801, 45.236927420583626 ], [ -121.399288578415735, 45.236903677052204 ], [ -121.399254925103364, 45.236816964219031 ], [ -121.399623635791798, 45.236745733067394 ], [ -121.399589982125377, 45.236659020351432 ], [ -121.39971288536708, 45.236635276448496 ], [ -121.399679231640675, 45.236548563778314 ], [ -121.399802134648283, 45.236524819800287 ], [ -121.39976848086188, 45.236438107175886 ], [ -121.400137188921377, 45.236366874684613 ], [ -121.400103534780968, 45.236280162177437 ], [ -121.40022643714633, 45.236256417827903 ], [ -121.400192782945922, 45.236169705366486 ], [ -121.400315685077231, 45.236145960941919 ], [ -121.400282030816854, 45.23605924852631 ], [ -121.40052783452424, 45.236011759416392 ], [ -121.400561489078655, 45.236098471760549 ], [ -121.40068439094884, 45.236074727003739 ], [ -121.400718045737307, 45.236161439322132 ], [ -121.400840947667461, 45.236137694418829 ], [ -121.400807292731926, 45.236050982136121 ], [ -121.401175997558965, 45.235979746868828 ], [ -121.401209652935563, 45.236066459044196 ], [ -121.401332554517495, 45.236042713697842 ], [ -121.40136621012816, 45.236129425847487 ], [ -121.401489111770076, 45.236105680354612 ], [ -121.401522767614807, 45.236192392478479 ], [ -121.401768570931523, 45.236144901088934 ], [ -121.401802227157361, 45.236231613151382 ], [ -121.401925128832161, 45.236207867254684 ], [ -121.401958785292067, 45.236294579291354 ], [ -121.40208168702685, 45.236270833248192 ], [ -121.402115343720837, 45.236357545259054 ], [ -121.402238245515562, 45.236333799069364 ], [ -121.402305559458767, 45.236507223049685 ], [ -121.402428461460488, 45.236483476677776 ], [ -121.402462118709693, 45.236570188647228 ], [ -121.402585020771383, 45.236546442128699 ], [ -121.40265233582501, 45.236719866026107 ], [ -121.402775238093682, 45.236696119325352 ], [ -121.402808895898104, 45.236782831253265 ], [ -121.402931798226774, 45.23675908440601 ], [ -121.40296545626525, 45.236845796308153 ], [ -121.403088358653875, 45.236822049314462 ], [ -121.40312201692646, 45.23690876119089 ], [ -121.403613626198492, 45.236813771965181 ], [ -121.403579967337805, 45.23672706023175 ], [ -121.403702869291152, 45.236703312684192 ], [ -121.403669210370524, 45.236616600996534 ], [ -121.403792112089789, 45.236592853373985 ], [ -121.403758453109177, 45.236506141732065 ], [ -121.404127157303535, 45.236434898307145 ], [ -121.404194476233897, 45.236608321386342 ], [ -121.404317377751937, 45.236584573284965 ], [ -121.404384697324588, 45.23675799633277 ], [ -121.404507599049609, 45.236734248049103 ], [ -121.404574919264519, 45.23690767106541 ], [ -121.404697821196521, 45.236883922599517 ], [ -121.404731481581607, 45.236970634086923 ], [ -121.404854383573564, 45.236946885474467 ], [ -121.404921704898953, 45.237120308407746 ], [ -121.405044607097892, 45.237096559613057 ], [ -121.405078268038196, 45.237183271058981 ], [ -121.405201170297119, 45.237159522117764 ], [ -121.405234831471503, 45.237246233537874 ], [ -121.405357733790339, 45.237222484450157 ], [ -121.405391395198833, 45.237309195844553 ], [ -121.405514297577639, 45.237285446610336 ], [ -121.40558162094986, 45.237458869357603 ], [ -121.405704523535633, 45.237435119941097 ], [ -121.40577184755017, 45.237608542656865 ], [ -121.405894750342895, 45.237584793058048 ], [ -121.405928412627802, 45.237671504395188 ], [ -121.406051315480511, 45.237647754649906 ], [ -121.406084977999484, 45.237734465961275 ], [ -121.406207880912149, 45.237710716069437 ], [ -121.406241543665217, 45.237797427355048 ], [ -121.406364446637824, 45.23777367731676 ], [ -121.406398109624973, 45.237860388576628 ], [ -121.406521012657549, 45.237836638391755 ], [ -121.406554675878809, 45.237923349625888 ], [ -121.406677578971326, 45.237899599294487 ], [ -121.406711242426667, 45.237986310502855 ], [ -121.40683414557914, 45.237962560024961 ], [ -121.406867809268562, 45.238049271207579 ], [ -121.406990712480976, 45.238025520583122 ], [ -121.407058040415109, 45.238198942906877 ], [ -121.407180943834518, 45.238175192100194 ], [ -121.407214608079215, 45.23826190324128 ], [ -121.407337511558538, 45.238238152288062 ], [ -121.40737117603733, 45.238324863403435 ], [ -121.407494079576608, 45.238301112303645 ], [ -121.40752774428951, 45.238387823393296 ], [ -121.40765064788873, 45.238364072147036 ], [ -121.407684312835727, 45.238450783210837 ], [ -121.407807216494902, 45.238427031818048 ], [ -121.407840881676009, 45.238513742856171 ], [ -121.407963785395125, 45.238489991316818 ], [ -121.408098447578325, 45.238836835426241 ], [ -121.408221351798474, 45.238813083633076 ], [ -121.408255017708996, 45.238899794649697 ], [ -121.408377921989057, 45.238876042710075 ], [ -121.408411588133703, 45.238962753700882 ], [ -121.408534492473706, 45.238939001614746 ], [ -121.408568158852432, 45.239025712579817 ], [ -121.408691063252391, 45.239001960347146 ], [ -121.408724729865241, 45.239088671286467 ], [ -121.408847634325141, 45.239064918907275 ], [ -121.408881301172073, 45.239151629820839 ], [ -121.409004205691929, 45.239127877295083 ], [ -121.40903787277297, 45.239214588182904 ], [ -121.409160777352739, 45.23919083551062 ], [ -121.409194444667904, 45.239277546372691 ], [ -121.409317349307628, 45.239253793553907 ], [ -121.409351016856874, 45.239340504390221 ], [ -121.40947392155654, 45.239316751424909 ], [ -121.409507589339896, 45.239403462235451 ], [ -121.409630494099517, 45.239379709123632 ], [ -121.409664162116968, 45.239466419908432 ], [ -121.409787066936502, 45.239442666650064 ], [ -121.409820735188092, 45.23952937740907 ], [ -121.409943640067581, 45.239505624004174 ], [ -121.409977308553238, 45.23959233473748 ], [ -121.410100213492669, 45.239568581186049 ], [ -121.410133882212463, 45.239655291893577 ], [ -121.410256787211807, 45.239631538195638 ], [ -121.410290456165697, 45.239718248877381 ], [ -121.410413361224997, 45.239694495032936 ], [ -121.41044703041301, 45.239781205688871 ], [ -121.410569935532237, 45.239757451697876 ], [ -121.410603604954346, 45.239844162328133 ], [ -121.410726510133514, 45.239820408190596 ], [ -121.410760179789747, 45.239907118795138 ], [ -121.410883085028857, 45.239883364511037 ], [ -121.410916754919199, 45.239970075089786 ], [ -121.411039660218208, 45.239946320659207 ], [ -121.41107333034266, 45.240033031212143 ], [ -121.411196235701624, 45.240009276635028 ], [ -121.411229906060214, 45.240095987162285 ], [ -121.411352811479091, 45.2400722324386 ], [ -121.411386482071777, 45.240158942940077 ], [ -121.411509387550609, 45.240135188069921 ], [ -121.411543058377404, 45.240221898545613 ], [ -121.41166596391615, 45.240198143528879 ], [ -121.411699634977055, 45.240284853978807 ], [ -121.411822540575756, 45.240261098815616 ], [ -121.411856211870784, 45.240347809239736 ], [ -121.411979117529398, 45.24032405393001 ], [ -121.412012789058537, 45.240410764328409 ], [ -121.412135694777078, 45.240387008872098 ], [ -121.41216936654034, 45.24047371924474 ], [ -121.412292272318822, 45.240449963641964 ], [ -121.412325944316194, 45.240536673988814 ], [ -121.412448850154604, 45.240512918239482 ], [ -121.412482522386085, 45.240599628560588 ], [ -121.412605428284408, 45.240575872664721 ], [ -121.412639100750027, 45.240662582960077 ], [ -121.412762006708277, 45.240638826917674 ], [ -121.412795679408021, 45.240725537187295 ], [ -121.412918585426198, 45.240701780998371 ], [ -121.412952258360036, 45.240788491242157 ], [ -121.413075164438141, 45.240764734906683 ], [ -121.413108837606131, 45.240851445124768 ], [ -121.413231743744149, 45.24082768864276 ], [ -121.413265417146249, 45.240914398835088 ], [ -121.413388323344194, 45.240890642206523 ], [ -121.413421996980432, 45.240977352373136 ], [ -121.413544903238289, 45.240953595598008 ], [ -121.413578577108623, 45.241040305738821 ], [ -121.413701483426436, 45.241016548817186 ], [ -121.413735157530908, 45.241103258932256 ], [ -121.413858063908606, 45.241079501864142 ], [ -121.413891738247216, 45.241166211953413 ], [ -121.414014644684841, 45.241142454738693 ], [ -121.414048319257546, 45.241229164802213 ], [ -121.414171225755112, 45.241205407441008 ], [ -121.414204900561955, 45.241292117478764 ], [ -121.414327807119435, 45.241268359971009 ], [ -121.414361482160388, 45.24135506998298 ], [ -121.41448438877778, 45.24133131232874 ], [ -121.414518064052899, 45.241418022314896 ], [ -121.414640970730176, 45.241394264514128 ], [ -121.414674646239419, 45.241480974474541 ], [ -121.414797552976623, 45.241457216527223 ], [ -121.41483122871999, 45.241543926461937 ], [ -121.414954135517121, 45.241520168368027 ], [ -121.414987811494612, 45.241606878276947 ], [ -121.41511071835167, 45.241583120036545 ], [ -121.415144394563299, 45.241669829919687 ], [ -121.415267301480242, 45.241646071532749 ], [ -121.41530097792598, 45.241732781390127 ], [ -121.415423884902879, 45.241709022856647 ], [ -121.415457561582755, 45.241795732688253 ], [ -121.415580468619552, 45.24177197400828 ], [ -121.415614145533567, 45.241858683814094 ], [ -121.415737052630263, 45.24183492498755 ], [ -121.415770729778416, 45.241921634767607 ], [ -121.415893636935024, 45.241897875794542 ], [ -121.415927314317301, 45.24198458554887 ], [ -121.416050221533837, 45.241960826429285 ], [ -121.416083899150223, 45.242047536157799 ], [ -121.4162068064267, 45.242023776891621 ], [ -121.416240484277239, 45.24211048659442 ], [ -121.416363391613586, 45.242086727181743 ], [ -121.416397069698249, 45.242173436858771 ], [ -121.416519977094524, 45.24214967729953 ], [ -121.416553655413324, 45.242236386950772 ], [ -121.416676562869526, 45.242212627245038 ], [ -121.41671024142245, 45.242299336870524 ], [ -121.416833148938537, 45.242275577018191 ], [ -121.416866827725613, 45.242362286617869 ], [ -121.416989735301598, 45.242338526619065 ], [ -121.417023414322827, 45.242425236192993 ], [ -121.417146321958739, 45.24240147604764 ], [ -121.417180001214078, 45.242488185595782 ], [ -121.417302908909889, 45.242464425303865 ], [ -121.417336588399394, 45.242551134826307 ], [ -121.417459496155118, 45.242527374387848 ], [ -121.417493175878732, 45.242614083884469 ], [ -121.417616083694355, 45.242590323299495 ], [ -121.417649763652122, 45.242677032770345 ], [ -121.417772671527629, 45.242653272038822 ], [ -121.417806351719562, 45.242739981483929 ], [ -121.417929259654997, 45.24271622060585 ], [ -121.41796294008104, 45.242802930025199 ], [ -121.418085848076373, 45.242779169000578 ], [ -121.418119528736554, 45.242865878394106 ], [ -121.418242436791786, 45.242842117222935 ], [ -121.418276117686133, 45.24292882659077 ], [ -121.41839902580125, 45.242905065273071 ], [ -121.418432706929735, 45.242991774615071 ], [ -121.418555615104765, 45.242968013150815 ], [ -121.418589296467388, 45.243054722467086 ], [ -121.418712204702359, 45.243030960856316 ], [ -121.418745886299092, 45.243117670146837 ], [ -121.418868794593934, 45.243093908389483 ], [ -121.418902476424847, 45.243180617654218 ], [ -121.419025384779601, 45.243156855750364 ], [ -121.419059066844653, 45.243243564989314 ], [ -121.419181975259278, 45.243219802938917 ], [ -121.419215657558496, 45.243306512152081 ], [ -121.419338566033019, 45.243282749955114 ], [ -121.419372248566361, 45.243369459142528 ], [ -121.419495157100798, 45.243345696799032 ], [ -121.419528839868278, 45.243432405960689 ], [ -121.419651748462627, 45.243408643470609 ], [ -121.419685431464259, 45.243495352606473 ], [ -121.419808340118507, 45.243471589969921 ], [ -121.419842023354292, 45.243558299080036 ], [ -121.41996493206841, 45.243534536296934 ], [ -121.419998615538347, 45.243621245381192 ], [ -121.42012152431235, 45.243597482451555 ], [ -121.420155208016453, 45.243684191510098 ], [ -121.420278116850355, 45.243660428433884 ], [ -121.420446537412843, 45.244093973698 ], [ -121.420569446894746, 45.244070210332026 ], [ -121.420603131415632, 45.244156919379101 ], [ -121.420726040957433, 45.244133155866649 ], [ -121.420759725712486, 45.244219864887981 ], [ -121.420882635314172, 45.244196101228987 ], [ -121.420916320303391, 45.244282810224497 ], [ -121.421039229964961, 45.244259046418961 ], [ -121.421072915188347, 45.244345755388707 ], [ -121.421195824909802, 45.2443219914366 ], [ -121.421229510367326, 45.24440870038061 ], [ -121.421352420148679, 45.244384936281953 ], [ -121.421386105840369, 45.244471645200164 ], [ -121.421509015681622, 45.244447880954958 ], [ -121.421542701607464, 45.244534589847447 ], [ -121.421665611508601, 45.24451082545567 ], [ -121.421699297668596, 45.244597534322331 ], [ -121.421822207629617, 45.244573769784054 ], [ -121.421855894023778, 45.244660478624979 ], [ -121.421978804044699, 45.244636713940118 ], [ -121.422012490672998, 45.244723422755214 ], [ -121.422135400753803, 45.244699657923896 ], [ -121.422202774565889, 45.244873075512537 ], [ -121.422079864191062, 45.244896840415493 ], [ -121.422113551080784, 45.244983549260709 ], [ -121.421990640471762, 45.245007314088653 ], [ -121.422058014218607, 45.245180731880609 ], [ -121.422180925121651, 45.245156966981057 ], [ -121.422214612272811, 45.245243675856294 ], [ -121.422337523235726, 45.245219910810178 ], [ -121.422371210621051, 45.245306619659594 ], [ -121.422494121643865, 45.245282854466893 ], [ -121.422527809263357, 45.245369563290566 ], [ -121.422650720346041, 45.245345797951359 ], [ -121.4226844081997, 45.245432506749239 ], [ -121.422807319342311, 45.245408741263475 ], [ -121.422841007430094, 45.245495450035662 ], [ -121.422963918632576, 45.245471684403348 ], [ -121.422997606954567, 45.245558393149615 ], [ -121.423120518216905, 45.245534627370787 ], [ -121.423154206773035, 45.245621336091368 ], [ -121.423277118095299, 45.245597570165927 ], [ -121.423310806885596, 45.245684278860686 ], [ -121.423433718267731, 45.245660512788739 ], [ -121.423467407292208, 45.245747221457748 ], [ -121.423590318734227, 45.245723455239208 ], [ -121.423624007992871, 45.245810163882467 ], [ -121.423746919494747, 45.245786397517399 ], [ -121.423780608987556, 45.245873106134887 ], [ -121.423903520549345, 45.24584933962322 ], [ -121.423937210276321, 45.245936048214922 ], [ -121.424060121897966, 45.245912281556777 ], [ -121.424093811859137, 45.245998990122679 ], [ -121.424216723540653, 45.24597522331792 ], [ -121.42425041373599, 45.246061931858058 ], [ -121.424373325477376, 45.246038164906757 ], [ -121.424407015906866, 45.246124873421152 ], [ -121.424529927708164, 45.246101106323302 ], [ -121.424563618371849, 45.246187814811897 ], [ -121.424686530233004, 45.246164047567468 ], [ -121.424720221130826, 45.246250756030307 ], [ -121.42484313305188, 45.246226988639329 ], [ -121.424876824183897, 45.246313697076388 ], [ -121.424999736164807, 45.246289929538854 ], [ -121.425033427531005, 45.246376637950128 ], [ -121.425156339571799, 45.246352870266072 ], [ -121.425190031172178, 45.24643957865154 ], [ -121.425312943272843, 45.246415810820956 ], [ -121.42534663510736, 45.246502519180602 ], [ -121.425469547267895, 45.246478751203483 ], [ -121.425503239336621, 45.246565459537393 ], [ -121.425626151557026, 45.246541691413647 ], [ -121.425659843859918, 45.246628399721814 ], [ -121.425782756140222, 45.246604631451532 ], [ -121.425816448677281, 45.246691339733914 ], [ -121.425939361017441, 45.246667571317019 ], [ -121.425973053788681, 45.246754279573672 ], [ -121.426095966188726, 45.246730511010213 ], [ -121.426129659194146, 45.246817219241059 ], [ -121.426252571654061, 45.246793450531072 ], [ -121.426286264893662, 45.246880158736126 ], [ -121.426409177413433, 45.246856389879646 ], [ -121.426442870887229, 45.246943098058878 ], [ -121.426565783466856, 45.246919329055793 ], [ -121.426599477174847, 45.247006037209275 ], [ -121.426722389814316, 45.246982268059625 ], [ -121.426756083756501, 45.247068976187343 ], [ -121.426878996455869, 45.247045206891151 ], [ -121.426912690632193, 45.247131914993126 ], [ -121.427035603391431, 45.247108145550314 ], [ -121.427069297801935, 45.247194853626468 ], [ -121.427192210621058, 45.247171084037177 ], [ -121.427225905265757, 45.247257792087517 ], [ -121.427348818144736, 45.24723402235162 ], [ -121.42738251302363, 45.247320730376231 ], [ -121.427505425962465, 45.247296960493792 ], [ -121.427539121075512, 45.247383668492624 ], [ -121.427662034074217, 45.2473598984636 ], [ -121.427695729421487, 45.247446606436668 ], [ -121.427818642480062, 45.247422836261144 ], [ -121.427852338061498, 45.247509544208349 ], [ -121.427975251179916, 45.247485773886211 ], [ -121.428008946995547, 45.247572481807673 ], [ -121.428131860173863, 45.247548711339043 ], [ -121.428165556223675, 45.247635419234697 ], [ -121.428288469461805, 45.247611648619454 ], [ -121.428322165745811, 45.24769835648938 ], [ -121.428445079043826, 45.247674585727559 ], [ -121.428478775562013, 45.247761293571692 ], [ -121.428601688919898, 45.24773752266335 ], [ -121.42863538567228, 45.247824230481697 ], [ -121.428758299090006, 45.247800459426784 ], [ -121.428791996076612, 45.247887167219325 ], [ -121.42891490955418, 45.247863396017884 ], [ -121.428948606774938, 45.247950103784611 ], [ -121.429071520312405, 45.247926332436606 ], [ -121.429105217767358, 45.248013040177604 ], [ -121.429228131364667, 45.247989268682979 ], [ -121.4292618290538, 45.248075976398205 ], [ -121.42938474271098, 45.248052204757002 ], [ -121.429418440634322, 45.248138912446422 ], [ -121.429541354351343, 45.248115140658705 ], [ -121.429575052508881, 45.24820184832236 ], [ -121.429697966285744, 45.248178076388072 ], [ -121.429731664677462, 45.248264784025942 ], [ -121.42985457851421, 45.248241011945062 ], [ -121.429888277140151, 45.248327719557174 ], [ -121.430011191036726, 45.248303947329745 ], [ -121.430044889896834, 45.24839065491603 ], [ -121.430167803853294, 45.248366882542072 ], [ -121.430201502947583, 45.248453590102578 ], [ -121.430324416963884, 45.248429817581993 ], [ -121.430358116292396, 45.248516525116727 ], [ -121.43048103036854, 45.2484927524496 ], [ -121.430514729931247, 45.248579459958592 ], [ -121.430637644067232, 45.248555687144894 ], [ -121.430671343864148, 45.248642394628028 ], [ -121.43079425805999, 45.248618621667823 ], [ -121.430827958091101, 45.248705329125173 ], [ -121.430950872346813, 45.248681556018369 ], [ -121.430984572612104, 45.248768263449989 ], [ -121.431107486927658, 45.248744490196586 ], [ -121.431141187427144, 45.248831197602406 ], [ -121.43126410180254, 45.248807424202418 ], [ -121.43129780253625, 45.248894131582489 ], [ -121.431420716971502, 45.248870358035965 ], [ -121.431454417939392, 45.248957065390222 ], [ -121.4315773324345, 45.248933291697128 ], [ -121.431611033636585, 45.249019999025563 ], [ -121.43173394819155, 45.248996225185927 ], [ -121.431767649627858, 45.249082932488605 ], [ -121.431890564242636, 45.249059158502398 ], [ -121.431924265913153, 45.249145865779248 ], [ -121.432047180587773, 45.24912209164652 ], [ -121.432080882492485, 45.249208798897591 ], [ -121.43220379722699, 45.249185024618271 ], [ -121.432237499365911, 45.249271731843542 ], [ -121.432360414160229, 45.249247957417616 ], [ -121.432394116533345, 45.249334664617159 ], [ -121.432517031387505, 45.249310890044669 ], [ -121.43255073399483, 45.249397597218383 ], [ -121.432673648908846, 45.249373822499315 ], [ -121.432707351750366, 45.249460529647273 ], [ -121.43283026672421, 45.249436754781669 ], [ -121.432863969799982, 45.249523461903834 ], [ -121.432986884833653, 45.249499686891674 ], [ -121.433020588143606, 45.24958639398799 ], [ -121.433635162739463, 45.249467517086607 ], [ -121.433668866871713, 45.249554224013998 ], [ -121.434283440023037, 45.249435344164567 ], [ -121.434317144977598, 45.249522050922913 ], [ -121.434440059493326, 45.249498274584965 ], [ -121.434406354391754, 45.249411567862445 ], [ -121.434775096974761, 45.249340238291431 ], [ -121.434741391519339, 45.249253531686435 ], [ -121.435233046487966, 45.249158424184451 ], [ -121.43526675253149, 45.249245130646216 ], [ -121.435758406693154, 45.249150021228871 ], [ -121.435724700061556, 45.249063314910359 ], [ -121.436093439326271, 45.248991981791811 ], [ -121.436127146398903, 45.249078688002932 ], [ -121.436987535993964, 45.248912239932565 ], [ -121.437021244182915, 45.248998945902997 ], [ -121.437144156780434, 45.248975167128386 ], [ -121.43717786520358, 45.249061873073032 ], [ -121.437423690431118, 45.249014315119908 ], [ -121.437457399235484, 45.2491010210029 ], [ -121.437580311865446, 45.249077241824381 ], [ -121.437614020904036, 45.249163947681595 ], [ -121.437859846196432, 45.249116388920683 ], [ -121.437893555616256, 45.249203094716314 ], [ -121.438139380853883, 45.249155535440785 ], [ -121.438173090654928, 45.249242241174692 ], [ -121.438296003289949, 45.249218461335055 ], [ -121.438329713325203, 45.249305167043175 ], [ -121.438575538627688, 45.249257606959851 ], [ -121.438609249044177, 45.249344312606439 ], [ -121.43885507429188, 45.249296752008448 ], [ -121.438888785089603, 45.249383457593346 ], [ -121.439380435126665, 45.249288334925097 ], [ -121.439346723740925, 45.249201629483458 ], [ -121.439469635885189, 45.249177848575357 ], [ -121.43950334741794, 45.249264553981206 ], [ -121.440117907566247, 45.24914564760013 ], [ -121.440151619921238, 45.249232352836898 ], [ -121.440397443664168, 45.249184789437564 ], [ -121.440431156400393, 45.249271494612728 ], [ -121.440799891801746, 45.249200148575625 ], [ -121.440833605066217, 45.249286853653317 ], [ -121.441079428525114, 45.249239289003214 ], [ -121.441113142170792, 45.24932599401928 ], [ -121.441604788630116, 45.249230863246709 ], [ -121.441638502951051, 45.249317568129506 ], [ -121.441761414494863, 45.249293785123712 ], [ -121.441795129050021, 45.24938048998068 ], [ -121.441918040653647, 45.249356706828273 ], [ -121.441951755443014, 45.249443411659442 ], [ -121.442197578682595, 45.249395844950705 ], [ -121.442231293853197, 45.249482549720305 ], [ -121.442354205489195, 45.24945876616399 ], [ -121.442387920894006, 45.249545470907698 ], [ -121.442510832589804, 45.249521687204847 ], [ -121.442544548228838, 45.249608391922784 ], [ -121.44266745998442, 45.249584608073327 ], [ -121.442701175857678, 45.249671312765436 ], [ -121.44282408767306, 45.24964752876943 ], [ -121.442857803780527, 45.249734233435753 ], [ -121.443103627443648, 45.249686665039789 ], [ -121.443137343932349, 45.249773369644501 ], [ -121.443383167540631, 45.249725800733898 ], [ -121.443416884410553, 45.249812505276957 ], [ -121.443539796230894, 45.249788720619684 ], [ -121.443573513335053, 45.24987542513697 ], [ -121.443696425215165, 45.249851640333119 ], [ -121.44373014255352, 45.249938344824564 ], [ -121.443853054493431, 45.249914559874128 ], [ -121.443819337008051, 45.249827855418502 ], [ -121.444188071863437, 45.24975650001025 ], [ -121.44422178978985, 45.249843204358363 ], [ -121.445082169095414, 45.249676704278706 ], [ -121.445115888138062, 45.249763408386094 ], [ -121.445484621258899, 45.249692049440362 ], [ -121.445450901775246, 45.249605345440415 ], [ -121.445942544127192, 45.249510198772228 ], [ -121.445976264198848, 45.24959690262888 ], [ -121.446344995487991, 45.249525541357379 ], [ -121.446378716087878, 45.249612245116516 ], [ -121.44773072571536, 45.24935057819939 ], [ -121.447764448019441, 45.249437281574437 ], [ -121.448010267111755, 45.249389704259976 ], [ -121.448043989797071, 45.249476407573304 ], [ -121.448289808834446, 45.249428829744218 ], [ -121.448323531900996, 45.2495155329959 ], [ -121.448446441435834, 45.249491743879375 ], [ -121.448480164736594, 45.249578447105314 ], [ -121.448603074331217, 45.249554657842189 ], [ -121.448636797866186, 45.249641361042322 ], [ -121.44875970752058, 45.249617571632619 ], [ -121.448793431289786, 45.249704274806902 ], [ -121.448916341003923, 45.24968048525065 ], [ -121.448950065007352, 45.249767188399076 ], [ -121.449072974781259, 45.249743398696211 ], [ -121.449106699018955, 45.249830101818866 ], [ -121.449229608852605, 45.249806311969522 ], [ -121.44926333332451, 45.24989301506632 ], [ -121.44938624321793, 45.249869225070306 ], [ -121.449419967924058, 45.249955928141311 ], [ -121.449542877877235, 45.249932137998762 ], [ -121.449576602817601, 45.250018841043868 ], [ -121.449699512830563, 45.249995050754769 ], [ -121.449733238005152, 45.25008175377414 ], [ -121.44985614807787, 45.250057963338364 ], [ -121.449889873486697, 45.250144666331927 ], [ -121.450012783619158, 45.250120875749587 ], [ -121.450046509262208, 45.250207578717301 ], [ -121.45016941945444, 45.250183787988455 ], [ -121.450203145331727, 45.250270490930333 ], [ -121.45032605558373, 45.250246700054866 ], [ -121.450359781695255, 45.250333402970938 ], [ -121.450482692007, 45.2503096119489 ], [ -121.450516418352734, 45.250396314839165 ], [ -121.45063932872425, 45.250372523670507 ], [ -121.450673055304236, 45.250459226534971 ], [ -121.450795965735495, 45.250435435219757 ], [ -121.450829692549718, 45.250522138058308 ], [ -121.450952603040719, 45.250498346596551 ], [ -121.450986330089222, 45.250585049409317 ], [ -121.451109240639965, 45.250561257800932 ], [ -121.451142967922678, 45.250647960587891 ], [ -121.451265878533192, 45.250624168832921 ], [ -121.451299606050142, 45.250710871594059 ], [ -121.451422516720427, 45.250687079692582 ], [ -121.451456244471615, 45.250773782427842 ], [ -121.451579155201614, 45.250749990379731 ], [ -121.451612883187053, 45.250836693089248 ], [ -121.451735793976823, 45.250812900894516 ], [ -121.4517695221965, 45.250899603578191 ], [ -121.451892433046012, 45.250875811236888 ], [ -121.451926161499927, 45.250962513894741 ], [ -121.452049072409181, 45.250938721406854 ], [ -121.452082801097347, 45.251025424038943 ], [ -121.452205712066373, 45.251001631404471 ], [ -121.452239440988748, 45.251088334010618 ], [ -121.452362352017531, 45.251064541229617 ], [ -121.452396081174157, 45.251151243809957 ], [ -121.452518992262696, 45.25112745088235 ], [ -121.452552721653547, 45.251214153436877 ], [ -121.452675632801828, 45.251190360362692 ], [ -121.452709362426958, 45.251277062891376 ], [ -121.452832273634954, 45.25125326967062 ], [ -121.452866003494321, 45.251339972173511 ], [ -121.452988914762088, 45.251316178806121 ], [ -121.453022644855693, 45.251402881283205 ], [ -121.453145556183216, 45.251379087769251 ], [ -121.453179286511059, 45.251465790220522 ], [ -121.45330219789831, 45.25144199655999 ], [ -121.453335928460405, 45.251528698985346 ], [ -121.453458839907412, 45.251504905178223 ], [ -121.453492570703759, 45.251591607577836 ], [ -121.453615482210509, 45.251567813624121 ], [ -121.453649213241107, 45.25165451599792 ], [ -121.4537721248076, 45.251630721897591 ], [ -121.453805856072435, 45.251717424245534 ], [ -121.45392876769867, 45.251693629998641 ], [ -121.453962499197772, 45.251780332320749 ], [ -121.454085410883721, 45.251756537927285 ], [ -121.454119142617074, 45.251843240223586 ], [ -121.45424205436278, 45.251819445683516 ], [ -121.454275786330371, 45.251906147953974 ], [ -121.454398698135833, 45.251882353267341 ], [ -121.454432430337675, 45.251969055511921 ], [ -121.45455534220288, 45.251945260678731 ], [ -121.454589074638974, 45.252031962897554 ], [ -121.454711986563893, 45.252008167917694 ], [ -121.454745719234239, 45.252094870110732 ], [ -121.454868631218929, 45.252071074984251 ], [ -121.454902364123512, 45.252157777151432 ], [ -121.455025276167916, 45.252133981878423 ], [ -121.455059009306765, 45.252220684019747 ], [ -121.455181921410926, 45.252196888600167 ], [ -121.455215654784041, 45.25228359071567 ], [ -121.455338566947901, 45.252259795149477 ], [ -121.455372300555268, 45.252346497239159 ], [ -121.455495212778899, 45.252322701526374 ], [ -121.455528946620504, 45.252409403590192 ], [ -121.455651858903863, 45.252385607730815 ], [ -121.455685592979748, 45.252472309768841 ], [ -121.455808505322835, 45.252448513762914 ], [ -121.455842239632958, 45.252535215775119 ], [ -121.455965152035787, 45.252511419622543 ], [ -121.455998886580161, 45.252598121608891 ], [ -121.45612179904272, 45.252574325309773 ], [ -121.456155533821359, 45.252661027270314 ], [ -121.456278446343646, 45.25263723082454 ], [ -121.456312181356552, 45.252723932759324 ], [ -121.45643509393858, 45.252700136166972 ], [ -121.456468829185752, 45.252786838075806 ], [ -121.456591741827495, 45.252763041336898 ], [ -121.456625477308904, 45.252849743219976 ], [ -121.456748390010389, 45.25282594633444 ], [ -121.456782125726079, 45.252912648191682 ], [ -121.456905038487278, 45.252888851159575 ], [ -121.456938774437234, 45.252975552990954 ], [ -121.457061687258189, 45.252951755812234 ], [ -121.457095423442382, 45.253038457617812 ], [ -121.457218336323066, 45.253014660292585 ], [ -121.457252072741525, 45.253101362072258 ], [ -121.457374985681909, 45.253077564600368 ], [ -121.457408722334662, 45.253164266354268 ], [ -121.457531635334789, 45.253140468735843 ], [ -121.457565372221779, 45.253227170463887 ], [ -121.457688285281634, 45.253203372698827 ], [ -121.457722022402891, 45.253290074401015 ], [ -121.457844935522445, 45.253266276489391 ], [ -121.457878672877982, 45.253352978165729 ], [ -121.458001586057293, 45.253329180107571 ], [ -121.458035323647081, 45.253415881758123 ], [ -121.458158236886106, 45.253392083553294 ], [ -121.458191974710161, 45.253478785178025 ], [ -121.458314888008914, 45.253454986826569 ], [ -121.458348626067234, 45.2535416884255 ], [ -121.45847153942573, 45.253517889927473 ], [ -121.458505277718317, 45.253604591500526 ], [ -121.458628191136498, 45.253580792855864 ], [ -121.458661929663364, 45.253667494403096 ], [ -121.458784843141288, 45.253643695611885 ], [ -121.458818581902406, 45.253730397133289 ], [ -121.458941495440058, 45.253706598195478 ], [ -121.458975234435442, 45.25379329969109 ], [ -121.459835627784202, 45.253626703774458 ], [ -121.459869367895848, 45.25371340502911 ], [ -121.459992281029272, 45.253689605133587 ], [ -121.460026021375185, 45.253776306362383 ], [ -121.460394760692765, 45.253704905903888 ], [ -121.460428501566923, 45.253791607035168 ], [ -121.460551414645238, 45.253767806625 ], [ -121.460585155753677, 45.253854507730416 ], [ -121.460830981942422, 45.253806906506142 ], [ -121.46086472343211, 45.253893607549877 ], [ -121.460987636542541, 45.253869806735793 ], [ -121.461021378266523, 45.253956507753713 ], [ -121.461144291436668, 45.253932706793002 ], [ -121.461178033394916, 45.254019407785044 ], [ -121.461300946624775, 45.253995606677741 ], [ -121.461334688817288, 45.254082307643955 ], [ -121.461457602106847, 45.254058506390066 ], [ -121.461491344533655, 45.254145207330467 ], [ -121.461614257882928, 45.254121405929958 ], [ -121.461648000544002, 45.254208106844501 ], [ -121.461893827274693, 45.254160503639554 ], [ -121.46192757031703, 45.254247204492465 ], [ -121.462050483698448, 45.254223402687977 ], [ -121.462084226975065, 45.25431010351501 ], [ -121.462207140416169, 45.254286301563958 ], [ -121.462240883927066, 45.254373002365142 ], [ -121.462363797427884, 45.254349200267526 ], [ -121.462397541173075, 45.254435901042839 ], [ -121.462520454733593, 45.25441209879861 ], [ -121.462554198713036, 45.254498799548116 ], [ -121.462677112333282, 45.254474997157274 ], [ -121.462710856546991, 45.254561697880959 ], [ -121.46283377022695, 45.254537895343489 ], [ -121.462867514674954, 45.254624596041332 ], [ -121.462990428414599, 45.25460079335727 ], [ -121.463024173096883, 45.25468749402927 ], [ -121.463147086896242, 45.254663691198651 ], [ -121.463180831812792, 45.254750391844787 ], [ -121.463303745671837, 45.254726588867527 ], [ -121.463337490822681, 45.254813289487814 ], [ -121.463460404741426, 45.25478948636399 ], [ -121.463494150126564, 45.254876186958469 ], [ -121.463862891800034, 45.254804776814879 ], [ -121.463829145973932, 45.254718076327926 ], [ -121.464812452086406, 45.254527644692494 ], [ -121.464846199088427, 45.254614344892538 ], [ -121.465337850637582, 45.254519126273536 ], [ -121.465371598314846, 45.254605826340132 ], [ -121.466109073901578, 45.254462994874203 ], [ -121.466142822548036, 45.254549694735644 ], [ -121.466265734987275, 45.254525889067885 ], [ -121.466299483868042, 45.254612588903548 ], [ -121.466422396366966, 45.254588783089147 ], [ -121.466456145481985, 45.254675482898968 ], [ -121.466579058040608, 45.254651676937982 ], [ -121.466612807389922, 45.254738376721875 ], [ -121.466735720008217, 45.25471457061429 ], [ -121.466769469591824, 45.254801270372383 ], [ -121.466892382269805, 45.25477746411822 ], [ -121.466926132087707, 45.254864163850399 ], [ -121.467049044825345, 45.254840357449652 ], [ -121.467082794877555, 45.254927057156024 ], [ -121.467820270352036, 45.254784216210517 ], [ -121.467786519417942, 45.25469751671929 ], [ -121.468155255535621, 45.254626094859091 ], [ -121.468189006910677, 45.254712794242735 ], [ -121.469049389158428, 45.254546139108697 ], [ -121.469015636754534, 45.254459439976074 ], [ -121.470244745360361, 45.254221352158908 ], [ -121.470210991573992, 45.254134653394971 ], [ -121.470456811953497, 45.254087034574383 ], [ -121.47042305796046, 45.254000335892201 ], [ -121.470668877696781, 45.253952716700425 ], [ -121.470635123497118, 45.25386601809997 ], [ -121.471003852005822, 45.253794588589308 ], [ -121.47097009745255, 45.253707890106469 ], [ -121.471707551230722, 45.253565028310511 ], [ -121.471673795882921, 45.253478330052843 ], [ -121.47204252115236, 45.253406897767491 ], [ -121.472076276941067, 45.253493595917632 ], [ -121.472567909999128, 45.253398351176706 ], [ -121.472601666463049, 45.253485049193344 ], [ -121.472970390780702, 45.253413614367346 ], [ -121.473004147772812, 45.253500312286377 ], [ -121.473864502486663, 45.253333626898915 ], [ -121.473898260594879, 45.253420324576894 ], [ -121.474021168208822, 45.253396511899894 ], [ -121.474054926551332, 45.253483209551938 ], [ -121.474177834224918, 45.253459396728303 ], [ -121.474211592801694, 45.253546094354512 ], [ -121.474334500534951, 45.253522281384292 ], [ -121.474368259346008, 45.253608978984644 ], [ -121.474491167138908, 45.253585165867868 ], [ -121.474524926184273, 45.253671863442278 ], [ -121.47489364947991, 45.253600423319874 ], [ -121.474927409053464, 45.253687120796705 ], [ -121.475050316790998, 45.253663307165247 ], [ -121.475084076598876, 45.253750004616272 ], [ -121.475452799728416, 45.25367856294973 ], [ -121.475486560064496, 45.253765260303155 ], [ -121.475732375341508, 45.253717631900095 ], [ -121.475766136058866, 45.253804329191745 ], [ -121.476134858760304, 45.253732885649001 ], [ -121.476168620005836, 45.25381958284305 ], [ -121.476414434997437, 45.253771953189236 ], [ -121.476448196624261, 45.253858650321497 ], [ -121.47693982614733, 45.253763389541476 ], [ -121.476973588449326, 45.253850086540268 ], [ -121.47709649575873, 45.253826271032558 ], [ -121.477130258295034, 45.253912968005487 ], [ -121.477253165664081, 45.25388915235115 ], [ -121.477286928434651, 45.253975849298229 ], [ -121.477409835863313, 45.253952033497285 ], [ -121.477443598868192, 45.254038730418493 ], [ -121.477566506356482, 45.254014914471 ], [ -121.477600269595669, 45.25410161136633 ], [ -121.477723177143588, 45.25407779527216 ], [ -121.47775694061707, 45.254164492141648 ], [ -121.477879848224632, 45.254140675900899 ], [ -121.477913611932379, 45.254227372744481 ], [ -121.478036519599584, 45.254203556357133 ], [ -121.478070283541641, 45.254290253174872 ], [ -121.47819319126846, 45.254266436640926 ], [ -121.478226955444825, 45.254353133432751 ], [ -121.478349863231259, 45.254329316752191 ], [ -121.478383627641904, 45.254416013518167 ], [ -121.47850653548798, 45.254392196690972 ], [ -121.478540300132948, 45.254478893431099 ], [ -121.47866320803864, 45.254455076457305 ], [ -121.478696972917874, 45.254541773171589 ], [ -121.478819880883208, 45.254517956051195 ], [ -121.47885364599675, 45.254604652739545 ], [ -121.478976554021713, 45.254580835472538 ], [ -121.47901031936955, 45.254667532135038 ], [ -121.479133227454113, 45.254643714721432 ], [ -121.479166993036273, 45.254730411358068 ], [ -121.479289901180465, 45.254706593797849 ], [ -121.479323666996919, 45.254793290408593 ], [ -121.47944657520074, 45.254769472701788 ], [ -121.479480341251488, 45.254856169286647 ], [ -121.479603249514923, 45.254832351433237 ], [ -121.479637015799995, 45.254919047992253 ], [ -121.479759924123059, 45.254895229992165 ], [ -121.47979369064241, 45.254981926525268 ], [ -121.479916599025088, 45.254958108378645 ], [ -121.479950365778762, 45.255044804885927 ], [ -121.480073274221041, 45.255020986592598 ], [ -121.48010704120901, 45.255107683074016 ], [ -121.480844490910357, 45.254964770773711 ], [ -121.480810723040605, 45.254878074507609 ], [ -121.481056538615036, 45.254830436260029 ], [ -121.481090306778682, 45.25491713245443 ], [ -121.48158193746724, 45.254821854487034 ], [ -121.481615706306087, 45.254908550547889 ], [ -121.481861521420186, 45.25486091082805 ], [ -121.481827752287444, 45.254774214838953 ], [ -121.481950659566508, 45.254750394848863 ], [ -121.481984428846232, 45.254837090802013 ], [ -121.482353150600218, 45.254765630059651 ], [ -121.482386920408175, 45.254852325915159 ], [ -121.482632734768004, 45.254804684794834 ], [ -121.482666504957209, 45.25489138058866 ], [ -121.483158133216477, 45.254796096875644 ], [ -121.483191904080854, 45.254882792535902 ], [ -121.484543876203801, 45.254620752795297 ], [ -121.484577648772017, 45.254707448070803 ], [ -121.485315084538399, 45.254564511440748 ], [ -121.485348858075696, 45.254651206510985 ], [ -121.485471763877939, 45.25462738331592 ], [ -121.485505537649544, 45.254714078360273 ], [ -121.485874254973027, 45.254642608002889 ], [ -121.485908029272835, 45.254729302949613 ], [ -121.486030935019571, 45.254705479239846 ], [ -121.486064709553688, 45.254792174160684 ], [ -121.486187615359995, 45.254768350304253 ], [ -121.486221390128435, 45.254855045199257 ], [ -121.486344295994328, 45.254831221196191 ], [ -121.486378070997063, 45.254917916065239 ], [ -121.486500976922557, 45.254894091915631 ], [ -121.486534752159585, 45.254980786758779 ], [ -121.486657658144694, 45.254956962462551 ], [ -121.486691433616059, 45.25504365727982 ], [ -121.486814339660725, 45.255019832836986 ], [ -121.486780564042377, 45.25493313805557 ], [ -121.486903469852749, 45.254909313537873 ], [ -121.486869694174842, 45.254822618802351 ], [ -121.487361315954828, 45.254727319767802 ], [ -121.487395092220495, 45.254814014359773 ], [ -121.48751799759404, 45.254790189288443 ], [ -121.487551774094044, 45.254876883854536 ], [ -121.487674679527146, 45.254853058636577 ], [ -121.487708456261458, 45.254939753176792 ], [ -121.487831361754147, 45.254915927812192 ], [ -121.487865138722796, 45.255002622326522 ], [ -121.487988044275056, 45.254978796815308 ], [ -121.488021821478, 45.255065491303732 ], [ -121.488144727089846, 45.25504166564594 ], [ -121.488178504527113, 45.255128360108444 ], [ -121.488301410198559, 45.255104534304031 ], [ -121.488335187870135, 45.255191228740685 ], [ -121.488458093601139, 45.255167402789681 ], [ -121.488491871507037, 45.255254097200371 ], [ -121.488614777297627, 45.255230271102782 ], [ -121.488648555437848, 45.255316965487602 ], [ -121.48877146128801, 45.255293139243335 ], [ -121.48880523966254, 45.255379833602291 ], [ -121.488928145572274, 45.255356007211432 ], [ -121.488961924181112, 45.25544270154446 ], [ -121.489084830150432, 45.255418875006988 ], [ -121.489118608993607, 45.255505569314188 ], [ -121.489241515022485, 45.255481742630081 ], [ -121.489275294099969, 45.255568436911339 ], [ -121.489398200188447, 45.255544610080648 ], [ -121.489431979500253, 45.255631304336042 ], [ -121.489554885648289, 45.255607477358723 ], [ -121.489588665194432, 45.255694171588154 ], [ -121.48971157140204, 45.255670344464242 ], [ -121.489745351182478, 45.255757038667817 ], [ -121.489868257449686, 45.255733211397256 ], [ -121.489902037464461, 45.255819905574974 ], [ -121.490024943791198, 45.255796078157779 ], [ -121.490058724040296, 45.255882772309604 ], [ -121.490181630426633, 45.255858944745775 ], [ -121.490215410910039, 45.255945638871751 ], [ -121.490338317355935, 45.255921811161301 ], [ -121.490372098073692, 45.256008505261349 ], [ -121.490495004579159, 45.2559846774043 ], [ -121.490528785531239, 45.256071371478399 ], [ -121.490651692096264, 45.256047543474793 ], [ -121.490685473282653, 45.256134237523014 ], [ -121.490808379907278, 45.256110409372745 ], [ -121.49084216132799, 45.25619710339511 ], [ -121.490965068012173, 45.256173275098142 ], [ -121.490998849667221, 45.256259969094636 ], [ -121.491121756410976, 45.256236140651097 ], [ -121.491155538300347, 45.25632283462167 ], [ -121.49127844510366, 45.25629900603154 ], [ -121.491312227227354, 45.256385699976221 ], [ -121.491435134090224, 45.25636187123942 ], [ -121.491468916448255, 45.256448565158252 ], [ -121.491591823370712, 45.256424736274852 ], [ -121.491625605963051, 45.256511430167713 ], [ -121.491748512945065, 45.2564876011377 ], [ -121.491782295771742, 45.256574295004746 ], [ -121.492273923413734, 45.256478977633783 ], [ -121.492307706915597, 45.256565671367191 ], [ -121.49243061375455, 45.256541841711751 ], [ -121.492464397490764, 45.256628535419324 ], [ -121.492587304389289, 45.256604705617235 ], [ -121.492621088359812, 45.256691399298859 ], [ -121.492743995317909, 45.256667569350178 ], [ -121.492777779522768, 45.256754263005895 ], [ -121.492900686540423, 45.256730432910643 ], [ -121.49293447097962, 45.256817126540419 ], [ -121.493057378056832, 45.256793296298468 ], [ -121.493091162730366, 45.256879989902451 ], [ -121.49321406986715, 45.256856159513866 ], [ -121.493247854775007, 45.256942853091921 ], [ -121.493370761971335, 45.256919022556765 ], [ -121.493404547113514, 45.257005716108878 ], [ -121.493527454369413, 45.25698188542713 ], [ -121.493561239745944, 45.257068578953358 ], [ -121.493684147061387, 45.257044748124919 ], [ -121.493717932672254, 45.257131441625269 ], [ -121.493840840047255, 45.257107610650237 ], [ -121.493874625892445, 45.257194304124688 ], [ -121.493997533327018, 45.257170473002979 ], [ -121.49403131940656, 45.257257166451545 ], [ -121.494154226900662, 45.257233335183258 ], [ -121.49418801321454, 45.257320028605925 ], [ -121.494310920768214, 45.257296197190982 ], [ -121.494344707316401, 45.257382890587742 ], [ -121.494467614929619, 45.257359059026179 ], [ -121.494501401712185, 45.257445752397047 ], [ -121.49462430938496, 45.257421920688849 ], [ -121.494658096401849, 45.257508614033846 ], [ -121.494781004134154, 45.257484782178985 ], [ -121.494814791385394, 45.257571475498104 ], [ -121.494937699177271, 45.257547643496643 ], [ -121.494971486662848, 45.257634336789806 ], [ -121.495094394514268, 45.257610504641725 ], [ -121.495128182234183, 45.25769719790901 ], [ -121.49525109014516, 45.257673365614373 ], [ -121.495284878099426, 45.257760058855716 ], [ -121.495407786069947, 45.257736226414423 ], [ -121.49544157425855, 45.257822919629866 ], [ -121.495564482288614, 45.257799087041924 ], [ -121.495598270711568, 45.25788578023149 ], [ -121.49572117880119, 45.257861947496906 ], [ -121.495754967458453, 45.257948640660587 ], [ -121.495877875607633, 45.257924807779375 ], [ -121.49591166449926, 45.258011500917149 ], [ -121.49603457270797, 45.25798766788931 ], [ -121.496068361833977, 45.258074361001192 ], [ -121.496191270102216, 45.258050527826761 ], [ -121.496225059462546, 45.258137220912708 ], [ -121.496347967790328, 45.258113387591628 ], [ -121.496381757385024, 45.258200080651662 ], [ -121.496504665772378, 45.258176247183947 ], [ -121.496538455601382, 45.258262940218131 ], [ -121.496661364048279, 45.258239106603803 ], [ -121.496695154111649, 45.258325799612045 ], [ -121.49681806261809, 45.258301965851082 ], [ -121.496851852915796, 45.258388658833475 ], [ -121.496974761481781, 45.258364824925849 ], [ -121.497008552013838, 45.258451517882293 ], [ -121.497131460639352, 45.258427683828089 ], [ -121.497165251405789, 45.258514376758619 ], [ -121.497288160090847, 45.258490542557787 ], [ -121.497321951091621, 45.258577235462447 ], [ -121.497444859836207, 45.258553401114895 ], [ -121.497478651071319, 45.258640093993719 ], [ -121.497601559875463, 45.258616259499554 ], [ -121.497736726277807, 45.258963030970968 ], [ -121.497613816885874, 45.258986865608755 ], [ -121.497715192164563, 45.259246944425016 ], [ -121.497592282244398, 45.259270779059797 ], [ -121.497761242055631, 45.259704244133331 ], [ -121.49788415271054, 45.259680409319053 ], [ -121.497985530087064, 45.259940488375463 ], [ -121.498108441095425, 45.259916653342771 ], [ -121.498142233876038, 45.260003346345705 ], [ -121.498265144943943, 45.25997951116635 ], [ -121.498535491511305, 45.260673055262806 ], [ -121.498412579267793, 45.260696890729363 ], [ -121.498446372835119, 45.26078358382243 ], [ -121.498569285225599, 45.260759748319877 ], [ -121.498603079027291, 45.260846441386946 ], [ -121.49848016648987, 45.260870276925424 ], [ -121.498547754061576, 45.261043663161438 ], [ -121.49842484114285, 45.261067498661014 ], [ -121.498526222715213, 45.261327578197914 ], [ -121.498403309268198, 45.261351413694484 ], [ -121.498673662798481, 45.262044959853945 ], [ -121.498796577421174, 45.262021124070166 ], [ -121.49883037215281, 45.262107817349197 ], [ -121.498707457383176, 45.262131653168986 ], [ -121.499248182627127, 45.263518747570899 ], [ -121.499371099748132, 45.263494911176572 ], [ -121.499506285143909, 45.263841685034016 ], [ -121.499629202765362, 45.263817848385244 ], [ -121.499764390147789, 45.264164622259386 ], [ -121.50013314425118, 45.264093111217633 ], [ -121.500166941756234, 45.264179804603437 ], [ -121.500289859762802, 45.264155967332108 ], [ -121.500323657502278, 45.264242660692055 ], [ -121.500446575568375, 45.264218823274085 ], [ -121.500480373542246, 45.264305516608161 ], [ -121.500849127656849, 45.264234003582146 ], [ -121.500882926159051, 45.26432069681843 ], [ -121.501005844169342, 45.264296858885736 ], [ -121.501039642905937, 45.264383552096142 ], [ -121.501285478958167, 45.264335875826617 ], [ -121.501319278076124, 45.264422568975213 ], [ -121.501442196118063, 45.264398730638433 ], [ -121.501475995470415, 45.264485423761144 ], [ -121.501598913571868, 45.264461585277708 ], [ -121.501632713158614, 45.264548278374491 ], [ -121.501755631319611, 45.264524439744427 ], [ -121.50178943114075, 45.264611132815318 ], [ -121.501912349361291, 45.264587294038613 ], [ -121.501946149416824, 45.264673987083604 ], [ -121.502069067696866, 45.26465014816025 ], [ -121.502102867986821, 45.264736841179257 ], [ -121.502225786326392, 45.264713002109282 ], [ -121.502259586850741, 45.264799695102433 ], [ -121.502382505249841, 45.26477585588578 ], [ -121.502416306008584, 45.26486254885301 ], [ -121.502539224467228, 45.264838709489723 ], [ -121.502573025460364, 45.264925402431082 ], [ -121.502695943978523, 45.264901562921146 ], [ -121.502729745206082, 45.264988255836577 ], [ -121.502852663783756, 45.264964416179936 ], [ -121.502886465245695, 45.265051109069489 ], [ -121.503009383882912, 45.265027269266191 ], [ -121.503043185579287, 45.265113962129945 ], [ -121.503166104276005, 45.265090122180005 ], [ -121.503199906206774, 45.265176815017689 ], [ -121.503322824963021, 45.265152974921172 ], [ -121.50335662712817, 45.265239667732999 ], [ -121.503602464672284, 45.265191987135715 ], [ -121.503636267218837, 45.265278679885796 ], [ -121.503882104707102, 45.265230998773767 ], [ -121.503915907635005, 45.265317691461995 ], [ -121.504038826394932, 45.265293850704012 ], [ -121.504072629557228, 45.265380543366248 ], [ -121.5041955483767, 45.265356702461602 ], [ -121.504229351773418, 45.265443395097975 ], [ -121.50435227065239, 45.265419554046616 ], [ -121.504386074283502, 45.265506246657147 ], [ -121.504508993222004, 45.265482405459188 ], [ -121.504542797087538, 45.265569098043684 ], [ -121.505157391203099, 45.265449890213198 ], [ -121.505191195890887, 45.265536582628179 ], [ -121.506051625008595, 45.265369686763236 ], [ -121.506085430812561, 45.265456378936726 ], [ -121.5063312672102, 45.265408693335488 ], [ -121.506297461112297, 45.265322001233827 ], [ -121.506789132270342, 45.265226628846236 ], [ -121.506822938956049, 45.265313320804189 ], [ -121.507314609302696, 45.26521794650121 ], [ -121.507280802029129, 45.265131254686978 ], [ -121.507403719250206, 45.265107410870364 ], [ -121.507437526670714, 45.265194102648664 ], [ -121.507683361144402, 45.265146414611301 ] ], [ [ -121.421642029429321, 45.218600485976864 ], [ -121.421519167004575, 45.218624248840349 ], [ -121.42148549412326, 45.218537545439453 ], [ -121.421608356401123, 45.218513782611716 ], [ -121.421642029429321, 45.218600485976864 ] ] ] } },
{ "type": "Feature", "properties": { "asset": "Threemile Creek diversion", "area_km2": 19.073228965613509, "area_acres": 4713.0975104481622, "objectid": null, "task_id": "WRR-A-LIDAR-WATERSHED-003", "basis": "USGS 3DEP 10 m D8 terrain delineation at corrected OWRD/NHD control point", "tnmid": null, "metasourceid": null, "sourcedatadesc": null, "sourceoriginator": null, "sourcefeatureid": null, "loaddate": null, "referencegnis_ids": null, "areaacres": null, "areasqkm": null, "states": null, "huc12": null, "name": null, "hutype": null, "humod": null, "tohuc": null, "noncontributingareaacres": null, "noncontributingareasqkm": null, "globalid": null, "shape_Length": null, "shape_Area": null, "status": null, "reason": null, "component": null, "area_acres_equal_area": null }, "geometry": { "type": "MultiPolygon", "coordinates": [ [ [ [ -121.535574406157238, 45.253950827990778 ], [ -121.535451519418146, 45.253974696849625 ], [ -121.535553033908656, 45.254234743972326 ], [ -121.535430146641502, 45.254258612828245 ], [ -121.535463984833186, 45.254345295258361 ], [ -121.535341097331639, 45.254369164039595 ], [ -121.535374935463949, 45.254455846515626 ], [ -121.535252047728036, 45.254479715222104 ], [ -121.535285885801045, 45.254566397744 ], [ -121.535162997830767, 45.25459026637575 ], [ -121.535196835844388, 45.25467694894359 ], [ -121.535073947639759, 45.254700817500606 ], [ -121.535107785594036, 45.254787500114347 ], [ -121.534984897155027, 45.254811368596577 ], [ -121.535018735049974, 45.254898051256234 ], [ -121.534895846376557, 45.254921919663758 ], [ -121.534929684212159, 45.25500860236933 ], [ -121.534806795304405, 45.255032470702083 ], [ -121.534840633080634, 45.255119153453577 ], [ -121.534717743938501, 45.255143021711568 ], [ -121.534751581655399, 45.255229704508942 ], [ -121.534628692278872, 45.255253572692261 ], [ -121.534662529936426, 45.255340255535529 ], [ -121.534539640325534, 45.255364123644092 ], [ -121.534573477923743, 45.255450806533347 ], [ -121.534450588078471, 45.255474674567104 ], [ -121.534484425617322, 45.255561357502202 ], [ -121.53436153553767, 45.255585225461282 ], [ -121.534395373017148, 45.255671908442345 ], [ -121.53427248270313, 45.255695776326668 ], [ -121.534306320123292, 45.25578245935364 ], [ -121.534183429574867, 45.255806327163178 ], [ -121.53421726693567, 45.255893010236043 ], [ -121.534094376152879, 45.255916877970897 ], [ -121.534128213454309, 45.256003561089685 ], [ -121.534005322437153, 45.256027428749753 ], [ -121.534039159679253, 45.256114111914442 ], [ -121.533916268427703, 45.256137979499769 ], [ -121.533950105610444, 45.256224662710437 ], [ -121.533827214124528, 45.256248530220994 ], [ -121.534097913561823, 45.256941996552399 ], [ -121.534220806222692, 45.256918128754272 ], [ -121.534254644193055, 45.257004812054589 ], [ -121.534131751385303, 45.257028679888734 ], [ -121.534165589296308, 45.257115363234988 ], [ -121.534288482250929, 45.257091495364882 ], [ -121.534389996949599, 45.257351545355675 ], [ -121.534512890257304, 45.25732767726705 ], [ -121.534715922898897, 45.257847777302125 ], [ -121.534838817000349, 45.257823908887111 ], [ -121.534872656227137, 45.257910592225215 ], [ -121.534749761978816, 45.257934460676239 ], [ -121.53498663798878, 45.258541244574026 ], [ -121.534863742624822, 45.258565113165993 ], [ -121.53503294166606, 45.258998530714884 ], [ -121.534910045480203, 45.259022399375944 ], [ -121.535146926785757, 45.259629184615051 ], [ -121.535024029484219, 45.259653053417075 ], [ -121.535125550915964, 45.259913104491382 ], [ -121.535002653086252, 45.259936973290571 ], [ -121.535036493591662, 45.260023657037891 ], [ -121.535159391568286, 45.259999788202798 ], [ -121.53536243732016, 45.260519890680655 ], [ -121.535239538462264, 45.260543759731611 ], [ -121.535273379580374, 45.260630443548749 ], [ -121.535396278585154, 45.260606574461939 ], [ -121.535430119937686, 45.260693258253184 ], [ -121.535307220786009, 45.260717127375962 ], [ -121.535374903459868, 45.260890495060302 ], [ -121.535252003926885, 45.260914364144298 ], [ -121.535353528153522, 45.261174415853581 ], [ -121.535230628092336, 45.261198284934721 ], [ -121.53526446952938, 45.261284968893683 ], [ -121.53538736973745, 45.261261099776611 ], [ -121.535556578970045, 45.261694519541557 ], [ -121.535433678027545, 45.261718388838467 ], [ -121.535569046401633, 45.262065124973958 ], [ -121.535691947931682, 45.262041255533219 ], [ -121.535759632937712, 45.262214623588953 ], [ -121.535882534674016, 45.262190753965569 ], [ -121.53601790632402, 45.262537490053049 ], [ -121.535895004000167, 45.26256135982031 ], [ -121.535928846984618, 45.262648043903106 ], [ -121.536051749455382, 45.262624174099905 ], [ -121.536153279374631, 45.262884226300386 ], [ -121.536276182198506, 45.26286035627858 ], [ -121.536310025826907, 45.262947040329394 ], [ -121.536187122856106, 45.262970910387118 ], [ -121.536254810081701, 45.263144278590673 ], [ -121.536377713346283, 45.26312040846107 ], [ -121.536546933676661, 45.26355382896493 ], [ -121.536669837588164, 45.263529958544737 ], [ -121.536839060841515, 45.263963379118493 ], [ -121.536961965399968, 45.263939508407802 ], [ -121.536995810460169, 45.264026192516553 ], [ -121.537118715077952, 45.264002321659206 ], [ -121.537152560372604, 45.264089005741965 ], [ -121.537275465049746, 45.264065134737962 ], [ -121.53730931057882, 45.264151818794787 ], [ -121.537432215315334, 45.264127947644049 ], [ -121.537466061078845, 45.264214631674911 ], [ -121.537588965874718, 45.264190760377538 ], [ -121.537622811872652, 45.264277444382422 ], [ -121.537745716727883, 45.264253572938387 ], [ -121.537779562960253, 45.264340256917286 ], [ -121.537902467874829, 45.264316385326566 ], [ -121.537936314341678, 45.264403069279489 ], [ -121.538059219315585, 45.264379197542112 ], [ -121.538093066016856, 45.264465881469079 ], [ -121.538215971050121, 45.264442009585053 ], [ -121.538249817985857, 45.264528693485971 ], [ -121.538372723078467, 45.264504821455276 ], [ -121.538406570248654, 45.264591505330273 ], [ -121.538529475400594, 45.264567633152893 ], [ -121.538563322805203, 45.264654317001913 ], [ -121.53868622801653, 45.264630444677834 ], [ -121.538720075655576, 45.264717128500919 ], [ -121.538842980926248, 45.264693256030149 ], [ -121.538876828799729, 45.264779939827235 ], [ -121.538999734129732, 45.264756067209817 ], [ -121.539033582237693, 45.264842750980897 ], [ -121.539156487627039, 45.26481887821685 ], [ -121.539190335969451, 45.264905561961911 ], [ -121.539313241418142, 45.264881689051201 ], [ -121.539347089994976, 45.264968372770369 ], [ -121.53946999550304, 45.264944499712961 ], [ -121.539503844314339, 45.265031183406087 ], [ -121.539626749881705, 45.265007310201995 ], [ -121.539660598927455, 45.265093993869201 ], [ -121.539783504554165, 45.265070120518452 ], [ -121.539851203202119, 45.265243487810814 ], [ -121.539974109035086, 45.26521961427742 ], [ -121.540007958637275, 45.265306297902654 ], [ -121.540130864529601, 45.265282424222562 ], [ -121.54023241430221, 45.265542475050282 ], [ -121.540355320547647, 45.265518601151562 ], [ -121.540389170793858, 45.265605284744872 ], [ -121.54051207709864, 45.265581410699454 ], [ -121.540545927579316, 45.265668094266744 ], [ -121.540423021127623, 45.265691968348051 ], [ -121.540456871548969, 45.265778651961341 ], [ -121.540579778147531, 45.26575477784403 ], [ -121.540613628803328, 45.265841461431272 ], [ -121.540736535461249, 45.265817587167312 ], [ -121.540973493531681, 45.266424372306112 ], [ -121.540850585845504, 45.26644824682193 ], [ -121.540985991795907, 45.266794981550767 ], [ -121.54086308343453, 45.266818856099768 ], [ -121.540930786641312, 45.266992223596084 ], [ -121.540807877898573, 45.267016098106303 ], [ -121.540841729486388, 45.267102781905443 ], [ -121.540718820509198, 45.26712665634092 ], [ -121.540820375357342, 45.267386707906233 ], [ -121.540697465851849, 45.267410582338925 ], [ -121.540765169227967, 45.267583950171115 ], [ -121.540642259341126, 45.267607824565026 ], [ -121.540879222887412, 45.268214612544405 ], [ -121.540756311884635, 45.268238487079451 ], [ -121.541027131444778, 45.2689319599437 ], [ -121.540904219179154, 45.268955834655856 ], [ -121.54100577751835, 45.26921588725294 ], [ -121.541128690224696, 45.26919201243286 ], [ -121.541230249792704, 45.269452065012047 ], [ -121.541353162852218, 45.269428189973333 ], [ -121.54145472364911, 45.269688242534627 ], [ -121.541577637061792, 45.269664367277301 ], [ -121.541611490982817, 45.269751051448431 ], [ -121.541734404454843, 45.269727176044405 ], [ -121.541835967184056, 45.269987228509869 ], [ -121.541958881009251, 45.269963352887189 ], [ -121.541992735574368, 45.270050037026401 ], [ -121.542115649458893, 45.270026161257007 ], [ -121.542183359145739, 45.270199529493482 ], [ -121.54230627323652, 45.270175653541429 ], [ -121.542340128358191, 45.27026233763862 ], [ -121.542463042508331, 45.270238461539883 ], [ -121.542496897864496, 45.270325145611167 ], [ -121.542619812073951, 45.270301269365739 ], [ -121.542687523342877, 45.270474637466364 ], [ -121.54281043775859, 45.270450761038269 ], [ -121.543081287512649, 45.271144233553201 ], [ -121.543204203016103, 45.271120356726541 ], [ -121.543407344891492, 45.27164046131719 ], [ -121.543530261188891, 45.271616584163922 ], [ -121.543564118621575, 45.271703268261405 ], [ -121.543687034978291, 45.271679390961445 ], [ -121.543720892645467, 45.271766075032993 ], [ -121.543843809061542, 45.271742197586327 ], [ -121.544080816212642, 45.272348986115311 ], [ -121.543466228114383, 45.272468373500942 ], [ -121.543432370421783, 45.272381689215443 ], [ -121.543309452686287, 45.272405566324458 ], [ -121.543343310231975, 45.272492250645968 ], [ -121.543220392261958, 45.272516127680227 ], [ -121.543254249748315, 45.272602812047694 ], [ -121.54227090165999, 45.272793824624017 ], [ -121.542304758058521, 45.272880509289415 ], [ -121.54193600063951, 45.272952137286687 ], [ -121.541902144681771, 45.272865452513358 ], [ -121.541164628360633, 45.273008705302622 ], [ -121.541198483436801, 45.273095390291843 ], [ -121.540829723653147, 45.273167015299755 ], [ -121.540863578376104, 45.273253700406968 ], [ -121.54061773778858, 45.273301449930671 ], [ -121.540583883359488, 45.273214764751479 ], [ -121.540460963081259, 45.273238639311238 ], [ -121.540494817363438, 45.273325324526368 ], [ -121.539757292973547, 45.273468569775822 ], [ -121.539723439572938, 45.273381884344737 ], [ -121.539108834241006, 45.273501252161296 ], [ -121.539074981662651, 45.273414566560383 ], [ -121.538706217853431, 45.273486185813724 ], [ -121.53867236580345, 45.273399500114863 ], [ -121.537811914878759, 45.273566607578978 ], [ -121.537845765900158, 45.273653293529662 ], [ -121.537599921696824, 45.273701037594904 ], [ -121.537633772511924, 45.273787723627571 ], [ -121.537387927664412, 45.273835467321874 ], [ -121.537421778273242, 45.273922153436558 ], [ -121.537053009904369, 45.273993768255494 ], [ -121.537086860159945, 45.2740804544881 ], [ -121.536841013848971, 45.274128197219149 ], [ -121.536807163887303, 45.274041510914522 ], [ -121.536684240747419, 45.274065382078014 ], [ -121.536650391020245, 45.273978695747424 ], [ -121.53615869817277, 45.274074179150055 ], [ -121.536124849120938, 45.273987492685663 ], [ -121.535633155460204, 45.274082974172813 ], [ -121.535599307083672, 45.273996287574498 ], [ -121.535476383596517, 45.274020157633487 ], [ -121.53551023182608, 45.274106844267806 ], [ -121.535387308104433, 45.274130714252017 ], [ -121.53535346002181, 45.274044027581752 ], [ -121.534738840834748, 45.274163375662354 ], [ -121.534704993574422, 45.274076688822255 ], [ -121.534582069621266, 45.274100558070202 ], [ -121.534548222595461, 45.274013871204147 ], [ -121.53430237472034, 45.274061609295963 ], [ -121.534268528075998, 45.273974922367941 ], [ -121.534145604154048, 45.273998791211838 ], [ -121.534111757744171, 45.273912104257874 ], [ -121.533865909931521, 45.273959841541497 ], [ -121.533832063903105, 45.27387315452556 ], [ -121.533586216034067, 45.273920891294303 ], [ -121.533552370387113, 45.273834204216548 ], [ -121.533429446468219, 45.273858072398845 ], [ -121.533395601055759, 45.273771385295085 ], [ -121.533026829214549, 45.273842989069735 ], [ -121.532992984330477, 45.27375630186809 ], [ -121.532870060355251, 45.273780169535527 ], [ -121.532836215705686, 45.273693482307991 ], [ -121.532713291789847, 45.273717349828701 ], [ -121.532747136292457, 45.273804037092276 ], [ -121.532624212142125, 45.273827904538315 ], [ -121.532590367786455, 45.273741217238779 ], [ -121.532467443695495, 45.273765084538084 ], [ -121.532433599574347, 45.273678397212628 ], [ -121.531941902922796, 45.273773865158773 ], [ -121.53190805947699, 45.273687177699401 ], [ -121.531416362012408, 45.273782643730058 ], [ -121.53138251924193, 45.273695956136855 ], [ -121.531013745665078, 45.273767554389266 ], [ -121.530979903423002, 45.273680866698243 ], [ -121.530856978869238, 45.273704732524976 ], [ -121.530890820964345, 45.27379142025201 ], [ -121.530644971300262, 45.273839151645234 ], [ -121.53061112949905, 45.273752463846215 ], [ -121.530488204682626, 45.273776329340777 ], [ -121.530522046336884, 45.273863017175714 ], [ -121.53003034560794, 45.2739584781906 ], [ -121.530064186761933, 45.274045166179455 ], [ -121.529572484044422, 45.274140625566531 ], [ -121.529606324698165, 45.274227313709304 ], [ -121.5291146199921, 45.274322771468597 ], [ -121.529148460145535, 45.274409459765224 ], [ -121.528779680255894, 45.274481052029962 ], [ -121.528813520056019, 45.274567740444631 ], [ -121.52844473893758, 45.274639331820715 ], [ -121.528478578384394, 45.27472602035327 ], [ -121.528109796037185, 45.274797610840714 ], [ -121.528075957031263, 45.274710922200221 ], [ -121.527830101989338, 45.274758648566248 ], [ -121.527863940701351, 45.274845337278641 ], [ -121.527618085015334, 45.274893063273716 ], [ -121.527651923520949, 45.27497975206807 ], [ -121.527283138894461, 45.275051340338088 ], [ -121.527316977046752, 45.275138029250407 ], [ -121.527071119897471, 45.27518575428202 ], [ -121.527104957843349, 45.275272443276265 ], [ -121.526490312703345, 45.275391754097342 ], [ -121.526524150001947, 45.275478443281528 ], [ -121.526278291039233, 45.275526166906729 ], [ -121.526312128131437, 45.275612856172792 ], [ -121.525820408567682, 45.275708302238399 ], [ -121.525854245159564, 45.275794991658415 ], [ -121.524747869697379, 45.276009739151746 ], [ -121.524781705054068, 45.276096428905468 ], [ -121.524167048220889, 45.276215729372623 ], [ -121.524200882930245, 45.27630241931621 ], [ -121.521373429931586, 45.276851166635076 ], [ -121.521339598602736, 45.276764475864333 ], [ -121.520724929515211, 45.276883760828269 ], [ -121.520691099008772, 45.276797069887742 ], [ -121.52007642846803, 45.276916351903445 ], [ -121.520042598784059, 45.276829660793162 ], [ -121.51869031750924, 45.277092071087012 ], [ -121.518724145576343, 45.277178762592854 ], [ -121.518601210242892, 45.27720261744571 ], [ -121.518567382322757, 45.277115925903814 ], [ -121.51819857623822, 45.277187489689872 ], [ -121.518232403717406, 45.27727418133955 ], [ -121.517863596404226, 45.277345744236776 ], [ -121.517829769366017, 45.277259052479224 ], [ -121.517706833566905, 45.277282906520867 ], [ -121.517740660458131, 45.277369598314387 ], [ -121.517617724424497, 45.277393452281267 ], [ -121.517583897680268, 45.277306760451765 ], [ -121.517215089495323, 45.277378321579938 ], [ -121.517248915798561, 45.277465013517364 ], [ -121.517003042943671, 45.277512720454361 ], [ -121.516969216934413, 45.277426028445078 ], [ -121.516600407436698, 45.277497587912123 ], [ -121.516566581955914, 45.277410895805033 ], [ -121.515706024427232, 45.277577863767192 ], [ -121.515672200062923, 45.277491171418397 ], [ -121.515057514223471, 45.277610430746421 ], [ -121.515091337852823, 45.277697123274983 ], [ -121.514476649090611, 45.277816380014173 ], [ -121.514442826196287, 45.277729687305836 ], [ -121.514074012329843, 45.277801239912556 ], [ -121.514040189964021, 45.27771454710642 ], [ -121.5130566836459, 45.2779053488972 ], [ -121.513090504835731, 45.277992041990984 ], [ -121.512229931184365, 45.278158987995383 ], [ -121.51226375143267, 45.278245681350917 ], [ -121.512140811842627, 45.278269530373045 ], [ -121.512174632031417, 45.278356223774601 ], [ -121.512051692206825, 45.278380072721966 ], [ -121.512085512336142, 45.27846676616948 ], [ -121.511962572277042, 45.278490615042031 ], [ -121.511996392346873, 45.278577308535588 ], [ -121.511750511672162, 45.27862500602042 ], [ -121.511784331535452, 45.27871169959591 ], [ -121.511661390919841, 45.278735548208168 ], [ -121.511695210723644, 45.278822241829602 ], [ -121.511572269873511, 45.278846090367104 ], [ -121.511606089617814, 45.278932784034602 ], [ -121.511483148533159, 45.278956632497241 ], [ -121.511516968217961, 45.279043326210804 ], [ -121.511271085492154, 45.279091022875754 ], [ -121.511304904970416, 45.279177716671178 ], [ -121.511059021600587, 45.279225412965062 ], [ -121.511092840872337, 45.279312106842504 ], [ -121.510846956858487, 45.279359802765292 ], [ -121.510880775923681, 45.279446496724702 ], [ -121.510757833638507, 45.279470344555925 ], [ -121.51072401472031, 45.279383650560547 ], [ -121.510601072494623, 45.279407498245043 ], [ -121.510567253810905, 45.279320804223794 ], [ -121.510444311644747, 45.279344651761583 ], [ -121.510410493195579, 45.279257957714478 ], [ -121.510287551088922, 45.279281805105569 ], [ -121.510253732874261, 45.279195111032479 ], [ -121.51013079082712, 45.2792189582769 ], [ -121.510096972846938, 45.279132264177953 ], [ -121.509974030859311, 45.279156111275661 ], [ -121.509940213113694, 45.279069417150829 ], [ -121.509817271185554, 45.279093264101782 ], [ -121.50978345367443, 45.279006569951108 ], [ -121.509537569849726, 45.279054263448927 ], [ -121.509503752720121, 45.278967569236357 ], [ -121.509380810823529, 45.27899141578316 ], [ -121.509346993928432, 45.278904721544698 ], [ -121.509224052091383, 45.278928567944867 ], [ -121.509190235430793, 45.278841873680499 ], [ -121.508944351788202, 45.27888956607665 ], [ -121.508910535509145, 45.278802871750472 ], [ -121.508541709830098, 45.27887440940615 ], [ -121.508507894079543, 45.27878771498218 ], [ -121.507770241241246, 45.278930787087582 ], [ -121.507736426460269, 45.278844092457959 ], [ -121.507613484161368, 45.278867937385286 ], [ -121.507579669614898, 45.278781242729764 ], [ -121.507456727375498, 45.278805087510435 ], [ -121.507422913063564, 45.278718392829013 ], [ -121.507299970883679, 45.278742237462936 ], [ -121.507266156806253, 45.278655542755665 ], [ -121.507143214685911, 45.278679387242896 ], [ -121.507109400842978, 45.278592692509719 ], [ -121.506740574398052, 45.278664225199037 ], [ -121.506706761083663, 45.278577530368075 ], [ -121.506460876643658, 45.278625218201988 ], [ -121.506427063710774, 45.278538523309209 ], [ -121.506181179214849, 45.278586210628177 ], [ -121.506147366663512, 45.278499515673573 ], [ -121.505901482111653, 45.278547202477675 ], [ -121.505867669941821, 45.278460507461197 ], [ -121.505252957766388, 45.27857972235352 ], [ -121.505286769201135, 45.278666417549687 ], [ -121.505163826356579, 45.278690260231862 ], [ -121.505130015068843, 45.27860356499972 ], [ -121.505007072283831, 45.278627407535204 ], [ -121.504973261230603, 45.278540712277177 ], [ -121.504604432791695, 45.278612239111219 ], [ -121.504570622267025, 45.278525543755428 ], [ -121.504447679426121, 45.278549385775939 ], [ -121.504413869135945, 45.278462690394321 ], [ -121.504167983485743, 45.278510374031292 ], [ -121.504201793481883, 45.278597069484761 ], [ -121.504078850378534, 45.278620911173093 ], [ -121.504045040529419, 45.278534215683592 ], [ -121.503922097485614, 45.278558057225219 ], [ -121.503888287870993, 45.278471361709826 ], [ -121.503396515409108, 45.278566726624859 ], [ -121.503362706470028, 45.27848003097575 ], [ -121.501641493889863, 45.278813793720069 ], [ -121.501607687096623, 45.278727097577871 ], [ -121.501115909512791, 45.278822454230991 ], [ -121.501149715717943, 45.278909150516917 ], [ -121.500903826107134, 45.278956828250784 ], [ -121.500870020196075, 45.27887013189298 ], [ -121.500624130529459, 45.278917809111974 ], [ -121.500657936146482, 45.279004505541643 ], [ -121.500412045835944, 45.279052182389499 ], [ -121.500445851246383, 45.279138878901122 ], [ -121.500322905812865, 45.279162717194865 ], [ -121.500356711163747, 45.279249413752517 ], [ -121.500110819740257, 45.279297090079567 ], [ -121.500077014683455, 45.27921039345005 ], [ -121.49995406898752, 45.279234231411444 ], [ -121.499920264165226, 45.279147534756085 ], [ -121.499797318528877, 45.279171372570787 ], [ -121.499763513941076, 45.279084675889507 ], [ -121.499640568364285, 45.279108513557595 ], [ -121.499606764010963, 45.279021816850474 ], [ -121.499483818493758, 45.279045654371792 ], [ -121.499450014374929, 45.278958957638764 ], [ -121.499327068917282, 45.27898279501342 ], [ -121.499293265032975, 45.278896098254499 ], [ -121.499170319634885, 45.278919935482506 ], [ -121.499136515985072, 45.278833238697743 ], [ -121.499013570646568, 45.278857075778959 ], [ -121.498979767231219, 45.278770378968353 ], [ -121.498856821952273, 45.278794215902913 ], [ -121.498823018771432, 45.278707519066415 ], [ -121.498700073552058, 45.278731355854283 ], [ -121.498666270605725, 45.278644658991887 ], [ -121.498543325445922, 45.278668495633077 ], [ -121.498509522734068, 45.278581798744867 ], [ -121.498386577633823, 45.278605635239352 ], [ -121.498352775156462, 45.278518938325213 ], [ -121.498229830115804, 45.278542774672964 ], [ -121.49819602787295, 45.27845607773304 ], [ -121.498073082891864, 45.278479913934127 ], [ -121.498039280883489, 45.278393216968276 ], [ -121.497916335961946, 45.27841705302265 ], [ -121.497882534188079, 45.278330356030914 ], [ -121.497759589326108, 45.278354191938654 ], [ -121.497725787786734, 45.278267494920996 ], [ -121.49760284298435, 45.27829133068203 ], [ -121.497569041679469, 45.27820463363863 ], [ -121.497446096936642, 45.278228469252888 ], [ -121.497412295866241, 45.278141772183574 ], [ -121.497289351183028, 45.278165607651204 ], [ -121.497255550347091, 45.278078910555998 ], [ -121.497132605723436, 45.278102745876929 ], [ -121.497098805121993, 45.278016048755823 ], [ -121.496975860557924, 45.278039883930099 ], [ -121.496942060190975, 45.277953186783165 ], [ -121.496819115686492, 45.277977021810727 ], [ -121.496785315554007, 45.277890324637909 ], [ -121.496662371109082, 45.27791415951878 ], [ -121.496628571211104, 45.277827462320104 ], [ -121.49650562682578, 45.277851297054255 ], [ -121.496471827162296, 45.277764599829723 ], [ -121.496348882836529, 45.277788434417168 ], [ -121.496315083407509, 45.277701737166765 ], [ -121.495823305818035, 45.277797074265393 ], [ -121.49585710465891, 45.277883771659532 ], [ -121.495734159895875, 45.277907605693194 ], [ -121.495767958677149, 45.277994303133305 ], [ -121.49539912342226, 45.278065804677603 ], [ -121.495365325082076, 45.277979107129674 ], [ -121.495242379969255, 45.278002940720306 ], [ -121.495208581863537, 45.277916243146507 ], [ -121.494839746441457, 45.277987743146127 ], [ -121.494873544106042, 45.278074440827709 ], [ -121.494627653093318, 45.278122107012152 ], [ -121.494661450551305, 45.278208804775609 ], [ -121.494538504766723, 45.278232637737645 ], [ -121.494572302165125, 45.27831933554716 ], [ -121.494326410039591, 45.278367001210761 ], [ -121.494292612935254, 45.278280303329375 ], [ -121.49343198877051, 45.278447129411468 ], [ -121.493465784845569, 45.278533827544358 ], [ -121.492482207948527, 45.278724479565625 ], [ -121.492516002934664, 45.278811177996019 ], [ -121.492147159714321, 45.27888267078422 ], [ -121.492180954346779, 45.278969369332408 ], [ -121.492058006284751, 45.278993200076236 ], [ -121.49209180085758, 45.279079898670432 ], [ -121.49196885256103, 45.279103729339433 ], [ -121.492002647074287, 45.279190427979593 ], [ -121.491879698543286, 45.279214258573752 ], [ -121.491913492996929, 45.27930095726002 ], [ -121.491790544231407, 45.279324787779309 ], [ -121.491824338625449, 45.279411486511542 ], [ -121.491701389625462, 45.279435316955983 ], [ -121.491735183959889, 45.279522015734265 ], [ -121.491612234725409, 45.279545846103844 ], [ -121.491646029000236, 45.279632544928084 ], [ -121.491523079531262, 45.279656375222878 ], [ -121.491556873746475, 45.279743074093155 ], [ -121.491433924043008, 45.279766904313085 ], [ -121.491467718198635, 45.279853603229341 ], [ -121.49134476826066, 45.279877433374459 ], [ -121.491378562356672, 45.279964132336701 ], [ -121.491255612184204, 45.279987962406892 ], [ -121.491289406220631, 45.280074661415249 ], [ -121.491166455813669, 45.280098491410662 ], [ -121.491200249790467, 45.280185190464906 ], [ -121.491077299149012, 45.280209020385477 ], [ -121.491111093066195, 45.280295719485821 ], [ -121.490988142190247, 45.280319549331544 ], [ -121.491021936047844, 45.28040624847781 ], [ -121.490898984937388, 45.280430078248763 ], [ -121.49093277873537, 45.280516777441036 ], [ -121.490563924438234, 45.280588266196936 ], [ -121.490597717882451, 45.280674965507124 ], [ -121.490351814286385, 45.28072262419569 ], [ -121.490385607523947, 45.280809323587803 ], [ -121.490262655447708, 45.280833152801918 ], [ -121.490296448625656, 45.280919852239983 ], [ -121.490050543916723, 45.280967510407734 ], [ -121.490084336888017, 45.281054209927774 ], [ -121.489961384255309, 45.281078038881418 ], [ -121.489995177166975, 45.281164738447472 ], [ -121.489626318303067, 45.281236224751595 ], [ -121.48966011086101, 45.281322924435479 ], [ -121.488061711445141, 45.28163268736688 ], [ -121.488027920798984, 45.2815459872159 ], [ -121.48778201217911, 45.281593641318068 ], [ -121.487748221914529, 45.281506941105327 ], [ -121.487379358770127, 45.28157842132002 ], [ -121.48734556903419, 45.281491721009559 ], [ -121.487222614624898, 45.281515547490358 ], [ -121.487188825123468, 45.281428847154025 ], [ -121.486942916336758, 45.281476499711431 ], [ -121.486909127216862, 45.281389799313345 ], [ -121.486786172839416, 45.281413625389938 ], [ -121.486752383954027, 45.281326924966031 ], [ -121.486383520738329, 45.28139840242342 ], [ -121.486349732381555, 45.281311701901799 ], [ -121.485857914124807, 45.281407003483778 ], [ -121.485824126443774, 45.281320302828625 ], [ -121.48570117180806, 45.281344127911218 ], [ -121.485667384361506, 45.281257427230209 ], [ -121.485790338850137, 45.281233602183505 ], [ -121.485722763925168, 45.281060200923505 ], [ -121.485845718032209, 45.281036375837829 ], [ -121.485811930553808, 45.280949675258917 ], [ -121.485934884426385, 45.280925850098441 ], [ -121.485901096888341, 45.280839149565466 ], [ -121.486024050526424, 45.280815324330121 ], [ -121.485990262928738, 45.280728623843238 ], [ -121.486113216332328, 45.280704798532994 ], [ -121.486079428675026, 45.280618098092084 ], [ -121.486202381844109, 45.28059427270707 ], [ -121.48616859412715, 45.280507572312111 ], [ -121.486291547061754, 45.280483746852241 ], [ -121.486088821713679, 45.279963544909947 ], [ -121.486211773678477, 45.279939719554875 ], [ -121.486110411743525, 45.279679618827537 ], [ -121.486233363179721, 45.279655793469381 ], [ -121.486199575895867, 45.279569093283051 ], [ -121.486322527097585, 45.279545267850082 ], [ -121.486288739754102, 45.27945856770971 ], [ -121.486411690721326, 45.27943474220195 ], [ -121.486377903318214, 45.279348042107536 ], [ -121.486500854050945, 45.27932421652492 ], [ -121.486230556796841, 45.27863061642018 ], [ -121.486353506265715, 45.278606791014163 ], [ -121.486150786114592, 45.278086591574329 ], [ -121.486027837528056, 45.278110416764832 ], [ -121.485994051289211, 45.27802371685749 ], [ -121.485871102762275, 45.27804754190138 ], [ -121.485837316757937, 45.277960841968273 ], [ -121.48571436829063, 45.277984666865407 ], [ -121.485680582520772, 45.277897966906437 ], [ -121.485557634113079, 45.277921791656887 ], [ -121.485523848577699, 45.277835091672095 ], [ -121.485400900229649, 45.277858916275875 ], [ -121.485367114928707, 45.277772216265177 ], [ -121.485244166640328, 45.277796040722329 ], [ -121.485210381573864, 45.277709340685789 ], [ -121.485087433345086, 45.277733164996221 ], [ -121.485053648513102, 45.277646464933831 ], [ -121.484930700343966, 45.277670289097564 ], [ -121.484896915746447, 45.277583589009389 ], [ -121.48477396763694, 45.277607413026388 ], [ -121.484740183273885, 45.277520712912334 ], [ -121.484617235224036, 45.277544536782685 ], [ -121.484583451095432, 45.277457836642824 ], [ -121.484460503105225, 45.277481660366504 ], [ -121.484426719211086, 45.277394960200752 ], [ -121.484303771280508, 45.277418783777769 ], [ -121.484269987620863, 45.277332083586209 ], [ -121.484147039749899, 45.277355907016492 ], [ -121.484113256324719, 45.277269206799076 ], [ -121.483990308513427, 45.277293030082689 ], [ -121.483956525322697, 45.277206329839437 ], [ -121.483833577571019, 45.277230152976408 ], [ -121.483799794614782, 45.277143452707271 ], [ -121.483676846922734, 45.277167275697501 ], [ -121.483643064200947, 45.277080575402536 ], [ -121.483520116568556, 45.277104398246188 ], [ -121.483486334081235, 45.277017697925359 ], [ -121.483363386508472, 45.277041520622298 ], [ -121.483329604255601, 45.276954820275634 ], [ -121.48320665674251, 45.276978642825853 ], [ -121.483172874724104, 45.276891942453325 ], [ -121.483049927270642, 45.276915764856909 ], [ -121.483016145486701, 45.276829064458575 ], [ -121.482524355386971, 45.276924352821425 ], [ -121.482558136582696, 45.277011053363402 ], [ -121.481943396256071, 45.277130161504289 ], [ -121.481909615795601, 45.277043460782686 ], [ -121.481663719347239, 45.277091103191822 ], [ -121.481629939268302, 45.277004402408508 ], [ -121.48113814591089, 45.277099685753946 ], [ -121.481104366507594, 45.277012984837057 ], [ -121.480858469598573, 45.277060625773309 ], [ -121.480892248707761, 45.277147326762041 ], [ -121.480277504170388, 45.277266427343775 ], [ -121.480243725796498, 45.277179726175497 ], [ -121.480120776773887, 45.277203545923612 ], [ -121.480086998634434, 45.277116844729555 ], [ -121.479964049671466, 45.277140664331 ], [ -121.479930271766492, 45.277053963111022 ], [ -121.479807322863195, 45.277077782565797 ], [ -121.479773545192657, 45.276991081320041 ], [ -121.479281749293705, 45.277086357887804 ], [ -121.479247972298822, 45.276999656508458 ], [ -121.479002074119066, 45.277047294055855 ], [ -121.478968297505688, 45.276960592614827 ], [ -121.478476500685673, 45.277055866236758 ], [ -121.478442724747936, 45.276969164662162 ], [ -121.478196826107677, 45.277016800736696 ], [ -121.478230601751278, 45.277103502383127 ], [ -121.478107652153014, 45.277127320290155 ], [ -121.478073876656453, 45.277040618607778 ], [ -121.477705027778441, 45.277112071556495 ], [ -121.477671252810467, 45.277025369776524 ], [ -121.476564702780763, 45.277239722317788 ], [ -121.47653092922377, 45.277153020224695 ], [ -121.476407978930581, 45.277176836583976 ], [ -121.476374205608039, 45.277090134465084 ], [ -121.476251255374535, 45.277113950677645 ], [ -121.476217482286444, 45.277027248532903 ], [ -121.476094532112597, 45.277051064598822 ], [ -121.476060759258985, 45.276964362428259 ], [ -121.475937809144838, 45.27698817834748 ], [ -121.475904036525662, 45.276901476151082 ], [ -121.475781086471173, 45.276925291923639 ], [ -121.475747314086476, 45.27683858970142 ], [ -121.475624364091658, 45.276862405327265 ], [ -121.475590591941398, 45.276775703079252 ], [ -121.475467642006279, 45.276799518558462 ], [ -121.475433870090455, 45.276712816284537 ], [ -121.475310920215009, 45.276736631617062 ], [ -121.475277148533664, 45.276649929317365 ], [ -121.475154198717902, 45.276673744503242 ], [ -121.47512042727098, 45.276587042177674 ], [ -121.474997477514904, 45.276610857216852 ], [ -121.474963706302432, 45.276524154865506 ], [ -121.474840756606056, 45.276547969757971 ], [ -121.474806985628021, 45.276461267380803 ], [ -121.474684035991302, 45.276485082126598 ], [ -121.474650265247746, 45.276398379723616 ], [ -121.474527315670727, 45.276422194322748 ], [ -121.474493545161579, 45.276335491893903 ], [ -121.47437059564426, 45.276359306346393 ], [ -121.474336825369591, 45.276272603891691 ], [ -121.473722077207498, 45.276391674312954 ], [ -121.473688307755509, 45.276304971688852 ], [ -121.473565358008045, 45.276328785404857 ], [ -121.473531588790507, 45.276242082754962 ], [ -121.473408639102729, 45.276265896324297 ], [ -121.473374870119642, 45.276179193648574 ], [ -121.473251920491535, 45.276203007071231 ], [ -121.473218151742913, 45.276116304369687 ], [ -121.473095202174505, 45.276140117645689 ], [ -121.473061433660305, 45.276053414918266 ], [ -121.472938484151584, 45.27607722804764 ], [ -121.472904715871849, 45.275990525294397 ], [ -121.472658816886394, 45.276038151148953 ], [ -121.472625048988178, 45.27595144833402 ], [ -121.472256200295902, 45.27602288617728 ], [ -121.472222432926245, 45.275936183264747 ], [ -121.472099483334475, 45.275959995621747 ], [ -121.472065716199268, 45.275873292683386 ], [ -121.471942766667183, 45.275897104893708 ], [ -121.471908999766413, 45.275810401929476 ], [ -121.471786050294057, 45.275834213993107 ], [ -121.471752283627708, 45.275747511003132 ], [ -121.471629334215038, 45.275771322920086 ], [ -121.471595567783126, 45.275684619904247 ], [ -121.471472618430155, 45.275708431674545 ], [ -121.471438852232694, 45.275621728632942 ], [ -121.471192953558742, 45.275669351769416 ], [ -121.471159187742799, 45.27558264866601 ], [ -121.47103623842186, 45.275606460032201 ], [ -121.471002472840368, 45.275519756903002 ], [ -121.470879523579086, 45.275543568122472 ], [ -121.470845758232031, 45.27545686496746 ], [ -121.470722809030477, 45.275480676040331 ], [ -121.470689043917844, 45.275393972859476 ], [ -121.470566094775975, 45.27541778378567 ], [ -121.470532329897779, 45.275331080579072 ], [ -121.470409380815639, 45.275354891358496 ], [ -121.470375616171864, 45.275268188126041 ], [ -121.470252667149438, 45.275291998758881 ], [ -121.470218902740086, 45.275205295500598 ], [ -121.47009595377736, 45.27522910598676 ], [ -121.470062189602444, 45.275142402702627 ], [ -121.469939240699404, 45.275166213042127 ], [ -121.469905476758939, 45.27507950973223 ], [ -121.469782527915626, 45.275103319925023 ], [ -121.469748764209584, 45.275016616589262 ], [ -121.469625815425971, 45.275040426635435 ], [ -121.469592051954351, 45.274953723273889 ], [ -121.469469103230438, 45.27497753317337 ], [ -121.469435339993268, 45.274890829785988 ], [ -121.469312391329069, 45.2749146395388 ], [ -121.469278628326336, 45.274827936125618 ], [ -121.469032731029955, 45.274875555227126 ], [ -121.468998968408712, 45.274788851752241 ], [ -121.468876019776545, 45.274812661100917 ], [ -121.468842257389724, 45.274725957600246 ], [ -121.468719308817285, 45.274749766802238 ], [ -121.468685546664901, 45.27466306327571 ], [ -121.468562598152147, 45.274686872331067 ], [ -121.468528836234213, 45.274600168778733 ], [ -121.468405887781188, 45.27462397768744 ], [ -121.468372126097648, 45.274537274109221 ], [ -121.468249177704337, 45.274561082871315 ], [ -121.468215416255234, 45.274474379267303 ], [ -121.468092467921636, 45.274498187882678 ], [ -121.468058706706969, 45.27441148425288 ], [ -121.467935758433057, 45.274435292721577 ], [ -121.467901997452827, 45.27434858906598 ], [ -121.467779049238644, 45.274372397388028 ], [ -121.467745288492836, 45.274285693706595 ], [ -121.467622340338366, 45.274309501881923 ], [ -121.467588579826952, 45.274222798174684 ], [ -121.46746563173221, 45.274246606203434 ], [ -121.467364351163354, 45.273986495034464 ], [ -121.467241403422449, 45.274010302844722 ], [ -121.467207643554602, 45.27392359910602 ], [ -121.467084695873424, 45.273947406769594 ], [ -121.46705093624, 45.273860703005049 ], [ -121.466927988618536, 45.273884510521974 ], [ -121.466894229219562, 45.273797806731629 ], [ -121.466771281657799, 45.273821614101912 ], [ -121.466737522493204, 45.273734910285754 ], [ -121.466614574991183, 45.273758717509288 ], [ -121.466580816061011, 45.273672013667337 ], [ -121.466457868618704, 45.273695820744315 ], [ -121.466424109922954, 45.273609116876464 ], [ -121.466301162540375, 45.273632923806822 ], [ -121.466267404079034, 45.273546219913158 ], [ -121.466144456756169, 45.273570026696852 ], [ -121.466110698529263, 45.273483322777359 ], [ -121.465987751266113, 45.27350712941432 ], [ -121.465953993273615, 45.273420425469105 ], [ -121.465831046070193, 45.273444231959402 ], [ -121.465729773058001, 45.273184120076451 ], [ -121.465606826208415, 45.273207926348313 ], [ -121.46557306885947, 45.273121222371628 ], [ -121.465450122069612, 45.27314502849682 ], [ -121.465416364955061, 45.273058324494322 ], [ -121.465293418224945, 45.273082130472858 ], [ -121.465259661344774, 45.272995426444481 ], [ -121.465136714674387, 45.273019232276347 ], [ -121.465102958028666, 45.272932528222242 ], [ -121.464980011417964, 45.272956333907409 ], [ -121.464946255006666, 45.272869629827461 ], [ -121.464823308455706, 45.272893435366072 ], [ -121.464789552278802, 45.272806731260232 ], [ -121.464666605787585, 45.272830536652151 ], [ -121.464632849845074, 45.272743832520582 ], [ -121.464509903413571, 45.272767637765803 ], [ -121.464442392084749, 45.27259422946112 ], [ -121.464319445860028, 45.272618034523788 ], [ -121.464285690473687, 45.272531330350652 ], [ -121.464162744308723, 45.272555135266693 ], [ -121.464095234092198, 45.272381726878912 ], [ -121.463972288134016, 45.272405531612392 ], [ -121.463904778560973, 45.272232123193064 ], [ -121.463781832809602, 45.272255927744006 ], [ -121.463714323880055, 45.272082519293278 ], [ -121.463591378335451, 45.272106323661667 ], [ -121.4635238700494, 45.27193291517942 ], [ -121.463400924711607, 45.271956719365313 ], [ -121.463333417069009, 45.271783310851553 ], [ -121.463210471938027, 45.271807114854944 ], [ -121.463109211570355, 45.271547002052202 ], [ -121.462986266793223, 45.271570805837129 ], [ -121.46288500765273, 45.271310693017412 ], [ -121.462762063229491, 45.271334496583897 ], [ -121.462694557866612, 45.271161088016029 ], [ -121.462571613650155, 45.27118489139999 ], [ -121.462504108930744, 45.271011482800624 ], [ -121.462381164921069, 45.271035286002075 ], [ -121.462347412839421, 45.270948581681594 ], [ -121.462224468889502, 45.270972384736403 ], [ -121.462190717042247, 45.270885680390116 ], [ -121.462067773152057, 45.270909483298254 ], [ -121.46203402153921, 45.270822778926195 ], [ -121.461911077708734, 45.270846581687707 ], [ -121.461877326330267, 45.270759877289819 ], [ -121.461754382559548, 45.270783679904632 ], [ -121.461720631415474, 45.270696975480924 ], [ -121.461597687704497, 45.27072077794913 ], [ -121.461563936794818, 45.2706340734996 ], [ -121.461440993143583, 45.270657875821151 ], [ -121.461407242468283, 45.270571171345836 ], [ -121.461284298876791, 45.270594973520737 ], [ -121.461250548435871, 45.270508269019587 ], [ -121.461127604904107, 45.270532071047889 ], [ -121.461093854697609, 45.270445366520917 ], [ -121.460970911225573, 45.270469168402492 ], [ -121.460937161253455, 45.270382463849749 ], [ -121.460814217841161, 45.270406265584697 ], [ -121.460780468103437, 45.270319561006147 ], [ -121.460657524750886, 45.270343362594446 ], [ -121.460623775247555, 45.270256657990046 ], [ -121.460500831954761, 45.27028045943176 ], [ -121.460467082685781, 45.270193754801532 ], [ -121.460344139452729, 45.270217556096547 ], [ -121.460310390418158, 45.270130851440591 ], [ -121.460187447244849, 45.270154652588914 ], [ -121.460153698444671, 45.270067947907101 ], [ -121.46003075533109, 45.270091748908833 ], [ -121.459997006765278, 45.270005044201199 ], [ -121.459874063711453, 45.270028845056267 ], [ -121.459840315380035, 45.269942140322868 ], [ -121.459717372385967, 45.269965941031288 ], [ -121.459683624288914, 45.269879236272082 ], [ -121.459560681354574, 45.269903036833838 ], [ -121.459526933491915, 45.269816332048798 ], [ -121.459403990617346, 45.269840132463891 ], [ -121.459370242989095, 45.2697534276531 ], [ -121.459247300174241, 45.269777227921587 ], [ -121.459213552780341, 45.26969052308494 ], [ -121.459090610025271, 45.269714323206784 ], [ -121.459056862865765, 45.269627618344337 ], [ -121.458933920170409, 45.269651418319476 ], [ -121.458900173245269, 45.269564713431315 ], [ -121.458777230609712, 45.269588513259777 ], [ -121.458743483918951, 45.269501808345773 ], [ -121.458620541343095, 45.269525608027671 ], [ -121.458586794886727, 45.269438903087824 ], [ -121.458463852370642, 45.269462702623045 ], [ -121.458430106148668, 45.269375997657356 ], [ -121.458307163692311, 45.269399797045956 ], [ -121.458273417704703, 45.26931309205451 ], [ -121.458150475308116, 45.269336891296476 ], [ -121.458116729554874, 45.269250186279194 ], [ -121.457993787218058, 45.269273985374525 ], [ -121.457960041699209, 45.269187280331415 ], [ -121.457714157057723, 45.26923487811797 ], [ -121.457680411920322, 45.269148173013185 ], [ -121.457311584744446, 45.269219568754615 ], [ -121.45734532944067, 45.269306273966961 ], [ -121.457099443926083, 45.269353870645766 ], [ -121.457133188415469, 45.269440575939882 ], [ -121.457010245380133, 45.269464374148995 ], [ -121.457043989809748, 45.269551079489112 ], [ -121.456798103183061, 45.269598675646733 ], [ -121.456831847405866, 45.269685381068633 ], [ -121.456708903814445, 45.269709179017148 ], [ -121.456675159738737, 45.269622473559359 ], [ -121.456552216207086, 45.269646271361317 ], [ -121.456518472365758, 45.269559565877735 ], [ -121.456395528893879, 45.269583363532924 ], [ -121.456361785286902, 45.26949665802357 ], [ -121.456238841874793, 45.269520455532174 ], [ -121.456205098502195, 45.269433749996978 ], [ -121.456082155149829, 45.269457547358918 ], [ -121.456048412011626, 45.269370841797986 ], [ -121.45592546871903, 45.269394639013271 ], [ -121.455891725815192, 45.269307933426475 ], [ -121.455277008778054, 45.269426917661995 ], [ -121.45524326669684, 45.26934021190597 ], [ -121.454874435868135, 45.26941160101039 ], [ -121.454908177508131, 45.269498306874041 ], [ -121.454539345452446, 45.269569695089075 ], [ -121.454505604253697, 45.269482989117797 ], [ -121.454382660207614, 45.269506784932119 ], [ -121.454348919243216, 45.269420078935021 ], [ -121.454225975256904, 45.269443874602615 ], [ -121.454192234526886, 45.269357168579802 ], [ -121.454069290600344, 45.269380964100755 ], [ -121.454035550104692, 45.269294258052163 ], [ -121.453912606237921, 45.269318053426467 ], [ -121.453878865976634, 45.269231347352019 ], [ -121.453755922169663, 45.269255142579716 ], [ -121.453722182142741, 45.26916843647949 ], [ -121.45359923839554, 45.269192231560545 ], [ -121.453565498602984, 45.26910552543449 ], [ -121.453442554915554, 45.269129320368869 ], [ -121.453408815357392, 45.269042614217085 ], [ -121.453285871729719, 45.269066409004822 ], [ -121.45325213240595, 45.268979702827217 ], [ -121.453129188838034, 45.269003497468354 ], [ -121.453095449748602, 45.268916791264935 ], [ -121.452972506240485, 45.26894058575936 ], [ -121.452938767385447, 45.268853879530191 ], [ -121.452815823937101, 45.268877673878009 ], [ -121.4527820853164, 45.268790967623062 ], [ -121.452659141927853, 45.268814761824245 ], [ -121.452625403541532, 45.268728055543427 ], [ -121.452502460212756, 45.268751849597969 ], [ -121.452468722060786, 45.268665143291379 ], [ -121.452345778791781, 45.2686889371993 ], [ -121.452312040874205, 45.268602230866918 ], [ -121.45218909766497, 45.268626024628198 ], [ -121.452155359981745, 45.268539318270044 ], [ -121.452032416832296, 45.268563111884689 ], [ -121.451998679383436, 45.268476405500685 ], [ -121.451875736293786, 45.268500198968681 ], [ -121.451841999079306, 45.268413492558913 ], [ -121.451719056049413, 45.26843728588031 ], [ -121.45168531906927, 45.268350579444721 ], [ -121.45156237609919, 45.268374372619455 ], [ -121.451528639353413, 45.26828766615813 ], [ -121.451405696443118, 45.268311459186215 ], [ -121.451371959931691, 45.26822475269902 ], [ -121.451249017081167, 45.268248545580505 ], [ -121.451215280804121, 45.268161839067531 ], [ -121.451092338013368, 45.268185631802375 ], [ -121.451058601970701, 45.268098925263637 ], [ -121.450935659239732, 45.268122717851824 ], [ -121.450901923431417, 45.268036011287307 ], [ -121.450778980760248, 45.268059803728811 ], [ -121.450711509699573, 45.267886390558289 ], [ -121.450588567235272, 45.267910182817317 ], [ -121.450554831982956, 45.267823476211248 ], [ -121.450431889578425, 45.267847268323642 ], [ -121.450364419629778, 45.267673855070107 ], [ -121.450241477432115, 45.267697647 ], [ -121.450140273604973, 45.267437527087566 ], [ -121.450017331761231, 45.267461318799128 ], [ -121.449949863273716, 45.267287905502748 ], [ -121.449826921636841, 45.267311697031793 ], [ -121.449725720001382, 45.267051577055234 ], [ -121.449602778718443, 45.267075368365973 ], [ -121.449569045161567, 45.266988661691379 ], [ -121.449691986297438, 45.266964870416494 ], [ -121.449658252680791, 45.26687816378783 ], [ -121.449535311691989, 45.266901955026817 ], [ -121.449501578309693, 45.266815248372353 ], [ -121.449378637380704, 45.266839039464749 ], [ -121.449344904232746, 45.26675233278452 ], [ -121.449221963363527, 45.266776123730253 ], [ -121.449188230449906, 45.266689417024217 ], [ -121.449065289640515, 45.266713207823287 ], [ -121.449031556961245, 45.266626501091437 ], [ -121.448908616211611, 45.2666502917439 ], [ -121.448874883766706, 45.266563584986343 ], [ -121.448751943076886, 45.266587375492151 ], [ -121.448718210866318, 45.266500668708758 ], [ -121.448595270236282, 45.266524459067945 ], [ -121.448561538260037, 45.266437752258753 ], [ -121.448438597689801, 45.266461542471355 ], [ -121.44840486594795, 45.266374835636348 ], [ -121.44828192543747, 45.266398625702266 ], [ -121.44824819392997, 45.266311918841524 ], [ -121.448125253479304, 45.266335708760842 ], [ -121.448091522206127, 45.266249001874272 ], [ -121.44796858181526, 45.266272791646934 ], [ -121.44793485077642, 45.266186084734564 ], [ -121.447811910445353, 45.26620987436069 ], [ -121.447778179640878, 45.266123167422478 ], [ -121.44765523936961, 45.266146956901963 ], [ -121.447621508799443, 45.266060249937972 ], [ -121.447498568587974, 45.266084039270773 ], [ -121.447464838252159, 45.265997332281081 ], [ -121.447341898100504, 45.266021121467261 ], [ -121.447308167999026, 45.265934414451678 ], [ -121.44718522790717, 45.265958203491266 ], [ -121.447151498040043, 45.265871496449968 ], [ -121.447028558007972, 45.265895285342907 ], [ -121.446994828375182, 45.265808578275852 ], [ -121.44687188840291, 45.265832367022092 ], [ -121.446838159004471, 45.265745659929195 ], [ -121.446715219091985, 45.265769448528857 ], [ -121.446681489927897, 45.265682741410195 ], [ -121.446558550075238, 45.265706529863238 ], [ -121.446524821145459, 45.26561982271879 ], [ -121.446401881352585, 45.265643611025219 ], [ -121.446368152657158, 45.265556903854964 ], [ -121.446245212924111, 45.265580692014765 ], [ -121.446211484462992, 45.265493984818733 ], [ -121.446088544789731, 45.265517772831885 ], [ -121.446054816562992, 45.265431065610059 ], [ -121.44593187694953, 45.265454853476577 ], [ -121.445898148957099, 45.265368146229001 ], [ -121.445775209403465, 45.265391933948877 ], [ -121.445741481645371, 45.265305226675522 ], [ -121.445618542151522, 45.265329014248792 ], [ -121.445584814627779, 45.265242306949588 ], [ -121.445461875193757, 45.265266094376244 ], [ -121.445428147904309, 45.265179387051298 ], [ -121.445305208530101, 45.26520317433134 ], [ -121.44527148147499, 45.265116466980558 ], [ -121.445148542160581, 45.265140254113987 ], [ -121.445114815339821, 45.265053546737462 ], [ -121.444991876085226, 45.265077333724221 ], [ -121.444958149498802, 45.264990626321925 ], [ -121.444835210304007, 45.265014413162049 ], [ -121.444801483951906, 45.26492770573396 ], [ -121.444678544816938, 45.264951492427443 ], [ -121.444644818699146, 45.264864784973582 ], [ -121.444398940461568, 45.264912357956653 ], [ -121.444365214725181, 45.264825650441118 ], [ -121.444242275622571, 45.264849436730586 ], [ -121.444208550120521, 45.264762729189293 ], [ -121.444085611077725, 45.264786515332148 ], [ -121.444051885810012, 45.264699807765098 ], [ -121.443806007756805, 45.264747379646856 ], [ -121.443772282870469, 45.264660672018096 ], [ -121.443649343860045, 45.264684457756999 ], [ -121.443615619208046, 45.264597750102496 ], [ -121.443492680257435, 45.264621535694722 ], [ -121.443458955839773, 45.264534828014476 ], [ -121.443213077970924, 45.264582398794879 ], [ -121.443179353934667, 45.264495691053021 ], [ -121.443056415016429, 45.264519476241183 ], [ -121.443022691214495, 45.264432768473533 ], [ -121.442899752356084, 45.264456553515103 ], [ -121.442866028788458, 45.264369845721653 ], [ -121.442743089989861, 45.264393630616617 ], [ -121.442709366656558, 45.264306922797346 ], [ -121.442586427917774, 45.264330707545682 ], [ -121.442552704818794, 45.26424399970071 ], [ -121.442429766139867, 45.264267784302412 ], [ -121.442396043275224, 45.264181076431598 ], [ -121.442273104656081, 45.264204860886714 ], [ -121.442239382025733, 45.264118152990086 ], [ -121.441993504819877, 45.26416572149629 ], [ -121.441959782570933, 45.264079013538122 ], [ -121.44183684398422, 45.26410279758921 ], [ -121.441803121969571, 45.264016089605171 ], [ -121.441680183442671, 45.26403987350966 ], [ -121.441646461662373, 45.263953165499878 ], [ -121.441400584640959, 45.26400073290479 ], [ -121.441366863242038, 45.263914024833404 ], [ -121.440752169897038, 45.264032941227896 ], [ -121.440718449320741, 45.263946232987337 ], [ -121.440472571666191, 45.263993798698039 ], [ -121.440438851471285, 45.263907090395875 ], [ -121.440070034776312, 45.26397843802355 ], [ -121.440036315109879, 45.263891729623872 ], [ -121.439790437171197, 45.263939294083436 ], [ -121.439756717886127, 45.263852585622189 ], [ -121.439633778933015, 45.263876367649971 ], [ -121.439600059882267, 45.263789659162946 ], [ -121.439354182008429, 45.263837222814466 ], [ -121.439320463339072, 45.263750514265816 ], [ -121.43919752441839, 45.263774295889547 ], [ -121.439163805983341, 45.263687587315154 ], [ -121.439040867122486, 45.263711368792308 ], [ -121.43900714892176, 45.263624660192072 ], [ -121.438884210120747, 45.263648441522633 ], [ -121.43885049215433, 45.263561732896662 ], [ -121.438727553413145, 45.263585514080511 ], [ -121.43869383568105, 45.263498805428789 ], [ -121.438570896999693, 45.26352258646606 ], [ -121.438537179501921, 45.263435877788574 ], [ -121.438414240880391, 45.263459658679238 ], [ -121.438380523616942, 45.263372949975995 ], [ -121.438257585055254, 45.263396730719975 ], [ -121.4382238680261, 45.263310021990939 ], [ -121.438100929524254, 45.263333802588356 ], [ -121.438067212729408, 45.263247093833563 ], [ -121.437944274287418, 45.263270874284345 ], [ -121.437910557726894, 45.263184165503716 ], [ -121.437787619344732, 45.263207945807949 ], [ -121.437753903018503, 45.263121237001542 ], [ -121.437630964696197, 45.263145017159161 ], [ -121.437597248604277, 45.263058308326968 ], [ -121.437474310341798, 45.263082088338003 ], [ -121.437440594484201, 45.26299537948001 ], [ -121.437317656281564, 45.263019159344417 ], [ -121.437283940658261, 45.26293245046071 ], [ -121.437038064285474, 45.262980009785416 ], [ -121.437004349043548, 45.262893300840091 ], [ -121.436881410873383, 45.262917080300483 ], [ -121.436847695865751, 45.262830371329358 ], [ -121.436724757755428, 45.262854150643101 ], [ -121.436691042982119, 45.262767441646275 ], [ -121.436568104931652, 45.262791220813426 ], [ -121.436534390392637, 45.262704511790773 ], [ -121.436411452402012, 45.262728290811296 ], [ -121.436377738097306, 45.262641581762914 ], [ -121.436254800166537, 45.262665360636781 ], [ -121.43622108609614, 45.262578651562627 ], [ -121.436098148225213, 45.262602430289924 ], [ -121.436064434389095, 45.262515721189928 ], [ -121.435695620694176, 45.262587056599699 ], [ -121.435661907386546, 45.262500347402316 ], [ -121.435538969460865, 45.262524125614796 ], [ -121.435505256387529, 45.262437416391663 ], [ -121.435259380568624, 45.262484972412686 ], [ -121.435225667876665, 45.262398263127885 ], [ -121.435102729983484, 45.262422040936407 ], [ -121.435069017525819, 45.26233533162587 ], [ -121.434823141771886, 45.262382886838878 ], [ -121.434789429695599, 45.262296177466744 ], [ -121.434666491834875, 45.262319954871273 ], [ -121.434632779992924, 45.262233245473411 ], [ -121.434509842192043, 45.262257022731326 ], [ -121.434476130584358, 45.262170313307628 ], [ -121.434353192843361, 45.262194090418902 ], [ -121.434285770183791, 45.262020671530067 ], [ -121.434162832649719, 45.262044448458951 ], [ -121.434129121597863, 45.261957738993807 ], [ -121.434006184123646, 45.261981515776057 ], [ -121.433972473306085, 45.26189480628512 ], [ -121.433726598390152, 45.261942359445648 ], [ -121.433692887953939, 45.261855649893107 ], [ -121.433447012983294, 45.261903202538839 ], [ -121.433413302928486, 45.261816492924751 ], [ -121.433290365459413, 45.261840269045578 ], [ -121.433256655638857, 45.261753559405719 ], [ -121.433133718229683, 45.261777335379939 ], [ -121.433100008643422, 45.261690625714344 ], [ -121.43297707129409, 45.261714401541944 ], [ -121.432943361942122, 45.261627691850556 ], [ -121.432820424652633, 45.261651467531635 ], [ -121.432786715534988, 45.261564757814398 ], [ -121.432663778305368, 45.261588533348835 ], [ -121.43263006942199, 45.26150182360589 ], [ -121.43250713225224, 45.261525598993693 ], [ -121.432473423603184, 45.261438889225005 ], [ -121.432350486493277, 45.261462664466237 ], [ -121.432316778078487, 45.261375954671777 ], [ -121.432193841028479, 45.261399729766381 ], [ -121.432160132847969, 45.261313019946122 ], [ -121.432037195857816, 45.26133679489417 ], [ -121.432003487911629, 45.26125008504814 ], [ -121.431880550981333, 45.26127385984956 ], [ -121.431846843269398, 45.261187149977765 ], [ -121.431355095264479, 45.261282247932229 ], [ -121.431321388228056, 45.261195537927264 ], [ -121.431075513996518, 45.261243086168143 ], [ -121.431041807341487, 45.261156376101546 ], [ -121.430550058420195, 45.261251471110725 ], [ -121.430516352440677, 45.261164760910859 ], [ -121.430147540275271, 45.261236080897064 ], [ -121.430113834824226, 45.261149370599817 ], [ -121.42999089740843, 45.261173143671172 ], [ -121.429957192191665, 45.261086433348162 ], [ -121.42983425483574, 45.261110206272932 ], [ -121.429800549853255, 45.261023495924192 ], [ -121.429677612557228, 45.261047268702264 ], [ -121.429643907808995, 45.26096055832776 ], [ -121.429520970572838, 45.260984330959289 ], [ -121.429487266058928, 45.260897620559035 ], [ -121.429364328882642, 45.260921393043937 ], [ -121.429330624602997, 45.260834682617912 ], [ -121.429207687486581, 45.260858454956185 ], [ -121.429173983441245, 45.26077174450441 ], [ -121.429051046384714, 45.260795516696149 ], [ -121.42901734257363, 45.260708806218553 ], [ -121.428894405576983, 45.260732578263685 ], [ -121.428860702000193, 45.260645867760353 ], [ -121.428737765063445, 45.260669639658879 ], [ -121.428704061720921, 45.260582929129782 ], [ -121.428581124844044, 45.260606700881716 ], [ -121.428547421735786, 45.260519990326827 ], [ -121.428424484918793, 45.260543761932205 ], [ -121.428390782044829, 45.26045705135158 ], [ -121.428267845287749, 45.260480822810287 ], [ -121.428234142648051, 45.260394112203926 ], [ -121.428111205950827, 45.260417883516027 ], [ -121.428077503545424, 45.260331172883895 ], [ -121.42795456690807, 45.260354944049439 ], [ -121.427920864736933, 45.260268233391535 ], [ -121.427797928159492, 45.260292004410459 ], [ -121.427764226222649, 45.260205293726784 ], [ -121.427641289705065, 45.260229064599102 ], [ -121.427607588002488, 45.260142353889712 ], [ -121.427484651544802, 45.260166124615431 ], [ -121.427450950076491, 45.260079413880263 ], [ -121.427328013678704, 45.260103184459396 ], [ -121.427294312444687, 45.260016473698435 ], [ -121.427171376106756, 45.260040244130991 ], [ -121.427137675107005, 45.259953533344273 ], [ -121.427014738828987, 45.259977303630194 ], [ -121.426981038063502, 45.259890592817719 ], [ -121.426858101845383, 45.259914362957034 ], [ -121.426824401314164, 45.259827652118879 ], [ -121.426701465155929, 45.259851422111588 ], [ -121.426667764859005, 45.259764711247641 ], [ -121.42654482876064, 45.2597884810938 ], [ -121.426511128697996, 45.259701770204025 ], [ -121.42638819265953, 45.259725539903549 ], [ -121.426354492831109, 45.259638828988123 ], [ -121.426231556852542, 45.259662598541048 ], [ -121.426197857258444, 45.25957588759983 ], [ -121.426074921339776, 45.25959965700617 ], [ -121.426041221979887, 45.259512946039145 ], [ -121.425918286121117, 45.259536715298886 ], [ -121.425884586995522, 45.259450004306132 ], [ -121.425761651196652, 45.259473773419266 ], [ -121.425727952305323, 45.259387062400819 ], [ -121.425605016566337, 45.259410831367305 ], [ -121.425571317909288, 45.259324120323051 ], [ -121.425448382230201, 45.259347889143037 ], [ -121.425414683807418, 45.259261178073039 ], [ -121.425291748188201, 45.259284946746398 ], [ -121.42525804999967, 45.25919823565058 ], [ -121.42513511444038, 45.259222004177381 ], [ -121.425101416486129, 45.259135293055877 ], [ -121.424978480986724, 45.259159061435994 ], [ -121.42494478326671, 45.259072350288747 ], [ -121.424821847827218, 45.25909611852228 ], [ -121.424788150341499, 45.259009407349311 ], [ -121.424665214961891, 45.259033175436215 ], [ -121.424631517710409, 45.258946464237411 ], [ -121.4245085823907, 45.258970232177809 ], [ -121.424474885373513, 45.258883520953262 ], [ -121.424351950113703, 45.258907288747046 ], [ -121.424318253330753, 45.258820577496806 ], [ -121.424195318130856, 45.258844345143928 ], [ -121.424161621582186, 45.258757633867887 ], [ -121.424038686442159, 45.258781401368488 ], [ -121.424004990127756, 45.258694690066704 ], [ -121.423882055047656, 45.25871845742067 ], [ -121.423848358967476, 45.258631746093108 ], [ -121.423725423947275, 45.258655513300525 ], [ -121.423691728101375, 45.258568801947199 ], [ -121.423445858093615, 45.258616335958052 ], [ -121.423479553645336, 45.258703047382966 ], [ -121.423233682994692, 45.258750581022291 ], [ -121.423199987737121, 45.258663869525705 ], [ -121.423077052428113, 45.258687636143407 ], [ -121.423043357404808, 45.25860092462112 ], [ -121.422920422155713, 45.25862469109223 ], [ -121.422886727366659, 45.258537979544144 ], [ -121.422763792177463, 45.25856174586869 ], [ -121.422730097622662, 45.258475034294882 ], [ -121.422607162493406, 45.258498800472793 ], [ -121.422573468172843, 45.258412088873179 ], [ -121.422450533103458, 45.258435854904491 ], [ -121.422416839017188, 45.258349143279254 ], [ -121.422293904007716, 45.258372909163946 ], [ -121.422260210155699, 45.258286197512859 ], [ -121.422137275206126, 45.258309963250994 ], [ -121.42210358158836, 45.258223251574179 ], [ -121.421980646698714, 45.258247017165729 ], [ -121.421946953315199, 45.258160305463157 ], [ -121.421824018485481, 45.258184070908094 ], [ -121.421790325336204, 45.258097359179814 ], [ -121.42166739056637, 45.25812112447818 ], [ -121.421633697651359, 45.258034412724101 ], [ -121.421510762941452, 45.258058177875853 ], [ -121.421477070260678, 45.257971466096066 ], [ -121.421354135610699, 45.257995231101219 ], [ -121.421320443164191, 45.257908519295718 ], [ -121.42119750857411, 45.257932284154251 ], [ -121.421163816361855, 45.257845572322964 ], [ -121.420795012509856, 45.257916866126585 ], [ -121.420761320826003, 45.257830154197919 ], [ -121.420392516630756, 45.257901446897037 ], [ -121.420426207873348, 45.257988158933159 ], [ -121.420057402452358, 45.258059450742692 ], [ -121.420023711651012, 45.257972738599186 ], [ -121.419163163647511, 45.25813908202678 ], [ -121.419129473962926, 45.258052369642705 ], [ -121.418760666809533, 45.258123657913877 ], [ -121.418726977653407, 45.25803694543243 ], [ -121.418481106076158, 45.258084470321002 ], [ -121.418447417301365, 45.257997757778071 ], [ -121.418078609723082, 45.258069044172679 ], [ -121.418044921476692, 45.257982331532318 ], [ -121.417921985590056, 45.258006093406507 ], [ -121.417888297577917, 45.257919380740397 ], [ -121.417765361751194, 45.257943142468008 ], [ -121.417731673973321, 45.257856429776183 ], [ -121.417608738206525, 45.257880191357181 ], [ -121.41757505066289, 45.257793478639528 ], [ -121.417452114956021, 45.257817240074004 ], [ -121.417418427646624, 45.257730527330679 ], [ -121.417295491999695, 45.257754288618486 ], [ -121.417261804924564, 45.257667575849439 ], [ -121.417138869337563, 45.257691336990639 ], [ -121.417105182496641, 45.257604624195864 ], [ -121.416982246969596, 45.257628385190507 ], [ -121.41694856036294, 45.257541672369953 ], [ -121.416825624895807, 45.257565433218026 ], [ -121.416791938523403, 45.257478720371722 ], [ -121.416669003116198, 45.257502481073217 ], [ -121.416635316978031, 45.257415768201206 ], [ -121.416512381630767, 45.257439528756116 ], [ -121.416478695726838, 45.257352815858347 ], [ -121.416355760439529, 45.257376576266594 ], [ -121.416322074769838, 45.257289863343118 ], [ -121.416199139542442, 45.257313623604873 ], [ -121.416165454107002, 45.257226910655582 ], [ -121.416042518939562, 45.257250670770738 ], [ -121.415975148624284, 45.257077244830853 ], [ -121.415852213663882, 45.257101004763584 ], [ -121.415818528784072, 45.257014291772919 ], [ -121.415695593883584, 45.257038051559093 ], [ -121.415661909238011, 45.256951338542635 ], [ -121.415538974397478, 45.256975098182238 ], [ -121.415471605661921, 45.256801672108018 ], [ -121.415348671028426, 45.256825431565218 ], [ -121.415314986938455, 45.256738718507435 ], [ -121.415437921424882, 45.256714959086004 ], [ -121.41540423727497, 45.256628246074051 ], [ -121.415281302935639, 45.2566520054596 ], [ -121.415247619019979, 45.256565292421904 ], [ -121.41512468474059, 45.25658905166096 ], [ -121.415091001059153, 45.256502338597507 ], [ -121.41496806683972, 45.256526097689957 ], [ -121.414934383392506, 45.256439384600746 ], [ -121.414811449233014, 45.256463143546604 ], [ -121.414777766020038, 45.256376430431693 ], [ -121.414654831920501, 45.256400189230938 ], [ -121.414621148941748, 45.256313476090298 ], [ -121.414498214902139, 45.256337234743015 ], [ -121.414464532157638, 45.25625052157659 ], [ -121.414341598177955, 45.256274280082707 ], [ -121.414307915667692, 45.256187566890539 ], [ -121.414184981747951, 45.256211325250106 ], [ -121.414151299471925, 45.256124612032217 ], [ -121.41402836561214, 45.256148370245121 ], [ -121.413994683570351, 45.256061657001567 ], [ -121.413871749770493, 45.256085415067865 ], [ -121.413838067962928, 45.255998701798553 ], [ -121.41371513422304, 45.256022459718352 ], [ -121.413681452649683, 45.255935746423219 ], [ -121.413558518969737, 45.255959504196476 ], [ -121.413524837630618, 45.255872790875628 ], [ -121.413401904010627, 45.255896548502271 ], [ -121.413368222905731, 45.255809835155702 ], [ -121.413245289345681, 45.255833592635739 ], [ -121.413211608475024, 45.255746879263434 ], [ -121.413088674974929, 45.255770636596871 ], [ -121.413054994338481, 45.255683923198859 ], [ -121.412932060898328, 45.25570768038579 ], [ -121.412898380496131, 45.255620966961999 ], [ -121.412775447115948, 45.255644724002323 ], [ -121.412741766947946, 45.255558010552811 ], [ -121.412618833627704, 45.255581767446522 ], [ -121.412585153693911, 45.255495053971259 ], [ -121.412462220433653, 45.255518810718463 ], [ -121.412428540734098, 45.255432097217479 ], [ -121.412305607533767, 45.255455853818027 ], [ -121.412271928068435, 45.255369140291329 ], [ -121.41214899492806, 45.255392896745292 ], [ -121.412115315696937, 45.255306183192857 ], [ -121.411992382616518, 45.255329939500342 ], [ -121.411958703619646, 45.255243225922136 ], [ -121.411835770599168, 45.255266982082993 ], [ -121.411802091836535, 45.255180268479052 ], [ -121.411679158876012, 45.255204024493317 ], [ -121.411645480347573, 45.255117310863632 ], [ -121.411522547447007, 45.255141066731376 ], [ -121.411488869152791, 45.255054353075955 ], [ -121.411365936312208, 45.255078108797093 ], [ -121.411332258252187, 45.254991395115965 ], [ -121.41120932547156, 45.255015150690511 ], [ -121.411175647645791, 45.254928436983668 ], [ -121.411052714925106, 45.254952192411601 ], [ -121.410985359829084, 45.254778764956484 ], [ -121.410862427315465, 45.25480252020207 ], [ -121.410694041835612, 45.254368951561283 ], [ -121.410571109970292, 45.254392706517166 ], [ -121.410369051152188, 45.25387242426531 ], [ -121.410246120082263, 45.253896178895673 ], [ -121.410212444064598, 45.253809465186414 ], [ -121.410089513054615, 45.25383321967022 ], [ -121.410055837271173, 45.253746505935226 ], [ -121.40993290632116, 45.253770260272454 ], [ -121.409899230771899, 45.253683546511766 ], [ -121.409776299881869, 45.25370730070243 ], [ -121.409742624566817, 45.253620586915972 ], [ -121.40961969373673, 45.253644340960044 ], [ -121.409586018655915, 45.253557627147892 ], [ -121.409463087885769, 45.253581381045343 ], [ -121.409429413039163, 45.253494667207455 ], [ -121.409306482328986, 45.2535184209584 ], [ -121.409272807716576, 45.253431707094748 ], [ -121.409149877066369, 45.253455460699094 ], [ -121.409116202688168, 45.253368746809706 ], [ -121.408993272097945, 45.253392500267516 ], [ -121.408959597953938, 45.253305786352456 ], [ -121.408836667423657, 45.253329539663646 ], [ -121.408802993513859, 45.253242825722786 ], [ -121.408680063043576, 45.253266578887455 ], [ -121.408646389367945, 45.253179864920902 ], [ -121.408523458957617, 45.253203617938951 ], [ -121.408489785516224, 45.253116903946676 ], [ -121.408366855165866, 45.253140656818182 ], [ -121.408333181958668, 45.253053942800143 ], [ -121.40821025166828, 45.253077695525072 ], [ -121.408176578695276, 45.252990981481375 ], [ -121.408053648464858, 45.253014734059704 ], [ -121.408019975726077, 45.252928019990236 ], [ -121.407897045555629, 45.252951772422044 ], [ -121.407863373051029, 45.25286505832684 ], [ -121.407740442940536, 45.252888810612077 ], [ -121.407706770670146, 45.252802096491088 ], [ -121.407583840619623, 45.252825848629776 ], [ -121.407550168583427, 45.252739134483136 ], [ -121.407427238592902, 45.252762886475224 ], [ -121.407393566790901, 45.252676172302806 ], [ -121.407270636860332, 45.252699924148359 ], [ -121.40723696529254, 45.252613209950177 ], [ -121.407114035421927, 45.252636961649166 ], [ -121.40708036408833, 45.252550247425326 ], [ -121.406957434277729, 45.252573998977695 ], [ -121.406923763178327, 45.252487284728083 ], [ -121.406800833427667, 45.252511036133981 ], [ -121.406767162562446, 45.252424321858641 ], [ -121.406644232871784, 45.252448073117897 ], [ -121.406610562240758, 45.252361358816849 ], [ -121.406487632610094, 45.252385109929541 ], [ -121.406453962213263, 45.252298395602793 ], [ -121.406331032642541, 45.252322146568979 ], [ -121.406297362479904, 45.252235432216409 ], [ -121.406174432969181, 45.252259183035989 ], [ -121.406140763040725, 45.252172468657712 ], [ -121.406017833589985, 45.252196219330742 ], [ -121.40598416389571, 45.252109504926764 ], [ -121.405861234504968, 45.252133255453273 ], [ -121.405827565044902, 45.252046541023532 ], [ -121.405704635714102, 45.252070291403435 ], [ -121.405670966488245, 45.251983576947993 ], [ -121.405548037217415, 45.25200732718136 ], [ -121.405514368225738, 45.251920612700225 ], [ -121.40539143901492, 45.251944362786965 ], [ -121.40535777025741, 45.251857648280023 ], [ -121.405234841106548, 45.251881398220263 ], [ -121.405201172583276, 45.251794683687685 ], [ -121.405078243492383, 45.251818433481297 ], [ -121.405044575203263, 45.251731718922954 ], [ -121.404921646172397, 45.251755468570046 ], [ -121.404887978117472, 45.251668753986003 ], [ -121.404765049146562, 45.251692503486538 ], [ -121.404731381325817, 45.251605788876724 ], [ -121.404608452414905, 45.251629538230674 ], [ -121.404574784828355, 45.251542823595166 ], [ -121.404451855977442, 45.251566572802496 ], [ -121.404418188625058, 45.251479858141288 ], [ -121.404295259834115, 45.251503607202139 ], [ -121.404261592715912, 45.251416892515181 ], [ -121.404138663984966, 45.251440641429426 ], [ -121.404104997100973, 45.251353926716746 ], [ -121.403982068430011, 45.25137767548447 ], [ -121.403948401780184, 45.251290960746047 ], [ -121.403825473169206, 45.251314709367172 ], [ -121.403791806753574, 45.251227994603035 ], [ -121.403668878202581, 45.251251743077638 ], [ -121.403635212021115, 45.251165028287723 ], [ -121.403512283530119, 45.25118877661577 ], [ -121.403478617582849, 45.251102061800175 ], [ -121.403355689151837, 45.251125809981659 ], [ -121.403322023438747, 45.251039095140356 ], [ -121.403199095067734, 45.251062843175276 ], [ -121.403165429588825, 45.250976128308189 ], [ -121.403042501277781, 45.250999876196566 ], [ -121.403008836033038, 45.250913161303806 ], [ -121.402885907781993, 45.250936909045564 ], [ -121.402852242771473, 45.250850194127096 ], [ -121.402729314580398, 45.250873941722332 ], [ -121.402695649804045, 45.250787226778108 ], [ -121.402572721672996, 45.250810974226816 ], [ -121.402539057130795, 45.25072425925687 ], [ -121.402416129059731, 45.250748006558965 ], [ -121.402382464751696, 45.250661291563276 ], [ -121.402259536740644, 45.250685038718856 ], [ -121.402225872666804, 45.250598323697496 ], [ -121.402102944715722, 45.25062207070647 ], [ -121.402069280876077, 45.250535355659338 ], [ -121.401946352984979, 45.250559102521812 ], [ -121.401912689379486, 45.250472387448966 ], [ -121.4017897615484, 45.250496134164862 ], [ -121.401756098177117, 45.250409419066301 ], [ -121.401633170406029, 45.250433165635663 ], [ -121.40159950726887, 45.25034645051138 ], [ -121.401476579557794, 45.250370196934178 ], [ -121.40144291665483, 45.250283481784152 ], [ -121.401319989003738, 45.250307228060393 ], [ -121.40128632633494, 45.250220512884646 ], [ -121.401163398743847, 45.250244259014295 ], [ -121.401129736309244, 45.250157543812868 ], [ -121.401006808778149, 45.250181289795997 ], [ -121.400973146577712, 45.250094574568841 ], [ -121.400850219106616, 45.250118320405413 ], [ -121.400816557140331, 45.250031605152479 ], [ -121.400693629729247, 45.250055350842516 ], [ -121.400659967997129, 45.249968635563881 ], [ -121.400537040646029, 45.249992381107319 ], [ -121.400503379148105, 45.249905665803006 ], [ -121.400380451857004, 45.249929411199915 ], [ -121.400346790593247, 45.249842695869866 ], [ -121.400223863362172, 45.249866441120197 ], [ -121.400190202332553, 45.249779725764405 ], [ -121.399944347903329, 45.249827215861231 ], [ -121.399910687254973, 45.24974050044397 ], [ -121.399787760056824, 45.249764245290422 ], [ -121.399754099642635, 45.249677529847453 ], [ -121.39950824527925, 45.249725019136456 ], [ -121.399474585246324, 45.24963830363199 ], [ -121.399351658081102, 45.249662048074583 ], [ -121.399317998282328, 45.249575332544374 ], [ -121.399195071177132, 45.249599076840404 ], [ -121.399161411612525, 45.249512361284467 ], [ -121.399038484567313, 45.249536105433961 ], [ -121.399004825236887, 45.249449389852288 ], [ -121.398881898251673, 45.249473133855219 ], [ -121.398848239155427, 45.249386418247845 ], [ -121.398725312230226, 45.24941016210424 ], [ -121.398691653368118, 45.249323446471131 ], [ -121.398568726502958, 45.249347190180991 ], [ -121.398535067874988, 45.249260474522124 ], [ -121.398412141069826, 45.249284218085428 ], [ -121.398378482676065, 45.249197502400932 ], [ -121.398255555930888, 45.249221245817644 ], [ -121.398221897771265, 45.249134530107384 ], [ -121.398098971086128, 45.249158273377589 ], [ -121.398065313160657, 45.249071557641614 ], [ -121.397942386535547, 45.249095300765212 ], [ -121.397908728844229, 45.249008585003551 ], [ -121.397785802279117, 45.249032327980636 ], [ -121.397752144821979, 45.248945612193246 ], [ -121.397629218316879, 45.248969355023767 ], [ -121.397595561093908, 45.248882639210635 ], [ -121.397472634648807, 45.248906381894621 ], [ -121.397438977659988, 45.248819666055816 ], [ -121.397316051274899, 45.248843408593181 ], [ -121.397282394520246, 45.248756692728669 ], [ -121.397405320758224, 45.248732950227023 ], [ -121.39733800721595, 45.24855951859962 ], [ -121.397215081272137, 45.248583261029779 ], [ -121.39718142477868, 45.24849654519538 ], [ -121.397058498894893, 45.248520287478939 ], [ -121.397024842635588, 45.248433571618776 ], [ -121.3969019168118, 45.248457313755829 ], [ -121.396800948997566, 45.248197166128477 ], [ -121.396923874380107, 45.248173424098731 ], [ -121.396890218469096, 45.248086708278784 ], [ -121.397013143617471, 45.248062966174061 ], [ -121.396979487646433, 45.247976250399986 ], [ -121.397102412560656, 45.247952508220152 ], [ -121.397068756529606, 45.247865792491879 ], [ -121.397191681209691, 45.247842050237047 ], [ -121.397158025118614, 45.247755334554576 ], [ -121.397280949564532, 45.247731592224717 ], [ -121.397247293413457, 45.247644876588055 ], [ -121.397370217625237, 45.247621134183163 ], [ -121.397336561414136, 45.247534418592295 ], [ -121.397459485391792, 45.247510676112405 ], [ -121.397425829120692, 45.247423960567346 ], [ -121.397548752864168, 45.24740021801248 ], [ -121.397515096533041, 45.247313502513194 ], [ -121.397638020042365, 45.24728975988333 ], [ -121.39760436365124, 45.247203044429817 ], [ -121.397727286926411, 45.247179301724906 ], [ -121.39769363047526, 45.247092586317244 ], [ -121.397816553516307, 45.247068843537321 ], [ -121.397782897005158, 45.246982128175432 ], [ -121.397905819812053, 45.246958385320482 ], [ -121.397872163240891, 45.246871670004417 ], [ -121.397995085813648, 45.246847927074477 ], [ -121.397961429182459, 45.24676121180417 ], [ -121.398084351521078, 45.246737468799203 ], [ -121.398050694829891, 45.246650753574755 ], [ -121.398173616934343, 45.24662701049477 ], [ -121.398139960183144, 45.246540295316123 ], [ -121.398262882053487, 45.246516552161104 ], [ -121.398229225242275, 45.246429837028238 ], [ -121.398352146878452, 45.246406093798157 ], [ -121.398318490007242, 45.246319378711142 ], [ -121.398441411409308, 45.246295635406121 ], [ -121.398407754478072, 45.246208920364808 ], [ -121.398530675645958, 45.24618517698476 ], [ -121.398497018654766, 45.246098461989305 ], [ -121.398619939588514, 45.246074718534224 ], [ -121.398586282537281, 45.245988003584607 ], [ -121.398709203236905, 45.245964260054471 ], [ -121.398675546125673, 45.245877545150648 ], [ -121.398798466591145, 45.245853801545522 ], [ -121.39876480941993, 45.245767086687479 ], [ -121.398887729651264, 45.245743343007319 ], [ -121.398854072420036, 45.245656628195057 ], [ -121.398976992417232, 45.245632884439907 ], [ -121.398943335125992, 45.245546169673474 ], [ -121.399066254889064, 45.245522425843284 ], [ -121.399032597537825, 45.245435711122632 ], [ -121.399155517066745, 45.245411967217464 ], [ -121.399121859655494, 45.245325252542628 ], [ -121.399244778950305, 45.245301508562406 ], [ -121.39921112147907, 45.245214793933357 ], [ -121.399334040539728, 45.245191049878116 ], [ -121.39930038300848, 45.245104335294918 ], [ -121.399423301835014, 45.245080591164609 ], [ -121.399389644243769, 45.24499387662717 ], [ -121.399512562836151, 45.244970132421919 ], [ -121.399478905184921, 45.244883417930247 ], [ -121.399601823543165, 45.244859673650033 ], [ -121.399568165831937, 45.244772959204099 ], [ -121.399691083956057, 45.244749214848831 ], [ -121.399657426184831, 45.24466250044879 ], [ -121.399780344074827, 45.244638756018453 ], [ -121.399746686243603, 45.244552041664257 ], [ -121.399869603899475, 45.244528297158922 ], [ -121.399835946008253, 45.244441582850413 ], [ -121.399958863429958, 45.24441783827011 ], [ -121.399925205478752, 45.244331124007424 ], [ -121.400048122666348, 45.244307379352044 ], [ -121.400014464655129, 45.244220665135188 ], [ -121.400137381608616, 45.244196920404825 ], [ -121.400103723537399, 45.244110206233742 ], [ -121.400226640256733, 45.244086461428402 ], [ -121.400192982125546, 45.243999747303036 ], [ -121.400315898610742, 45.243976002422698 ], [ -121.400282240419557, 45.243889288343141 ], [ -121.400405156670644, 45.243865543387756 ], [ -121.400371498419474, 45.243778829354035 ], [ -121.400494414436423, 45.243755084323624 ], [ -121.400460756125241, 45.243668370335698 ], [ -121.40058367190808, 45.243644625230324 ], [ -121.400550013536915, 45.24355791128815 ], [ -121.40067292908563, 45.243534166107729 ], [ -121.40063927065448, 45.243447452211377 ], [ -121.400762185969057, 45.243423706955923 ], [ -121.400728527477909, 45.243336993105373 ], [ -121.400851442558363, 45.243313247774921 ], [ -121.400817784007245, 45.243226533970123 ], [ -121.400940698853574, 45.243202788564687 ], [ -121.400907040242444, 45.243116074805705 ], [ -121.401029954854678, 45.243092329325194 ], [ -121.400996296183564, 45.243005615612013 ], [ -121.40111921056166, 45.242981870056568 ], [ -121.401085551830562, 45.242895156389125 ], [ -121.401208465974534, 45.242871410758667 ], [ -121.401174807183452, 45.242784697137033 ], [ -121.401297721093286, 45.242760951431499 ], [ -121.40126406224222, 45.242674237855653 ], [ -121.401386975917958, 45.242650492075121 ], [ -121.401353317006894, 45.242563778545097 ], [ -121.401476230448509, 45.242540032689568 ], [ -121.401509889506613, 45.242626746183859 ], [ -121.401632803008226, 45.242603000181852 ], [ -121.40166646230044, 45.242689713650378 ], [ -121.401789375862023, 45.2426659675018 ], [ -121.40175571642277, 45.242579254069035 ], [ -121.401878629750215, 45.242555507845452 ], [ -121.401844970250949, 45.242468794458375 ], [ -121.401967883344298, 45.242445048159823 ], [ -121.401934223785062, 45.242358334818562 ], [ -121.40218004941643, 45.242310841960602 ], [ -121.402213709269773, 45.242397555230255 ], [ -121.402336622101927, 45.242373808599353 ], [ -121.402370282189381, 45.242460521843348 ], [ -121.402493195081504, 45.242436775065926 ], [ -121.402526855403082, 45.242523488284156 ], [ -121.402772681220213, 45.242475994325417 ], [ -121.402806341922968, 45.242562707482186 ], [ -121.402929254847962, 45.242538960300863 ], [ -121.402962915784826, 45.24262567343191 ], [ -121.403085828769818, 45.242601926104122 ], [ -121.403119489940806, 45.242688639209355 ], [ -121.403242402985768, 45.242664891734982 ], [ -121.403276064390866, 45.24275160481448 ], [ -121.403398977495812, 45.242727857193657 ], [ -121.403432639135048, 45.242814570247383 ], [ -121.403555552299949, 45.242790822479968 ], [ -121.403589214173309, 45.242877535508086 ], [ -121.403712127398194, 45.242853787594107 ], [ -121.403745789505678, 45.24294050059639 ], [ -121.403868702790533, 45.242916752535933 ], [ -121.40390236513214, 45.243003465512501 ], [ -121.404025278476993, 45.242979717305488 ], [ -121.404058941052725, 45.243066430256313 ], [ -121.404181854457519, 45.243042681902772 ], [ -121.404215517267374, 45.243129394827832 ], [ -121.404338430732153, 45.243105646327784 ], [ -121.404372093776132, 45.243192359227081 ], [ -121.404495007300895, 45.243168610580476 ], [ -121.404528670578983, 45.243255323454065 ], [ -121.404651584163702, 45.243231574660925 ], [ -121.404685247675957, 45.243318287508799 ], [ -121.404808161320645, 45.243294538569145 ], [ -121.40484182506701, 45.243381251391227 ], [ -121.404964738771653, 45.243357502305017 ], [ -121.404998402752156, 45.243444215101427 ], [ -121.40512131651677, 45.243420465868674 ], [ -121.405154980731425, 45.243507178639298 ], [ -121.405277894555994, 45.243483429259989 ], [ -121.405311559004758, 45.243570142004842 ], [ -121.405434472889283, 45.243546392479047 ], [ -121.4054681375722, 45.243633105198235 ], [ -121.405591051516723, 45.243609355525841 ], [ -121.405624716433735, 45.243696068219244 ], [ -121.405747630438228, 45.243672318400371 ], [ -121.405781295589392, 45.243759031068045 ], [ -121.405904209653841, 45.243735281102587 ], [ -121.405937875039115, 45.243821993744504 ], [ -121.406060789163547, 45.243798243632561 ], [ -121.406094454782959, 45.243884956248742 ], [ -121.406217368967347, 45.243861205990186 ], [ -121.406251034820912, 45.243947918580659 ], [ -121.406373949065241, 45.243924168175646 ], [ -121.406407615152929, 45.244010880740319 ], [ -121.406530529457243, 45.2439871301887 ], [ -121.406564195779055, 45.244073842727687 ], [ -121.406687110143324, 45.244050092029525 ], [ -121.406720776699274, 45.244136804542755 ], [ -121.406843691123498, 45.244113053698079 ], [ -121.406877357913615, 45.244199766185517 ], [ -121.407000272397795, 45.244176015194377 ], [ -121.40703393942205, 45.244262727656086 ], [ -121.407156853966185, 45.244238976518353 ], [ -121.40719052122455, 45.244325688954305 ], [ -121.407313435828669, 45.244301937670009 ], [ -121.407347103321186, 45.244388650080275 ], [ -121.407470017985247, 45.24436489864943 ], [ -121.407503685711887, 45.244451611033924 ], [ -121.407626600435904, 45.244427859456565 ], [ -121.407660268396725, 45.244514571815301 ], [ -121.407783183180712, 45.244490820091393 ], [ -121.407816851375628, 45.244577532424401 ], [ -121.40793976621957, 45.244553780553986 ], [ -121.407973434648625, 45.244640492861215 ], [ -121.408096349552537, 45.244616740844222 ], [ -121.408130018215743, 45.244703453125737 ], [ -121.408252933179597, 45.244679700962202 ], [ -121.408286602076956, 45.244766413217938 ], [ -121.408409517100765, 45.244742660907917 ], [ -121.408443186232248, 45.244829373137897 ], [ -121.408566101316012, 45.244805620681326 ], [ -121.408599770681661, 45.244892332885563 ], [ -121.408722685825367, 45.244868580282407 ], [ -121.408756355425155, 45.244955292460943 ], [ -121.408879270628816, 45.244931539711274 ], [ -121.408946610383765, 45.245104964026773 ], [ -121.40882369488601, 45.245128716848086 ], [ -121.408992045062362, 45.245562277991304 ], [ -121.409114961295359, 45.245538524991218 ], [ -121.409148631738987, 45.245625237214185 ], [ -121.409271548031967, 45.245601484067535 ], [ -121.409305218709704, 45.245688196264751 ], [ -121.40942813506264, 45.245664442971574 ], [ -121.409461805974559, 45.245751155143068 ], [ -121.409584722387422, 45.24572740170327 ], [ -121.409618393533492, 45.245814113849057 ], [ -121.409741310006297, 45.24579036026276 ], [ -121.409774981386505, 45.245877072382733 ], [ -121.409897897919294, 45.245853318649914 ], [ -121.40993156953364, 45.245940030744102 ], [ -121.41005448612637, 45.245916276864747 ], [ -121.410121829910523, 45.246089701011776 ], [ -121.410244746710248, 45.246065946950026 ], [ -121.410278418880026, 45.246152659002853 ], [ -121.410401335739664, 45.24612890479456 ], [ -121.410468680634651, 45.246302328858683 ], [ -121.410591597701313, 45.246278574468043 ], [ -121.410625270426522, 45.246365286479367 ], [ -121.410748187553125, 45.246341531942271 ], [ -121.410781860512472, 45.246428243927824 ], [ -121.410904777699017, 45.246404489244135 ], [ -121.41093845089253, 45.246491201203931 ], [ -121.41106136813903, 45.246467446373714 ], [ -121.411095041566711, 45.246554158307802 ], [ -121.411217958873152, 45.246530403331029 ], [ -121.411251632534984, 45.246617115239339 ], [ -121.411374549901353, 45.246593360116009 ], [ -121.411408223797338, 45.24668007199859 ], [ -121.411531141223676, 45.246656316728703 ], [ -121.411564815353827, 45.246743028585492 ], [ -121.411687732840093, 45.246719273169113 ], [ -121.411721407204396, 45.246805985000186 ], [ -121.411844324750604, 45.246782229437251 ], [ -121.411877999349088, 45.246868941242504 ], [ -121.412000916955236, 45.246845185533026 ], [ -121.412034591787858, 45.246931897312578 ], [ -121.412157509453962, 45.246908141456537 ], [ -121.412191184520765, 45.246994853210346 ], [ -121.412314102246782, 45.246971097207705 ], [ -121.412347777547737, 45.247057808935807 ], [ -121.41247069533371, 45.24703405278661 ], [ -121.412504370868817, 45.247120764488955 ], [ -121.412627288714731, 45.247097008193222 ], [ -121.412660964484004, 45.247183719869781 ], [ -121.412783882389846, 45.247159963427485 ], [ -121.412817558393314, 45.247246675078287 ], [ -121.412940476359111, 45.247222918489534 ], [ -121.412974152596718, 45.247309630114529 ], [ -121.413097070622428, 45.247285873379226 ], [ -121.413130747094215, 45.247372584978542 ], [ -121.41325366517988, 45.24734882809657 ], [ -121.413287341885834, 45.247435539670136 ], [ -121.413410260031412, 45.247411782641684 ], [ -121.413443936971547, 45.247498494189493 ], [ -121.413566855177038, 45.24747473701445 ], [ -121.413600532351339, 45.247561448536494 ], [ -121.413723450616786, 45.247537691214937 ], [ -121.413757128025267, 45.247624402711203 ], [ -121.413880046350627, 45.247600645243104 ], [ -121.413913723993275, 45.247687356713627 ], [ -121.414036642378605, 45.247663599098971 ], [ -121.414070320255391, 45.247750310543786 ], [ -121.414193238700648, 45.247726552782503 ], [ -121.414226916811629, 45.247813264201582 ], [ -121.414349835316784, 45.247789506293778 ], [ -121.414383513661932, 45.247876217687072 ], [ -121.414506432227043, 45.247852459632711 ], [ -121.414540110806371, 45.247939171000226 ], [ -121.414663029431395, 45.247915412799365 ], [ -121.414696708244904, 45.248002124141166 ], [ -121.414819626929841, 45.247978365793699 ], [ -121.414853305977516, 45.248065077109757 ], [ -121.414976224722409, 45.248041318615719 ], [ -121.415009904004265, 45.248128029906013 ], [ -121.415132822809085, 45.248104271265426 ], [ -121.415166502325079, 45.24819098252997 ], [ -121.41528942118984, 45.248167223742826 ], [ -121.415323100940029, 45.248253934981641 ], [ -121.415446019864717, 45.248230176047905 ], [ -121.415479699849058, 45.248316887260927 ], [ -121.415602618833674, 45.248293128180705 ], [ -121.41563629905221, 45.248379839367942 ], [ -121.415759218096738, 45.248356080141185 ], [ -121.415792898549455, 45.248442791302715 ], [ -121.41603873667124, 45.248395272445222 ], [ -121.416072417505177, 45.248481983545155 ], [ -121.416441174475537, 45.248410704320847 ], [ -121.416474855837762, 45.248497415323499 ], [ -121.416843612465101, 45.248426134994823 ], [ -121.416877294355601, 45.248512845900123 ], [ -121.417123131965624, 45.248465325055605 ], [ -121.417156814237345, 45.248552035899408 ], [ -121.417279733058706, 45.248528275275227 ], [ -121.417313415564621, 45.248614986093202 ], [ -121.41743633444591, 45.248591225322471 ], [ -121.417470017185991, 45.24867793611471 ], [ -121.417715854981239, 45.248630414169305 ], [ -121.417749538102555, 45.248717124899962 ], [ -121.417995375843361, 45.248669602439932 ], [ -121.418029059345912, 45.248756313109048 ], [ -121.41827489703229, 45.248708790134373 ], [ -121.418308580916076, 45.248795500741956 ], [ -121.418677337233262, 45.248724215341774 ], [ -121.418711021645322, 45.248810925852013 ], [ -121.418833940390499, 45.248787163794645 ], [ -121.418867625036754, 45.248873874279113 ], [ -121.419236381190558, 45.248802587334986 ], [ -121.419270066365087, 45.248889297722137 ], [ -121.419392985055822, 45.248865535150102 ], [ -121.419426670464517, 45.248952245511482 ], [ -121.419549589215137, 45.248928482792856 ], [ -121.419583274858056, 45.249015193128471 ], [ -121.41970619366856, 45.248991430263281 ], [ -121.419739879545645, 45.249078140573147 ], [ -121.420477391461105, 45.24893556084124 ], [ -121.420511078307584, 45.249022270946412 ], [ -121.421125669909273, 45.248903451278061 ], [ -121.421159357578148, 45.248990161214266 ], [ -121.421896865506611, 45.248847573742253 ], [ -121.421930554144893, 45.24893428347368 ], [ -121.422053471975005, 45.248910518471526 ], [ -121.422087160847454, 45.248997228177217 ], [ -121.422210078737464, 45.248973463028534 ], [ -121.422243767844108, 45.249060172708418 ], [ -121.422366685794017, 45.249036407413136 ], [ -121.422400375134856, 45.249123117067306 ], [ -121.422523293144664, 45.249099351625446 ], [ -121.422556982719684, 45.249186061253894 ], [ -121.422679900789362, 45.249162295665471 ], [ -121.42271359059859, 45.249249005268091 ], [ -121.422836508728167, 45.249225239533096 ], [ -121.422870198771562, 45.249311949109959 ], [ -121.422993116961038, 45.249288183228408 ], [ -121.423026807238656, 45.249374892779535 ], [ -121.423149725488017, 45.249351126751407 ], [ -121.423183415999802, 45.249437836276726 ], [ -121.423306334309061, 45.249414070102056 ], [ -121.423340025055069, 45.249500779601611 ], [ -121.423462943424198, 45.249477013280426 ], [ -121.423496634404387, 45.249563722754203 ], [ -121.423619552833387, 45.249539956286412 ], [ -121.423653244047799, 45.249626665734461 ], [ -121.423776162536697, 45.249602899120084 ], [ -121.42380985398529, 45.24968960854234 ], [ -121.423932772534087, 45.249665841781365 ], [ -121.423966464216875, 45.249752551177878 ], [ -121.42433521978144, 45.249681250123103 ], [ -121.424368911992502, 45.249767959422201 ], [ -121.424491830486772, 45.2497441921467 ], [ -121.424525522932029, 45.249830901420005 ], [ -121.42464844148617, 45.249807133997876 ], [ -121.424682134165607, 45.249893843245417 ], [ -121.424927971306516, 45.249846307997252 ], [ -121.424961664367217, 45.249933017183245 ], [ -121.425330419865958, 45.249861713372823 ], [ -121.425364113454933, 45.249948422461451 ], [ -121.425732868610368, 45.249877117546738 ], [ -121.425766562727631, 45.249963826538028 ], [ -121.426012399356182, 45.249916289302796 ], [ -121.42604609385468, 45.250002998232404 ], [ -121.426291930428675, 45.249955460482539 ], [ -121.426325625308422, 45.250042169350635 ], [ -121.42657146182782, 45.249994631086047 ], [ -121.426605157088801, 45.250081339892617 ], [ -121.426728075364807, 45.250057570558376 ], [ -121.426761770859997, 45.250144279339104 ], [ -121.426884689195845, 45.25012050985832 ], [ -121.42691838492523, 45.250207218613326 ], [ -121.427041303320991, 45.250183448985908 ], [ -121.427074999284599, 45.250270157715086 ], [ -121.427197917740216, 45.250246387941196 ], [ -121.427231613937991, 45.250333096644582 ], [ -121.427354532453478, 45.2503093267241 ], [ -121.427388228885491, 45.250396035401714 ], [ -121.427634065949036, 45.250348495156835 ], [ -121.427667762762297, 45.250435203772895 ], [ -121.427913599771244, 45.250387663013321 ], [ -121.427947296965726, 45.25047437156784 ], [ -121.428193133920061, 45.250426830293598 ], [ -121.428226831495806, 45.250513538786471 ], [ -121.428718504946559, 45.250418454765558 ], [ -121.428752203197632, 45.250505163125311 ], [ -121.429366793784894, 45.250386305428059 ], [ -121.429400492858321, 45.250473013618731 ], [ -121.430137999568473, 45.25033038051199 ], [ -121.430104299612864, 45.250243672536101 ], [ -121.430841802302524, 45.250101035656741 ], [ -121.430808101551875, 45.250014327905809 ], [ -121.430931018214679, 45.249990554740734 ], [ -121.430964719112339, 45.250077262455868 ], [ -121.43108763583497, 45.250053489144221 ], [ -121.431053934790285, 45.249966781464842 ], [ -121.431914348378555, 45.249800365432691 ], [ -121.431880646391846, 45.249713658014031 ], [ -121.432003562122972, 45.249689883887903 ], [ -121.431969860076435, 45.249603176515059 ], [ -121.432092775573381, 45.249579402313991 ], [ -121.432126477766957, 45.249666109651017 ], [ -121.432249393323744, 45.249642335303392 ], [ -121.432283095751544, 45.249729042614632 ], [ -121.433020588143606, 45.24958639398799 ], [ -121.433054291540728, 45.249673101094416 ], [ -121.433177206781295, 45.249649325899796 ], [ -121.433143503237147, 45.249562618829252 ], [ -121.433635162739463, 45.249467517086607 ], [ -121.433668866871713, 45.249554224013998 ], [ -121.434283440023037, 45.249435344164567 ], [ -121.434317144977598, 45.249522050922913 ], [ -121.434440059493326, 45.249498274584965 ], [ -121.434406354391754, 45.249411567862445 ], [ -121.434775096974761, 45.249340238291431 ], [ -121.434741391519339, 45.249253531686435 ], [ -121.435233046487966, 45.249158424184451 ], [ -121.43526675253149, 45.249245130646216 ], [ -121.435758406693154, 45.249150021228871 ], [ -121.435724700061556, 45.249063314910359 ], [ -121.436093439326271, 45.248991981791811 ], [ -121.436127146398903, 45.249078688002932 ], [ -121.436987535993964, 45.248912239932565 ], [ -121.437021244182915, 45.248998945902997 ], [ -121.437144156780434, 45.248975167128386 ], [ -121.43717786520358, 45.249061873073032 ], [ -121.437423690431118, 45.249014315119908 ], [ -121.437457399235484, 45.2491010210029 ], [ -121.437580311865446, 45.249077241824381 ], [ -121.437614020904036, 45.249163947681595 ], [ -121.437859846196432, 45.249116388920683 ], [ -121.437893555616256, 45.249203094716314 ], [ -121.438139380853883, 45.249155535440785 ], [ -121.438173090654928, 45.249242241174692 ], [ -121.438296003289949, 45.249218461335055 ], [ -121.438329713325203, 45.249305167043175 ], [ -121.438575538627688, 45.249257606959851 ], [ -121.438609249044177, 45.249344312606439 ], [ -121.43885507429188, 45.249296752008448 ], [ -121.438888785089603, 45.249383457593346 ], [ -121.439380435126665, 45.249288334925097 ], [ -121.439346723740925, 45.249201629483458 ], [ -121.439469635885189, 45.249177848575357 ], [ -121.43950334741794, 45.249264553981206 ], [ -121.440117907566247, 45.24914564760013 ], [ -121.440151619921238, 45.249232352836898 ], [ -121.440397443664168, 45.249184789437564 ], [ -121.440431156400393, 45.249271494612728 ], [ -121.440799891801746, 45.249200148575625 ], [ -121.440833605066217, 45.249286853653317 ], [ -121.441079428525114, 45.249239289003214 ], [ -121.441113142170792, 45.24932599401928 ], [ -121.441604788630116, 45.249230863246709 ], [ -121.441638502951051, 45.249317568129506 ], [ -121.441761414494863, 45.249293785123712 ], [ -121.441795129050021, 45.24938048998068 ], [ -121.441918040653647, 45.249356706828273 ], [ -121.441951755443014, 45.249443411659442 ], [ -121.442197578682595, 45.249395844950705 ], [ -121.442231293853197, 45.249482549720305 ], [ -121.442354205489195, 45.24945876616399 ], [ -121.442387920894006, 45.249545470907698 ], [ -121.442510832589804, 45.249521687204847 ], [ -121.442544548228838, 45.249608391922784 ], [ -121.44266745998442, 45.249584608073327 ], [ -121.442701175857678, 45.249671312765436 ], [ -121.44282408767306, 45.24964752876943 ], [ -121.442857803780527, 45.249734233435753 ], [ -121.443103627443648, 45.249686665039789 ], [ -121.443137343932349, 45.249773369644501 ], [ -121.443383167540631, 45.249725800733898 ], [ -121.443416884410553, 45.249812505276957 ], [ -121.443539796230894, 45.249788720619684 ], [ -121.443573513335053, 45.24987542513697 ], [ -121.443696425215165, 45.249851640333119 ], [ -121.44373014255352, 45.249938344824564 ], [ -121.443853054493431, 45.249914559874128 ], [ -121.443819337008051, 45.249827855418502 ], [ -121.444188071863437, 45.24975650001025 ], [ -121.44422178978985, 45.249843204358363 ], [ -121.445082169095414, 45.249676704278706 ], [ -121.445115888138062, 45.249763408386094 ], [ -121.445484621258899, 45.249692049440362 ], [ -121.445450901775246, 45.249605345440415 ], [ -121.445942544127192, 45.249510198772228 ], [ -121.445976264198848, 45.24959690262888 ], [ -121.446344995487991, 45.249525541357379 ], [ -121.446378716087878, 45.249612245116516 ], [ -121.44773072571536, 45.24935057819939 ], [ -121.447764448019441, 45.249437281574437 ], [ -121.448010267111755, 45.249389704259976 ], [ -121.448043989797071, 45.249476407573304 ], [ -121.448289808834446, 45.249428829744218 ], [ -121.448323531900996, 45.2495155329959 ], [ -121.448446441435834, 45.249491743879375 ], [ -121.448480164736594, 45.249578447105314 ], [ -121.448603074331217, 45.249554657842189 ], [ -121.448636797866186, 45.249641361042322 ], [ -121.44875970752058, 45.249617571632619 ], [ -121.448793431289786, 45.249704274806902 ], [ -121.448916341003923, 45.24968048525065 ], [ -121.448950065007352, 45.249767188399076 ], [ -121.449072974781259, 45.249743398696211 ], [ -121.449106699018955, 45.249830101818866 ], [ -121.449229608852605, 45.249806311969522 ], [ -121.44926333332451, 45.24989301506632 ], [ -121.44938624321793, 45.249869225070306 ], [ -121.449419967924058, 45.249955928141311 ], [ -121.449542877877235, 45.249932137998762 ], [ -121.449576602817601, 45.250018841043868 ], [ -121.449699512830563, 45.249995050754769 ], [ -121.449733238005152, 45.25008175377414 ], [ -121.44985614807787, 45.250057963338364 ], [ -121.449889873486697, 45.250144666331927 ], [ -121.450012783619158, 45.250120875749587 ], [ -121.450046509262208, 45.250207578717301 ], [ -121.45016941945444, 45.250183787988455 ], [ -121.450203145331727, 45.250270490930333 ], [ -121.45032605558373, 45.250246700054866 ], [ -121.450359781695255, 45.250333402970938 ], [ -121.450482692007, 45.2503096119489 ], [ -121.450516418352734, 45.250396314839165 ], [ -121.45063932872425, 45.250372523670507 ], [ -121.450673055304236, 45.250459226534971 ], [ -121.450795965735495, 45.250435435219757 ], [ -121.450829692549718, 45.250522138058308 ], [ -121.450952603040719, 45.250498346596551 ], [ -121.450986330089222, 45.250585049409317 ], [ -121.451109240639965, 45.250561257800932 ], [ -121.451142967922678, 45.250647960587891 ], [ -121.451265878533192, 45.250624168832921 ], [ -121.451299606050142, 45.250710871594059 ], [ -121.451422516720427, 45.250687079692582 ], [ -121.451456244471615, 45.250773782427842 ], [ -121.451579155201614, 45.250749990379731 ], [ -121.451612883187053, 45.250836693089248 ], [ -121.451735793976823, 45.250812900894516 ], [ -121.4517695221965, 45.250899603578191 ], [ -121.451892433046012, 45.250875811236888 ], [ -121.451926161499927, 45.250962513894741 ], [ -121.452049072409181, 45.250938721406854 ], [ -121.452082801097347, 45.251025424038943 ], [ -121.452205712066373, 45.251001631404471 ], [ -121.452239440988748, 45.251088334010618 ], [ -121.452362352017531, 45.251064541229617 ], [ -121.452396081174157, 45.251151243809957 ], [ -121.452518992262696, 45.25112745088235 ], [ -121.452552721653547, 45.251214153436877 ], [ -121.452675632801828, 45.251190360362692 ], [ -121.452709362426958, 45.251277062891376 ], [ -121.452832273634954, 45.25125326967062 ], [ -121.452866003494321, 45.251339972173511 ], [ -121.452988914762088, 45.251316178806121 ], [ -121.453022644855693, 45.251402881283205 ], [ -121.453145556183216, 45.251379087769251 ], [ -121.453179286511059, 45.251465790220522 ], [ -121.45330219789831, 45.25144199655999 ], [ -121.453335928460405, 45.251528698985346 ], [ -121.453458839907412, 45.251504905178223 ], [ -121.453492570703759, 45.251591607577836 ], [ -121.453615482210509, 45.251567813624121 ], [ -121.453649213241107, 45.25165451599792 ], [ -121.4537721248076, 45.251630721897591 ], [ -121.453805856072435, 45.251717424245534 ], [ -121.45392876769867, 45.251693629998641 ], [ -121.453962499197772, 45.251780332320749 ], [ -121.454085410883721, 45.251756537927285 ], [ -121.454119142617074, 45.251843240223586 ], [ -121.45424205436278, 45.251819445683516 ], [ -121.454275786330371, 45.251906147953974 ], [ -121.454398698135833, 45.251882353267341 ], [ -121.454432430337675, 45.251969055511921 ], [ -121.45455534220288, 45.251945260678731 ], [ -121.454589074638974, 45.252031962897554 ], [ -121.454711986563893, 45.252008167917694 ], [ -121.454745719234239, 45.252094870110732 ], [ -121.454868631218929, 45.252071074984251 ], [ -121.454902364123512, 45.252157777151432 ], [ -121.455025276167916, 45.252133981878423 ], [ -121.455059009306765, 45.252220684019747 ], [ -121.455181921410926, 45.252196888600167 ], [ -121.455215654784041, 45.25228359071567 ], [ -121.455338566947901, 45.252259795149477 ], [ -121.455372300555268, 45.252346497239159 ], [ -121.455495212778899, 45.252322701526374 ], [ -121.455528946620504, 45.252409403590192 ], [ -121.455651858903863, 45.252385607730815 ], [ -121.455685592979748, 45.252472309768841 ], [ -121.455808505322835, 45.252448513762914 ], [ -121.455842239632958, 45.252535215775119 ], [ -121.455965152035787, 45.252511419622543 ], [ -121.455998886580161, 45.252598121608891 ], [ -121.45612179904272, 45.252574325309773 ], [ -121.456155533821359, 45.252661027270314 ], [ -121.456278446343646, 45.25263723082454 ], [ -121.456312181356552, 45.252723932759324 ], [ -121.45643509393858, 45.252700136166972 ], [ -121.456468829185752, 45.252786838075806 ], [ -121.456591741827495, 45.252763041336898 ], [ -121.456625477308904, 45.252849743219976 ], [ -121.456748390010389, 45.25282594633444 ], [ -121.456782125726079, 45.252912648191682 ], [ -121.456905038487278, 45.252888851159575 ], [ -121.456938774437234, 45.252975552990954 ], [ -121.457061687258189, 45.252951755812234 ], [ -121.457095423442382, 45.253038457617812 ], [ -121.457218336323066, 45.253014660292585 ], [ -121.457252072741525, 45.253101362072258 ], [ -121.457374985681909, 45.253077564600368 ], [ -121.457408722334662, 45.253164266354268 ], [ -121.457531635334789, 45.253140468735843 ], [ -121.457565372221779, 45.253227170463887 ], [ -121.457688285281634, 45.253203372698827 ], [ -121.457722022402891, 45.253290074401015 ], [ -121.457844935522445, 45.253266276489391 ], [ -121.457878672877982, 45.253352978165729 ], [ -121.458001586057293, 45.253329180107571 ], [ -121.458035323647081, 45.253415881758123 ], [ -121.458158236886106, 45.253392083553294 ], [ -121.458191974710161, 45.253478785178025 ], [ -121.458314888008914, 45.253454986826569 ], [ -121.458348626067234, 45.2535416884255 ], [ -121.45847153942573, 45.253517889927473 ], [ -121.458505277718317, 45.253604591500526 ], [ -121.458628191136498, 45.253580792855864 ], [ -121.458661929663364, 45.253667494403096 ], [ -121.458784843141288, 45.253643695611885 ], [ -121.458818581902406, 45.253730397133289 ], [ -121.458941495440058, 45.253706598195478 ], [ -121.458975234435442, 45.25379329969109 ], [ -121.459835627784202, 45.253626703774458 ], [ -121.459869367895848, 45.25371340502911 ], [ -121.459992281029272, 45.253689605133587 ], [ -121.460026021375185, 45.253776306362383 ], [ -121.460394760692765, 45.253704905903888 ], [ -121.460428501566923, 45.253791607035168 ], [ -121.460551414645238, 45.253767806625 ], [ -121.460585155753677, 45.253854507730416 ], [ -121.460830981942422, 45.253806906506142 ], [ -121.46086472343211, 45.253893607549877 ], [ -121.460987636542541, 45.253869806735793 ], [ -121.461021378266523, 45.253956507753713 ], [ -121.461144291436668, 45.253932706793002 ], [ -121.461178033394916, 45.254019407785044 ], [ -121.461300946624775, 45.253995606677741 ], [ -121.461334688817288, 45.254082307643955 ], [ -121.461457602106847, 45.254058506390066 ], [ -121.461491344533655, 45.254145207330467 ], [ -121.461614257882928, 45.254121405929958 ], [ -121.461648000544002, 45.254208106844501 ], [ -121.461893827274693, 45.254160503639554 ], [ -121.46192757031703, 45.254247204492465 ], [ -121.462050483698448, 45.254223402687977 ], [ -121.462084226975065, 45.25431010351501 ], [ -121.462207140416169, 45.254286301563958 ], [ -121.462240883927066, 45.254373002365142 ], [ -121.462363797427884, 45.254349200267526 ], [ -121.462397541173075, 45.254435901042839 ], [ -121.462520454733593, 45.25441209879861 ], [ -121.462554198713036, 45.254498799548116 ], [ -121.462677112333282, 45.254474997157274 ], [ -121.462710856546991, 45.254561697880959 ], [ -121.46283377022695, 45.254537895343489 ], [ -121.462867514674954, 45.254624596041332 ], [ -121.462990428414599, 45.25460079335727 ], [ -121.463024173096883, 45.25468749402927 ], [ -121.463147086896242, 45.254663691198651 ], [ -121.463180831812792, 45.254750391844787 ], [ -121.463303745671837, 45.254726588867527 ], [ -121.463337490822681, 45.254813289487814 ], [ -121.463460404741426, 45.25478948636399 ], [ -121.463494150126564, 45.254876186958469 ], [ -121.463862891800034, 45.254804776814879 ], [ -121.463829145973932, 45.254718076327926 ], [ -121.464812452086406, 45.254527644692494 ], [ -121.464846199088427, 45.254614344892538 ], [ -121.465337850637582, 45.254519126273536 ], [ -121.465371598314846, 45.254605826340132 ], [ -121.466109073901578, 45.254462994874203 ], [ -121.466142822548036, 45.254549694735644 ], [ -121.466265734987275, 45.254525889067885 ], [ -121.466299483868042, 45.254612588903548 ], [ -121.466422396366966, 45.254588783089147 ], [ -121.466456145481985, 45.254675482898968 ], [ -121.466579058040608, 45.254651676937982 ], [ -121.466612807389922, 45.254738376721875 ], [ -121.466735720008217, 45.25471457061429 ], [ -121.466769469591824, 45.254801270372383 ], [ -121.466892382269805, 45.25477746411822 ], [ -121.466926132087707, 45.254864163850399 ], [ -121.467049044825345, 45.254840357449652 ], [ -121.467082794877555, 45.254927057156024 ], [ -121.467820270352036, 45.254784216210517 ], [ -121.467786519417942, 45.25469751671929 ], [ -121.468155255535621, 45.254626094859091 ], [ -121.468189006910677, 45.254712794242735 ], [ -121.469049389158428, 45.254546139108697 ], [ -121.469015636754534, 45.254459439976074 ], [ -121.470244745360361, 45.254221352158908 ], [ -121.470210991573992, 45.254134653394971 ], [ -121.470456811953497, 45.254087034574383 ], [ -121.47042305796046, 45.254000335892201 ], [ -121.470668877696781, 45.253952716700425 ], [ -121.470635123497118, 45.25386601809997 ], [ -121.471003852005822, 45.253794588589308 ], [ -121.47097009745255, 45.253707890106469 ], [ -121.471707551230722, 45.253565028310511 ], [ -121.471673795882921, 45.253478330052843 ], [ -121.47204252115236, 45.253406897767491 ], [ -121.472076276941067, 45.253493595917632 ], [ -121.472567909999128, 45.253398351176706 ], [ -121.472601666463049, 45.253485049193344 ], [ -121.472970390780702, 45.253413614367346 ], [ -121.473004147772812, 45.253500312286377 ], [ -121.473864502486663, 45.253333626898915 ], [ -121.473898260594879, 45.253420324576894 ], [ -121.474021168208822, 45.253396511899894 ], [ -121.474054926551332, 45.253483209551938 ], [ -121.474177834224918, 45.253459396728303 ], [ -121.474211592801694, 45.253546094354512 ], [ -121.474334500534951, 45.253522281384292 ], [ -121.474368259346008, 45.253608978984644 ], [ -121.474491167138908, 45.253585165867868 ], [ -121.474524926184273, 45.253671863442278 ], [ -121.47489364947991, 45.253600423319874 ], [ -121.474927409053464, 45.253687120796705 ], [ -121.475050316790998, 45.253663307165247 ], [ -121.475084076598876, 45.253750004616272 ], [ -121.475452799728416, 45.25367856294973 ], [ -121.475486560064496, 45.253765260303155 ], [ -121.475732375341508, 45.253717631900095 ], [ -121.475766136058866, 45.253804329191745 ], [ -121.476134858760304, 45.253732885649001 ], [ -121.476168620005836, 45.25381958284305 ], [ -121.476414434997437, 45.253771953189236 ], [ -121.476448196624261, 45.253858650321497 ], [ -121.47693982614733, 45.253763389541476 ], [ -121.476973588449326, 45.253850086540268 ], [ -121.47709649575873, 45.253826271032558 ], [ -121.477130258295034, 45.253912968005487 ], [ -121.477253165664081, 45.25388915235115 ], [ -121.477286928434651, 45.253975849298229 ], [ -121.477409835863313, 45.253952033497285 ], [ -121.477443598868192, 45.254038730418493 ], [ -121.477566506356482, 45.254014914471 ], [ -121.477600269595669, 45.25410161136633 ], [ -121.477723177143588, 45.25407779527216 ], [ -121.47775694061707, 45.254164492141648 ], [ -121.477879848224632, 45.254140675900899 ], [ -121.477913611932379, 45.254227372744481 ], [ -121.478036519599584, 45.254203556357133 ], [ -121.478070283541641, 45.254290253174872 ], [ -121.47819319126846, 45.254266436640926 ], [ -121.478226955444825, 45.254353133432751 ], [ -121.478349863231259, 45.254329316752191 ], [ -121.478383627641904, 45.254416013518167 ], [ -121.47850653548798, 45.254392196690972 ], [ -121.478540300132948, 45.254478893431099 ], [ -121.47866320803864, 45.254455076457305 ], [ -121.478696972917874, 45.254541773171589 ], [ -121.478819880883208, 45.254517956051195 ], [ -121.47885364599675, 45.254604652739545 ], [ -121.478976554021713, 45.254580835472538 ], [ -121.47901031936955, 45.254667532135038 ], [ -121.479133227454113, 45.254643714721432 ], [ -121.479166993036273, 45.254730411358068 ], [ -121.479289901180465, 45.254706593797849 ], [ -121.479323666996919, 45.254793290408593 ], [ -121.47944657520074, 45.254769472701788 ], [ -121.479480341251488, 45.254856169286647 ], [ -121.479603249514923, 45.254832351433237 ], [ -121.479637015799995, 45.254919047992253 ], [ -121.479759924123059, 45.254895229992165 ], [ -121.47979369064241, 45.254981926525268 ], [ -121.479916599025088, 45.254958108378645 ], [ -121.479950365778762, 45.255044804885927 ], [ -121.480073274221041, 45.255020986592598 ], [ -121.48010704120901, 45.255107683074016 ], [ -121.480844490910357, 45.254964770773711 ], [ -121.480810723040605, 45.254878074507609 ], [ -121.481056538615036, 45.254830436260029 ], [ -121.481090306778682, 45.25491713245443 ], [ -121.48158193746724, 45.254821854487034 ], [ -121.481615706306087, 45.254908550547889 ], [ -121.481861521420186, 45.25486091082805 ], [ -121.481827752287444, 45.254774214838953 ], [ -121.481950659566508, 45.254750394848863 ], [ -121.481984428846232, 45.254837090802013 ], [ -121.482353150600218, 45.254765630059651 ], [ -121.482386920408175, 45.254852325915159 ], [ -121.482632734768004, 45.254804684794834 ], [ -121.482666504957209, 45.25489138058866 ], [ -121.483158133216477, 45.254796096875644 ], [ -121.483191904080854, 45.254882792535902 ], [ -121.484543876203801, 45.254620752795297 ], [ -121.484577648772017, 45.254707448070803 ], [ -121.485315084538399, 45.254564511440748 ], [ -121.485348858075696, 45.254651206510985 ], [ -121.485471763877939, 45.25462738331592 ], [ -121.485505537649544, 45.254714078360273 ], [ -121.485874254973027, 45.254642608002889 ], [ -121.485908029272835, 45.254729302949613 ], [ -121.486030935019571, 45.254705479239846 ], [ -121.486064709553688, 45.254792174160684 ], [ -121.486187615359995, 45.254768350304253 ], [ -121.486221390128435, 45.254855045199257 ], [ -121.486344295994328, 45.254831221196191 ], [ -121.486378070997063, 45.254917916065239 ], [ -121.486500976922557, 45.254894091915631 ], [ -121.486534752159585, 45.254980786758779 ], [ -121.486657658144694, 45.254956962462551 ], [ -121.486691433616059, 45.25504365727982 ], [ -121.486814339660725, 45.255019832836986 ], [ -121.486780564042377, 45.25493313805557 ], [ -121.486903469852749, 45.254909313537873 ], [ -121.486869694174842, 45.254822618802351 ], [ -121.487361315954828, 45.254727319767802 ], [ -121.487395092220495, 45.254814014359773 ], [ -121.48751799759404, 45.254790189288443 ], [ -121.487551774094044, 45.254876883854536 ], [ -121.487674679527146, 45.254853058636577 ], [ -121.487708456261458, 45.254939753176792 ], [ -121.487831361754147, 45.254915927812192 ], [ -121.487865138722796, 45.255002622326522 ], [ -121.487988044275056, 45.254978796815308 ], [ -121.488021821478, 45.255065491303732 ], [ -121.488144727089846, 45.25504166564594 ], [ -121.488178504527113, 45.255128360108444 ], [ -121.488301410198559, 45.255104534304031 ], [ -121.488335187870135, 45.255191228740685 ], [ -121.488458093601139, 45.255167402789681 ], [ -121.488491871507037, 45.255254097200371 ], [ -121.488614777297627, 45.255230271102782 ], [ -121.488648555437848, 45.255316965487602 ], [ -121.48877146128801, 45.255293139243335 ], [ -121.48880523966254, 45.255379833602291 ], [ -121.488928145572274, 45.255356007211432 ], [ -121.488961924181112, 45.25544270154446 ], [ -121.489084830150432, 45.255418875006988 ], [ -121.489118608993607, 45.255505569314188 ], [ -121.489241515022485, 45.255481742630081 ], [ -121.489275294099969, 45.255568436911339 ], [ -121.489398200188447, 45.255544610080648 ], [ -121.489431979500253, 45.255631304336042 ], [ -121.489554885648289, 45.255607477358723 ], [ -121.489588665194432, 45.255694171588154 ], [ -121.48971157140204, 45.255670344464242 ], [ -121.489745351182478, 45.255757038667817 ], [ -121.489868257449686, 45.255733211397256 ], [ -121.489902037464461, 45.255819905574974 ], [ -121.490024943791198, 45.255796078157779 ], [ -121.490058724040296, 45.255882772309604 ], [ -121.490181630426633, 45.255858944745775 ], [ -121.490215410910039, 45.255945638871751 ], [ -121.490338317355935, 45.255921811161301 ], [ -121.490372098073692, 45.256008505261349 ], [ -121.490495004579159, 45.2559846774043 ], [ -121.490528785531239, 45.256071371478399 ], [ -121.490651692096264, 45.256047543474793 ], [ -121.490685473282653, 45.256134237523014 ], [ -121.490808379907278, 45.256110409372745 ], [ -121.49084216132799, 45.25619710339511 ], [ -121.490965068012173, 45.256173275098142 ], [ -121.490998849667221, 45.256259969094636 ], [ -121.491121756410976, 45.256236140651097 ], [ -121.491155538300347, 45.25632283462167 ], [ -121.49127844510366, 45.25629900603154 ], [ -121.491312227227354, 45.256385699976221 ], [ -121.491435134090224, 45.25636187123942 ], [ -121.491468916448255, 45.256448565158252 ], [ -121.491591823370712, 45.256424736274852 ], [ -121.491625605963051, 45.256511430167713 ], [ -121.491748512945065, 45.2564876011377 ], [ -121.491782295771742, 45.256574295004746 ], [ -121.492273923413734, 45.256478977633783 ], [ -121.492307706915597, 45.256565671367191 ], [ -121.49243061375455, 45.256541841711751 ], [ -121.492464397490764, 45.256628535419324 ], [ -121.492587304389289, 45.256604705617235 ], [ -121.492621088359812, 45.256691399298859 ], [ -121.492743995317909, 45.256667569350178 ], [ -121.492777779522768, 45.256754263005895 ], [ -121.492900686540423, 45.256730432910643 ], [ -121.49293447097962, 45.256817126540419 ], [ -121.493057378056832, 45.256793296298468 ], [ -121.493091162730366, 45.256879989902451 ], [ -121.49321406986715, 45.256856159513866 ], [ -121.493247854775007, 45.256942853091921 ], [ -121.493370761971335, 45.256919022556765 ], [ -121.493404547113514, 45.257005716108878 ], [ -121.493527454369413, 45.25698188542713 ], [ -121.493561239745944, 45.257068578953358 ], [ -121.493684147061387, 45.257044748124919 ], [ -121.493717932672254, 45.257131441625269 ], [ -121.493840840047255, 45.257107610650237 ], [ -121.493874625892445, 45.257194304124688 ], [ -121.493997533327018, 45.257170473002979 ], [ -121.49403131940656, 45.257257166451545 ], [ -121.494154226900662, 45.257233335183258 ], [ -121.49418801321454, 45.257320028605925 ], [ -121.494310920768214, 45.257296197190982 ], [ -121.494344707316401, 45.257382890587742 ], [ -121.494467614929619, 45.257359059026179 ], [ -121.494501401712185, 45.257445752397047 ], [ -121.49462430938496, 45.257421920688849 ], [ -121.494658096401849, 45.257508614033846 ], [ -121.494781004134154, 45.257484782178985 ], [ -121.494814791385394, 45.257571475498104 ], [ -121.494937699177271, 45.257547643496643 ], [ -121.494971486662848, 45.257634336789806 ], [ -121.495094394514268, 45.257610504641725 ], [ -121.495128182234183, 45.25769719790901 ], [ -121.49525109014516, 45.257673365614373 ], [ -121.495284878099426, 45.257760058855716 ], [ -121.495407786069947, 45.257736226414423 ], [ -121.49544157425855, 45.257822919629866 ], [ -121.495564482288614, 45.257799087041924 ], [ -121.495598270711568, 45.25788578023149 ], [ -121.49572117880119, 45.257861947496906 ], [ -121.495754967458453, 45.257948640660587 ], [ -121.495877875607633, 45.257924807779375 ], [ -121.49591166449926, 45.258011500917149 ], [ -121.49603457270797, 45.25798766788931 ], [ -121.496068361833977, 45.258074361001192 ], [ -121.496191270102216, 45.258050527826761 ], [ -121.496225059462546, 45.258137220912708 ], [ -121.496347967790328, 45.258113387591628 ], [ -121.496381757385024, 45.258200080651662 ], [ -121.496504665772378, 45.258176247183947 ], [ -121.496538455601382, 45.258262940218131 ], [ -121.496661364048279, 45.258239106603803 ], [ -121.496695154111649, 45.258325799612045 ], [ -121.49681806261809, 45.258301965851082 ], [ -121.496851852915796, 45.258388658833475 ], [ -121.496974761481781, 45.258364824925849 ], [ -121.497008552013838, 45.258451517882293 ], [ -121.497131460639352, 45.258427683828089 ], [ -121.497165251405789, 45.258514376758619 ], [ -121.497288160090847, 45.258490542557787 ], [ -121.497321951091621, 45.258577235462447 ], [ -121.497444859836207, 45.258553401114895 ], [ -121.497478651071319, 45.258640093993719 ], [ -121.497601559875463, 45.258616259499554 ], [ -121.497736726277807, 45.258963030970968 ], [ -121.497613816885874, 45.258986865608755 ], [ -121.497715192164563, 45.259246944425016 ], [ -121.497592282244398, 45.259270779059797 ], [ -121.497761242055631, 45.259704244133331 ], [ -121.49788415271054, 45.259680409319053 ], [ -121.497985530087064, 45.259940488375463 ], [ -121.498108441095425, 45.259916653342771 ], [ -121.498142233876038, 45.260003346345705 ], [ -121.498265144943943, 45.25997951116635 ], [ -121.498535491511305, 45.260673055262806 ], [ -121.498412579267793, 45.260696890729363 ], [ -121.498446372835119, 45.26078358382243 ], [ -121.498569285225599, 45.260759748319877 ], [ -121.498603079027291, 45.260846441386946 ], [ -121.49848016648987, 45.260870276925424 ], [ -121.498547754061576, 45.261043663161438 ], [ -121.49842484114285, 45.261067498661014 ], [ -121.498526222715213, 45.261327578197914 ], [ -121.498403309268198, 45.261351413694484 ], [ -121.498673662798481, 45.262044959853945 ], [ -121.498796577421174, 45.262021124070166 ], [ -121.49883037215281, 45.262107817349197 ], [ -121.498707457383176, 45.262131653168986 ], [ -121.499248182627127, 45.263518747570899 ], [ -121.499371099748132, 45.263494911176572 ], [ -121.499506285143909, 45.263841685034016 ], [ -121.499629202765362, 45.263817848385244 ], [ -121.499764390147789, 45.264164622259386 ], [ -121.50013314425118, 45.264093111217633 ], [ -121.500166941756234, 45.264179804603437 ], [ -121.500289859762802, 45.264155967332108 ], [ -121.500323657502278, 45.264242660692055 ], [ -121.500446575568375, 45.264218823274085 ], [ -121.500480373542246, 45.264305516608161 ], [ -121.500849127656849, 45.264234003582146 ], [ -121.500882926159051, 45.26432069681843 ], [ -121.501005844169342, 45.264296858885736 ], [ -121.501039642905937, 45.264383552096142 ], [ -121.501285478958167, 45.264335875826617 ], [ -121.501319278076124, 45.264422568975213 ], [ -121.501442196118063, 45.264398730638433 ], [ -121.501475995470415, 45.264485423761144 ], [ -121.501598913571868, 45.264461585277708 ], [ -121.501632713158614, 45.264548278374491 ], [ -121.501755631319611, 45.264524439744427 ], [ -121.50178943114075, 45.264611132815318 ], [ -121.501912349361291, 45.264587294038613 ], [ -121.501946149416824, 45.264673987083604 ], [ -121.502069067696866, 45.26465014816025 ], [ -121.502102867986821, 45.264736841179257 ], [ -121.502225786326392, 45.264713002109282 ], [ -121.502259586850741, 45.264799695102433 ], [ -121.502382505249841, 45.26477585588578 ], [ -121.502416306008584, 45.26486254885301 ], [ -121.502539224467228, 45.264838709489723 ], [ -121.502573025460364, 45.264925402431082 ], [ -121.502695943978523, 45.264901562921146 ], [ -121.502729745206082, 45.264988255836577 ], [ -121.502852663783756, 45.264964416179936 ], [ -121.502886465245695, 45.265051109069489 ], [ -121.503009383882912, 45.265027269266191 ], [ -121.503043185579287, 45.265113962129945 ], [ -121.503166104276005, 45.265090122180005 ], [ -121.503199906206774, 45.265176815017689 ], [ -121.503322824963021, 45.265152974921172 ], [ -121.50335662712817, 45.265239667732999 ], [ -121.503602464672284, 45.265191987135715 ], [ -121.503636267218837, 45.265278679885796 ], [ -121.503882104707102, 45.265230998773767 ], [ -121.503915907635005, 45.265317691461995 ], [ -121.504038826394932, 45.265293850704012 ], [ -121.504072629557228, 45.265380543366248 ], [ -121.5041955483767, 45.265356702461602 ], [ -121.504229351773418, 45.265443395097975 ], [ -121.50435227065239, 45.265419554046616 ], [ -121.504386074283502, 45.265506246657147 ], [ -121.504508993222004, 45.265482405459188 ], [ -121.504542797087538, 45.265569098043684 ], [ -121.505157391203099, 45.265449890213198 ], [ -121.505191195890887, 45.265536582628179 ], [ -121.506051625008595, 45.265369686763236 ], [ -121.506085430812561, 45.265456378936726 ], [ -121.5063312672102, 45.265408693335488 ], [ -121.506297461112297, 45.265322001233827 ], [ -121.506789132270342, 45.265226628846236 ], [ -121.506822938956049, 45.265313320804189 ], [ -121.507314609302696, 45.26521794650121 ], [ -121.507280802029129, 45.265131254686978 ], [ -121.507403719250206, 45.265107410870364 ], [ -121.507437526670714, 45.265194102648664 ], [ -121.507683361144402, 45.265146414611301 ], [ -121.507649553429985, 45.265059722904851 ], [ -121.508878719081522, 45.264821276433864 ], [ -121.508844909985015, 45.264734585096676 ], [ -121.509213657534232, 45.264663049104001 ], [ -121.509179848084329, 45.264576357884671 ], [ -121.509548594405558, 45.264504821003243 ], [ -121.509514784602288, 45.264418129901671 ], [ -121.510129359320416, 45.264298899731017 ], [ -121.510095548869842, 45.264212208819174 ], [ -121.510710120666715, 45.264092976060041 ], [ -121.510676309568879, 45.264006285337842 ], [ -121.511045051156657, 45.263934744461451 ], [ -121.511011239705454, 45.263848053857004 ], [ -121.511134153246175, 45.263824206712727 ], [ -121.511100341735485, 45.263737516154201 ], [ -121.511469081392022, 45.263665974164752 ], [ -121.511435269527993, 45.263579283724084 ], [ -121.511926920591151, 45.263483892998387 ], [ -121.511893108226801, 45.263397202711431 ], [ -121.512261845164986, 45.263325658612409 ], [ -121.512228032447283, 45.263238968443211 ], [ -121.512596768157479, 45.263167423455442 ], [ -121.512562955086395, 45.263080733404109 ], [ -121.513423334320365, 45.262913791475604 ], [ -121.513389520308223, 45.262827101685765 ], [ -121.513758252512829, 45.262755553591937 ], [ -121.513724438147349, 45.262668863919956 ], [ -121.513970258885877, 45.262621164708982 ], [ -121.513936444313984, 45.262534475118827 ], [ -121.514059354405134, 45.262510625383243 ], [ -121.514093169123939, 45.262597314937445 ], [ -121.514216079274533, 45.262573465055162 ], [ -121.514182264408788, 45.262486775536878 ], [ -121.514428084153707, 45.262439075512049 ], [ -121.514394269081592, 45.262352386075655 ], [ -121.514640088182759, 45.262304685679744 ], [ -121.514606272904231, 45.262217996325298 ], [ -121.514975000459216, 45.262146445008902 ], [ -121.51494118482735, 45.26205975577215 ], [ -121.515432819755048, 45.261964352610697 ], [ -121.51539900362296, 45.261877663527663 ], [ -121.515521911989268, 45.261853812496447 ], [ -121.515555728268296, 45.261940501543499 ], [ -121.515801545032375, 45.261892799077046 ], [ -121.515767728459494, 45.261806110101837 ], [ -121.515890636563398, 45.261782258738499 ], [ -121.515856819931074, 45.261695569809177 ], [ -121.516348450884294, 45.261600163392259 ], [ -121.516314633751733, 45.261513474616699 ], [ -121.516806262717694, 45.261418066572055 ], [ -121.516772445084925, 45.261331377950263 ], [ -121.517018258749232, 45.261283673335484 ], [ -121.516984440910079, 45.261196984795561 ], [ -121.517107347464076, 45.261173132358032 ], [ -121.517073529565479, 45.261086443864045 ], [ -121.517442248261915, 45.261014885995003 ], [ -121.517408430010036, 45.260928197618803 ], [ -121.517777147478469, 45.260856638861149 ], [ -121.517810966171126, 45.260943327129553 ], [ -121.518179683293042, 45.260871767267659 ], [ -121.518213502513902, 45.260958455438207 ], [ -121.51895093527736, 45.260815332509523 ], [ -121.518917115175, 45.260728644554575 ], [ -121.519408734680084, 45.260633227198312 ], [ -121.519442555370119, 45.260719915009531 ], [ -121.519565460174618, 45.260696060357773 ], [ -121.519531639337671, 45.260609372582458 ], [ -121.519654543907748, 45.260585517855908 ], [ -121.519620723011371, 45.260498830126508 ], [ -121.520112339829296, 45.260403410256885 ], [ -121.520078518432754, 45.26031672268126 ], [ -121.520201422271612, 45.260292867473026 ], [ -121.520167600815626, 45.260206179943324 ], [ -121.520413407937113, 45.260158469266642 ], [ -121.520447229686923, 45.260245156724402 ], [ -121.520693036752292, 45.260197445532938 ], [ -121.520726858883393, 45.260284132928902 ], [ -121.521095569266066, 45.260212565203524 ], [ -121.521061746694215, 45.260125877915421 ], [ -121.521430455848801, 45.260054309301502 ], [ -121.521396632923739, 45.259967622131157 ], [ -121.521519535653397, 45.259943765741063 ], [ -121.521485712668891, 45.259857078616626 ], [ -121.521731517571936, 45.259809365576182 ], [ -121.521697694381075, 45.25972267853362 ], [ -121.521943498640383, 45.259674965122194 ], [ -121.521909675243222, 45.259588278161509 ], [ -121.522032577094748, 45.259564421325685 ], [ -121.521998753638172, 45.259477734410915 ], [ -121.522244556784941, 45.259430020478995 ], [ -121.522210733122037, 45.259343333646122 ], [ -121.522702337778128, 45.259247904597466 ], [ -121.522668513615116, 45.25916121791834 ], [ -121.523405917093271, 45.259018071239808 ], [ -121.523372092136341, 45.258931384786301 ], [ -121.524232391185237, 45.258764375542405 ], [ -121.524198565287477, 45.258677689350471 ], [ -121.524444363934549, 45.258629971499133 ], [ -121.524478190126104, 45.25871665761926 ], [ -121.524601089465293, 45.258692798491602 ], [ -121.524634915891198, 45.258779484585702 ], [ -121.524757815289803, 45.258755625311402 ], [ -121.524791641950117, 45.258842311379553 ], [ -121.525160340061674, 45.258770732784647 ], [ -121.525126512960654, 45.258684046824335 ], [ -121.525249412009302, 45.258660187107175 ], [ -121.525283239257192, 45.25874687303159 ], [ -121.525406138365227, 45.258723013167838 ], [ -121.525439965847511, 45.258809699066205 ], [ -121.525808663087346, 45.258738118702972 ], [ -121.525842491097819, 45.258824804503512 ], [ -121.526088289114028, 45.258777083635906 ], [ -121.52612211750575, 45.258863769374585 ], [ -121.526245016529529, 45.2588399087388 ], [ -121.526278845155659, 45.258926594451516 ], [ -121.526647542142612, 45.258855011772049 ], [ -121.526613713075818, 45.258768326167129 ], [ -121.527719797989832, 45.258553572474263 ], [ -121.527753628378676, 45.258640257755658 ], [ -121.528613912773409, 45.258473220654636 ], [ -121.528647744277947, 45.258559905694405 ], [ -121.528893539325566, 45.258512179740201 ], [ -121.528927371211395, 45.258598864718046 ], [ -121.529296063567216, 45.258527274848646 ], [ -121.52932989598122, 45.25861395972867 ], [ -121.52969858799014, 45.258542368755108 ], [ -121.529732420932291, 45.258629053537284 ], [ -121.531207182855042, 45.258342679248621 ], [ -121.531173348150233, 45.258255994897837 ], [ -121.531419140285138, 45.258208264371866 ], [ -121.531385305374116, 45.258121580102959 ], [ -121.531631096865198, 45.258073849206035 ], [ -121.531597261747919, 45.257987165019003 ], [ -121.531720157215332, 45.257963299440448 ], [ -121.531686322038667, 45.257876615299395 ], [ -121.531809217271686, 45.257852749646077 ], [ -121.531775382035647, 45.257766065550925 ], [ -121.532389856153671, 45.257646735803682 ], [ -121.532356020270768, 45.25756005189821 ], [ -121.532478914684958, 45.25753618565264 ], [ -121.532445078742697, 45.257449501793111 ], [ -121.532567972922493, 45.257425635472735 ], [ -121.532534136920859, 45.2573389516592 ], [ -121.532657030866289, 45.257315085264082 ], [ -121.532623194805268, 45.257228401496398 ], [ -121.532746088516305, 45.25720453502656 ], [ -121.532712252395953, 45.257117851304798 ], [ -121.532835145872596, 45.257093984760239 ], [ -121.532801309692857, 45.257007301084343 ], [ -121.532924202935121, 45.256983434465027 ], [ -121.532890366696051, 45.256896750835089 ], [ -121.533013259703921, 45.256872884140989 ], [ -121.532979423405465, 45.256786200557052 ], [ -121.533102316178969, 45.256762333788188 ], [ -121.533068479821139, 45.256675650250102 ], [ -121.53319137236025, 45.256651783406546 ], [ -121.533157535943062, 45.256565099914368 ], [ -121.533280428247807, 45.256541232996042 ], [ -121.53324659177126, 45.25645454954978 ], [ -121.533369483841611, 45.256430682556754 ], [ -121.533335647305734, 45.256343999156407 ], [ -121.533458539141705, 45.256320132088582 ], [ -121.533424702546441, 45.256233448734164 ], [ -121.533547594148018, 45.256209581591641 ], [ -121.533513757493424, 45.256122898283124 ], [ -121.533636648860636, 45.256099031065773 ], [ -121.533602812146668, 45.256012347803214 ], [ -121.533725703279487, 45.255988480511185 ], [ -121.533691866506189, 45.255901797294499 ], [ -121.533814757404613, 45.255877929927728 ], [ -121.533780920571942, 45.255791246756985 ], [ -121.533903811236002, 45.255767379315429 ], [ -121.533869974343972, 45.255680696190581 ], [ -121.533992864773666, 45.255656828674311 ], [ -121.533959027822277, 45.255570145595378 ], [ -121.534081918017591, 45.255546278004346 ], [ -121.534048081006844, 45.255459594971342 ], [ -121.534170970967793, 45.25543572730561 ], [ -121.534137133897701, 45.255349044318457 ], [ -121.53426002362427, 45.255325176578005 ], [ -121.53422618649482, 45.255238493636767 ], [ -121.534349075987009, 45.25521462582153 ], [ -121.5343152387982, 45.2551279429263 ], [ -121.53443812805601, 45.255104075036286 ], [ -121.534404290807871, 45.255017392186886 ], [ -121.534527179831315, 45.254993524222158 ], [ -121.534493342523803, 45.254906841418702 ], [ -121.534616231312896, 45.254882973379168 ], [ -121.534582393946039, 45.254796290621712 ], [ -121.534705282500738, 45.254772422507443 ], [ -121.534671445074522, 45.254685739795818 ], [ -121.534794333394842, 45.254661871606821 ], [ -121.534760495909296, 45.254575188941118 ], [ -121.53488338399525, 45.254551320677358 ], [ -121.534849546450374, 45.254464638057605 ], [ -121.534972434301963, 45.25444076971911 ], [ -121.534938596697714, 45.254354087145238 ], [ -121.535061484314923, 45.254330218732015 ], [ -121.535027646651329, 45.254243536204044 ], [ -121.535150534034173, 45.254219667716121 ], [ -121.535116696311249, 45.254132985234065 ], [ -121.535239583459727, 45.254109116671366 ], [ -121.535205745677445, 45.254022434235139 ], [ -121.535328632591529, 45.253998565597747 ], [ -121.535294794749916, 45.253911883207444 ], [ -121.535417681429664, 45.253888014495253 ], [ -121.535383843528678, 45.253801332150928 ], [ -121.535506729974074, 45.25377746336401 ], [ -121.535574406157238, 45.253950827990778 ] ] ], [ [ [ -121.535472892013772, 45.253690781065558 ], [ -121.535595778224774, 45.253666912203904 ], [ -121.535629616331946, 45.253753594466453 ], [ -121.535506729974074, 45.25377746336401 ], [ -121.535472892013772, 45.253690781065558 ] ] ] ] } },
{ "type": "Feature", "properties": { "asset": "Gate Creek diversion", "area_km2": 15.914918994690476, "area_acres": 3932.6621217671272, "objectid": null, "task_id": "WRR-A-LIDAR-WATERSHED-003", "basis": "USGS 3DEP 10 m D8 terrain delineation at corrected OWRD/NHD control point", "tnmid": null, "metasourceid": null, "sourcedatadesc": null, "sourceoriginator": null, "sourcefeatureid": null, "loaddate": null, "referencegnis_ids": null, "areaacres": null, "areasqkm": null, "states": null, "huc12": null, "name": null, "hutype": null, "humod": null, "tohuc": null, "noncontributingareaacres": null, "noncontributingareasqkm": null, "globalid": null, "shape_Length": null, "shape_Area": null, "status": null, "reason": null, "component": null, "area_acres_equal_area": null }, "geometry": { "type": "MultiPolygon", "coordinates": [ [ [ [ -121.421519167004575, 45.218624248840349 ], [ -121.42148549412326, 45.218537545439453 ], [ -121.421608356401123, 45.218513782611716 ], [ -121.421642029429321, 45.218600485976864 ], [ -121.421519167004575, 45.218624248840349 ] ] ], [ [ [ -121.421887754017646, 45.218552959917623 ], [ -121.42185408069561, 45.218466256623962 ], [ -121.421976942712263, 45.218442493464089 ], [ -121.422010616181183, 45.218529196721917 ], [ -121.422133478257678, 45.218505433415523 ], [ -121.422167151960565, 45.218592136647565 ], [ -121.422290014096902, 45.218568373194714 ], [ -121.422323688033799, 45.218655076400935 ], [ -121.422446550229964, 45.21863131280162 ], [ -121.422480224400815, 45.218718015981949 ], [ -121.422603086656821, 45.218694252236183 ], [ -121.422636761061668, 45.218780955390784 ], [ -121.422759623377488, 45.218757191498497 ], [ -121.42279329801633, 45.21884389462727 ], [ -121.423039022680598, 45.218796366439051 ], [ -121.42300534774796, 45.218709663381823 ], [ -121.423128209802599, 45.2186858991574 ], [ -121.423094534810119, 45.218599196145895 ], [ -121.423217396630776, 45.21857543184656 ], [ -121.423183721578468, 45.218488728880637 ], [ -121.423306583165129, 45.218464964506332 ], [ -121.423272908053008, 45.218378261586132 ], [ -121.423395769405687, 45.218354497136893 ], [ -121.423362094233724, 45.21826779426236 ], [ -121.423484955352436, 45.218244029738152 ], [ -121.423451280120617, 45.218157326909278 ], [ -121.423574141005346, 45.218133562310136 ], [ -121.42343944036125, 45.217786751237178 ], [ -121.423316580064125, 45.217810515693387 ], [ -121.423249230558312, 45.217637110145013 ], [ -121.423372090561614, 45.217613345760348 ], [ -121.423304741110272, 45.217439940323139 ], [ -121.423427600732708, 45.217416175899224 ], [ -121.423393925990752, 45.217329473231345 ], [ -121.423271066515213, 45.217353237619491 ], [ -121.423237392007209, 45.217266534925749 ], [ -121.423114532591498, 45.217290299167395 ], [ -121.423080858317462, 45.217203596447817 ], [ -121.423203717586262, 45.217179832241882 ], [ -121.423102694845895, 45.216919724249991 ], [ -121.422979836017788, 45.216943488348655 ], [ -121.422912488253331, 45.216770082998799 ], [ -121.423035346787628, 45.216746318971659 ], [ -121.422967999077656, 45.216572913733039 ], [ -121.423090857231102, 45.216549149666676 ], [ -121.4230235095756, 45.216375744539306 ], [ -121.422900651715949, 45.216399508534188 ], [ -121.422866978165686, 45.216312805949606 ], [ -121.422744120365863, 45.21633656979801 ], [ -121.422710447049568, 45.216249867187628 ], [ -121.422587589309586, 45.21627363088956 ], [ -121.422553916227244, 45.216186928253379 ], [ -121.42243105854709, 45.216210691808875 ], [ -121.422330040263162, 45.21595058385256 ], [ -121.422207182936631, 45.215974347190119 ], [ -121.42217351049635, 45.215887644522077 ], [ -121.422296367675983, 45.215863881220308 ], [ -121.422060662003432, 45.215256963072406 ], [ -121.421937805852082, 45.215280726123943 ], [ -121.421904134108274, 45.215194023535354 ], [ -121.422026990112727, 45.215170260519535 ], [ -121.421993318309092, 45.215083557976619 ], [ -121.422116174079619, 45.215059794885875 ], [ -121.422082502216142, 45.21497309238859 ], [ -121.422205357752702, 45.214949329222826 ], [ -121.422171685829412, 45.2148626267713 ], [ -121.422294541132032, 45.214838863530574 ], [ -121.422260869148886, 45.214752161124608 ], [ -121.422138013993177, 45.214775924329594 ], [ -121.422104342243998, 45.214689221897821 ], [ -121.421981487148102, 45.214712984956307 ], [ -121.42194781563289, 45.214626282498713 ], [ -121.42207067058186, 45.214602519475982 ], [ -121.422003327518794, 45.214429114662053 ], [ -121.422126182086942, 45.214405351600107 ], [ -121.422058839078332, 45.214231946897407 ], [ -121.422181693265628, 45.214208183796238 ], [ -121.422148021745016, 45.214121481495475 ], [ -121.422270875698402, 45.214097718319323 ], [ -121.422237204117948, 45.214011016064255 ], [ -121.422360057837366, 45.213987252813233 ], [ -121.422326386197113, 45.213900550603796 ], [ -121.422449239682578, 45.213876787277755 ], [ -121.422415567982469, 45.213790085114027 ], [ -121.422538421233995, 45.213766321713024 ], [ -121.422504749474058, 45.213679619594899 ], [ -121.422627602491644, 45.213655856118933 ], [ -121.422593930671908, 45.213569154046546 ], [ -121.422716783455527, 45.21354539049559 ], [ -121.42268311157595, 45.213458688468812 ], [ -121.422805964125644, 45.213434924842964 ], [ -121.422772292186238, 45.213348222861832 ], [ -121.422895144501993, 45.213324459161008 ], [ -121.422861472502746, 45.213237757225578 ], [ -121.422984324584561, 45.21321399344982 ], [ -121.422950652525486, 45.213127291560021 ], [ -121.423073504373349, 45.213103527709272 ], [ -121.42303983225446, 45.213016825865175 ], [ -121.423162683868398, 45.212993061939443 ], [ -121.423129011689667, 45.212906360140998 ], [ -121.423251863069652, 45.212882596140275 ], [ -121.423218190831122, 45.212795894387533 ], [ -121.423341041977167, 45.212772130311876 ], [ -121.423307369678795, 45.212685428604757 ], [ -121.42343022059093, 45.212661664454117 ], [ -121.423396548232745, 45.212574962792687 ], [ -121.423519398910912, 45.212551198567127 ], [ -121.423485726492899, 45.212464496951341 ], [ -121.423608576937141, 45.212440732650848 ], [ -121.423574904459315, 45.2123540310807 ], [ -121.423697754669618, 45.21233026670518 ], [ -121.423664082131964, 45.212243565180735 ], [ -121.423786932108328, 45.212219800730317 ], [ -121.42375325951086, 45.212133099251481 ], [ -121.423876109253285, 45.212109334726073 ], [ -121.42384243659599, 45.212022633292882 ], [ -121.42396528610449, 45.211998868692547 ], [ -121.423931613387381, 45.211912167305059 ], [ -121.424054462661928, 45.211888402629768 ], [ -121.424020789885006, 45.211801701287911 ], [ -121.424143638925656, 45.211777936537651 ], [ -121.424109966088892, 45.21169123524146 ], [ -121.424232814895589, 45.211667470416231 ], [ -121.42419914199904, 45.21158076916565 ], [ -121.424321990571784, 45.211557004265515 ], [ -121.424288317615421, 45.211470303060672 ], [ -121.424411165954254, 45.211446538085497 ], [ -121.424444839057514, 45.21153323925467 ], [ -121.424567687456161, 45.211509474133059 ], [ -121.424601360793346, 45.211596175276441 ], [ -121.424724209251835, 45.211572410008444 ], [ -121.424757882822959, 45.211659111125869 ], [ -121.424880731341233, 45.211635345711436 ], [ -121.424914405146296, 45.211722046803096 ], [ -121.425037253724398, 45.211698281242185 ], [ -121.425070927763372, 45.211784982308011 ], [ -121.425193776401287, 45.2117612166006 ], [ -121.425227450674228, 45.211847917640632 ], [ -121.425350299371942, 45.211824151786807 ], [ -121.42531662495216, 45.2117374507826 ], [ -121.425439473415935, 45.211713684853819 ], [ -121.425473147982601, 45.211800385822343 ], [ -121.425595996506189, 45.211776619747106 ], [ -121.425629671306794, 45.211863320689758 ], [ -121.42575251989021, 45.211839554468121 ], [ -121.425786194924754, 45.211926255384959 ], [ -121.425909043567984, 45.211902489016843 ], [ -121.425942718836467, 45.21198918990784 ], [ -121.426065567539467, 45.211965423393266 ], [ -121.426099243041875, 45.212052124258399 ], [ -121.426222091804732, 45.212028357597418 ], [ -121.426255767541079, 45.212115058436737 ], [ -121.426378616363721, 45.212091291629271 ], [ -121.426412292334007, 45.212177992442768 ], [ -121.426535141216462, 45.212154225488845 ], [ -121.426568817420687, 45.212240926276429 ], [ -121.426691666362942, 45.212217159176092 ], [ -121.426725342801106, 45.212303859937876 ], [ -121.426848191803174, 45.212280092691095 ], [ -121.426881868475277, 45.212366793427051 ], [ -121.427004717537145, 45.212343026033849 ], [ -121.427038394443201, 45.212429726743878 ], [ -121.427161243564868, 45.212405959204247 ], [ -121.427194920704864, 45.212492659888476 ], [ -121.427317769886315, 45.212468892202388 ], [ -121.42735144726025, 45.212555592860788 ], [ -121.427474296501529, 45.212531825028194 ], [ -121.427507974109417, 45.212618525660787 ], [ -121.427630823410496, 45.212594757681707 ], [ -121.427664501252295, 45.2126814582885 ], [ -121.427787350613187, 45.212657690162992 ], [ -121.427821028688953, 45.212744390743921 ], [ -121.42794387810963, 45.21272062247197 ], [ -121.427977556419336, 45.212807323027008 ], [ -121.428100405899812, 45.212783554608635 ], [ -121.428134084443457, 45.212870255137837 ], [ -121.428256933983732, 45.212846486572992 ], [ -121.42829061276133, 45.212933187076366 ], [ -121.428413462361419, 45.212909418365093 ], [ -121.428447141372956, 45.212996118842668 ], [ -121.428569991032845, 45.212972349984881 ], [ -121.428603670278321, 45.213059050436527 ], [ -121.428726519997994, 45.21303528143239 ], [ -121.428760199477423, 45.21312198185823 ], [ -121.42888304925691, 45.213098212707536 ], [ -121.428916728970279, 45.213184913107604 ], [ -121.429039578809579, 45.213161143810467 ], [ -121.429073258756901, 45.21324784418465 ], [ -121.429196108655972, 45.213224074741127 ], [ -121.429229788837233, 45.213310775089397 ], [ -121.429352638796104, 45.213287005499438 ], [ -121.429386319211332, 45.213373705821901 ], [ -121.429509169229988, 45.213349936085457 ], [ -121.429542849879169, 45.213436636382077 ], [ -121.429665699957624, 45.213412866499183 ], [ -121.429699380840745, 45.213499566769983 ], [ -121.429822230978999, 45.213475796740568 ], [ -121.429855912096059, 45.213562496985546 ], [ -121.429978762294112, 45.21353872680973 ], [ -121.43001244364514, 45.213625427028823 ], [ -121.430135293902978, 45.213601656706508 ], [ -121.430168975487959, 45.213688356899837 ], [ -121.430291825805583, 45.213664586431079 ], [ -121.430325507624502, 45.213751286598523 ], [ -121.430448358001925, 45.213727515983294 ], [ -121.430482040054841, 45.213814216124867 ], [ -121.430604890492035, 45.213790445363252 ], [ -121.430705937613823, 45.214050545740143 ], [ -121.43082878840454, 45.214026774760569 ], [ -121.430862471099516, 45.214113474870281 ], [ -121.430985321950047, 45.214089703744186 ], [ -121.431019004878991, 45.21417640382807 ], [ -121.431141855789292, 45.214152632555546 ], [ -121.431209222202156, 45.214326032681498 ], [ -121.431332073319112, 45.214302261226742 ], [ -121.431433124032168, 45.214562361382747 ], [ -121.431555975502675, 45.214538589710003 ], [ -121.431589659394731, 45.21462528974611 ], [ -121.431712510925053, 45.214601517926937 ], [ -121.431746195051062, 45.214688217937152 ], [ -121.43186904664114, 45.214664445971543 ], [ -121.431902731001145, 45.214751145955965 ], [ -121.432025582650994, 45.214727373843843 ], [ -121.432059267244966, 45.214814073802366 ], [ -121.432182118954614, 45.214790301543793 ], [ -121.432215803782512, 45.214877001476502 ], [ -121.432338655551945, 45.214853229071529 ], [ -121.432372340613838, 45.214939928978374 ], [ -121.432495192443042, 45.214916156426845 ], [ -121.432528877738903, 45.215002856307848 ], [ -121.432651729627892, 45.214979083609947 ], [ -121.432685415157707, 45.215065783465072 ], [ -121.432808267106481, 45.215042010620671 ], [ -121.432841952870263, 45.215128710449946 ], [ -121.432964804878821, 45.215104937459131 ], [ -121.432998490876557, 45.215191637262585 ], [ -121.433121342944915, 45.215167864125256 ], [ -121.433155029176632, 45.215254563902853 ], [ -121.433277881304747, 45.215230790619067 ], [ -121.433311567770431, 45.215317490370857 ], [ -121.433434419958317, 45.215293716940607 ], [ -121.433468106657969, 45.215380416666555 ], [ -121.433590958905654, 45.215356643089841 ], [ -121.433624645839274, 45.215443342789889 ], [ -121.43374749814673, 45.215419569066732 ], [ -121.433781185314331, 45.21550626874096 ], [ -121.433904037681557, 45.215482494871289 ], [ -121.433937725083112, 45.21556919451973 ], [ -121.43406057751011, 45.215545420503588 ], [ -121.434094265145632, 45.215632120126138 ], [ -121.434217117632414, 45.215608345963588 ], [ -121.434250805501918, 45.21569504556026 ], [ -121.434373658048486, 45.215671271251232 ], [ -121.434407346151957, 45.215757970822047 ], [ -121.434530198758281, 45.215734196366583 ], [ -121.434563887095734, 45.21582089591157 ], [ -121.434686739761844, 45.215797121309592 ], [ -121.434720428333279, 45.215883820828743 ], [ -121.434843281059145, 45.215860046080302 ], [ -121.434876969864547, 45.215946745573596 ], [ -121.434999822650184, 45.215922970678754 ], [ -121.435033511689582, 45.216009670146185 ], [ -121.43515636453499, 45.215985895104801 ], [ -121.435190053808341, 45.216072594546397 ], [ -121.435312906713534, 45.216048819358612 ], [ -121.435346596220853, 45.216135518774351 ], [ -121.435469449185817, 45.216111743440074 ], [ -121.435503138927118, 45.21619844282997 ], [ -121.435625991951852, 45.216174667349193 ], [ -121.435659681927149, 45.216261366713276 ], [ -121.435782535011626, 45.216237591086028 ], [ -121.435816225220904, 45.216324290424254 ], [ -121.43593907836518, 45.216300514650541 ], [ -121.435972768808412, 45.216387213962875 ], [ -121.436095622012431, 45.216363438042748 ], [ -121.436129312689658, 45.216450137329218 ], [ -121.436252165953476, 45.216426361262634 ], [ -121.436285856864657, 45.216513060523219 ], [ -121.436408710188246, 45.216489284310185 ], [ -121.436442401333409, 45.216575983544928 ], [ -121.43656525471674, 45.216552207185458 ], [ -121.436598946095899, 45.216638906394337 ], [ -121.436721799539015, 45.216615129888346 ], [ -121.436755491152141, 45.216701829071418 ], [ -121.436878344655028, 45.216678052418928 ], [ -121.436912036502136, 45.216764751576164 ], [ -121.43703489006478, 45.216740974777238 ], [ -121.437068582145898, 45.216827673908618 ], [ -121.43719143576827, 45.216803896963206 ], [ -121.437225128083384, 45.216890596068708 ], [ -121.437347981765527, 45.216866818976783 ], [ -121.437381674314594, 45.216953518056471 ], [ -121.437504528056508, 45.216929740818109 ], [ -121.437538220839585, 45.217016439871969 ], [ -121.437661074641255, 45.216992662487087 ], [ -121.437694767658314, 45.217079361515097 ], [ -121.437817621519741, 45.217055583983758 ], [ -121.437851314770768, 45.217142282985932 ], [ -121.437974168691966, 45.217118505308164 ], [ -121.438007862177017, 45.217205204284397 ], [ -121.438130716157957, 45.217181426460165 ], [ -121.438164409876961, 45.217268125410563 ], [ -121.438287263917687, 45.217244347439845 ], [ -121.438320957870687, 45.217331046364421 ], [ -121.438443811971169, 45.217307268247247 ], [ -121.438477506158137, 45.21739396714591 ], [ -121.438600360318361, 45.217370188882256 ], [ -121.438634054739353, 45.21745688775512 ], [ -121.438756908959348, 45.217433109345016 ], [ -121.438790603614294, 45.217519808192044 ], [ -121.43891345789406, 45.217496029635441 ], [ -121.438947152783015, 45.21758272845652 ], [ -121.439070007122496, 45.217558949753446 ], [ -121.439103702245447, 45.217645648548789 ], [ -121.439226556644726, 45.217621869699229 ], [ -121.43926025200166, 45.217708568468652 ], [ -121.439383106460653, 45.217684789472642 ], [ -121.439416802051596, 45.217771488216158 ], [ -121.439539656570361, 45.217747709073713 ], [ -121.439573352395271, 45.217834407791415 ], [ -121.439696206973807, 45.217810628502498 ], [ -121.439729903032728, 45.217897327194322 ], [ -121.439852757670977, 45.21787354775892 ], [ -121.439886453963908, 45.217960246424887 ], [ -121.440009308661928, 45.217936466843021 ], [ -121.440043005188826, 45.218023165483139 ], [ -121.440165859946589, 45.217999385754823 ], [ -121.440199556707498, 45.218086084369098 ], [ -121.440322411525031, 45.218062304494211 ], [ -121.440356108519921, 45.218149003082708 ], [ -121.440478963397197, 45.218125223061335 ], [ -121.440512660626112, 45.218211921623912 ], [ -121.440635515563102, 45.218188141456118 ], [ -121.440669213026027, 45.218274839992851 ], [ -121.440546357942111, 45.218298620196386 ], [ -121.440613752835574, 45.21847201737112 ], [ -121.440736608213214, 45.218448237095998 ], [ -121.440871399633096, 45.218795031421458 ], [ -121.4409942555111, 45.218771250892551 ], [ -121.441027953730767, 45.218857949462908 ], [ -121.441150809668514, 45.218834168787481 ], [ -121.441184508122191, 45.218920867332017 ], [ -121.44130736411968, 45.218897086510154 ], [ -121.441374761582153, 45.219070483557388 ], [ -121.441497617786283, 45.219046702553285 ], [ -121.441531316795079, 45.219133401055977 ], [ -121.44165417305895, 45.219109619905389 ], [ -121.441687872301756, 45.219196318382217 ], [ -121.44181072862537, 45.219172537085164 ], [ -121.4418444281022, 45.219259235536128 ], [ -121.441967284485543, 45.219235454092576 ], [ -121.442000984196355, 45.219322152517741 ], [ -121.442123840639454, 45.219298370927667 ], [ -121.442157540584276, 45.219385069326975 ], [ -121.442280397087117, 45.219361287590417 ], [ -121.442314097265992, 45.219447985963889 ], [ -121.442436953828548, 45.219424204080859 ], [ -121.44247065424139, 45.219510902428453 ], [ -121.442593510863716, 45.219487120398924 ], [ -121.442627211510583, 45.21957381872069 ], [ -121.442750068192638, 45.219550036544696 ], [ -121.4427837690735, 45.219636734840577 ], [ -121.442906625815326, 45.219612952518112 ], [ -121.442940326930213, 45.219699650788101 ], [ -121.443063183731738, 45.219675868319179 ], [ -121.443096885080635, 45.21976256656334 ], [ -121.443219741941888, 45.219738783947911 ], [ -121.44325344352481, 45.219825482166193 ], [ -121.44337630044582, 45.219801699404279 ], [ -121.443410002262752, 45.219888397596726 ], [ -121.443532859243518, 45.219864614688319 ], [ -121.443566561294446, 45.219951312854874 ], [ -121.443689418334927, 45.219927529800074 ], [ -121.443723120619879, 45.220014227940723 ], [ -121.443845977720102, 45.219990444739373 ], [ -121.443879680239064, 45.220077142854286 ], [ -121.444002537399015, 45.220053359506423 ], [ -121.444036240151988, 45.220140057595401 ], [ -121.444159097371696, 45.220116274101116 ], [ -121.444192800358692, 45.220202972164209 ], [ -121.444315657638114, 45.220179188523396 ], [ -121.444349360859121, 45.220265886560732 ], [ -121.444472218198285, 45.220242102773433 ], [ -121.444505921653302, 45.220328800784841 ], [ -121.444628779052195, 45.220305016851071 ], [ -121.444662482741251, 45.22039171483663 ], [ -121.444785340199886, 45.220367930756368 ], [ -121.444819044122937, 45.220454628716098 ], [ -121.4449419016413, 45.220430844489329 ], [ -121.444975605798376, 45.220517542423146 ], [ -121.445098463376468, 45.220493758049905 ], [ -121.445132167767582, 45.220580455957894 ], [ -121.445255025405402, 45.220556671438231 ], [ -121.445288730030498, 45.220643369320278 ], [ -121.44541158772806, 45.220619584654102 ], [ -121.445445292587223, 45.220706282510349 ], [ -121.445568150344471, 45.220682497697702 ], [ -121.445601855437644, 45.220769195528064 ], [ -121.445724713254648, 45.220745410568881 ], [ -121.445758418581832, 45.220832108373429 ], [ -121.445881276458564, 45.220808323267796 ], [ -121.445914982019801, 45.220895021046402 ], [ -121.446037839956261, 45.220871235794284 ], [ -121.446071545751494, 45.220957933547091 ], [ -121.446194403747668, 45.220934148148466 ], [ -121.446228109776925, 45.221020845875373 ], [ -121.446596683683183, 45.220949488907962 ], [ -121.44663039024023, 45.221036186537461 ], [ -121.446753248181565, 45.22101240062451 ], [ -121.446786954972623, 45.221099098228109 ], [ -121.447401244106359, 45.220980166823786 ], [ -121.447434951718932, 45.221066864258347 ], [ -121.447926382044656, 45.220971716999188 ], [ -121.447960090331875, 45.221058414300479 ], [ -121.448574377012406, 45.220939477556826 ], [ -121.448608086121141, 45.221026174689193 ], [ -121.448976657524184, 45.220954811207221 ], [ -121.449010367160696, 45.221041508242109 ], [ -121.449133224267612, 45.22101772015759 ], [ -121.449166934138134, 45.221104417166607 ], [ -121.449412648384211, 45.221056840593917 ], [ -121.449446358635626, 45.221143537541295 ], [ -121.449692072826792, 45.221095960454228 ], [ -121.44972578345913, 45.221182657339902 ], [ -121.45021721138302, 45.221087501694271 ], [ -121.450250922689975, 45.221174198446711 ], [ -121.450742349806731, 45.22107904088675 ], [ -121.450776061788318, 45.221165737505942 ], [ -121.451021775117454, 45.221118157990219 ], [ -121.451055487479948, 45.221204854547722 ], [ -121.451301200754145, 45.221157274517601 ], [ -121.451334913497547, 45.221243971013493 ], [ -121.451457770150768, 45.221220180796571 ], [ -121.451491483128208, 45.221306877266606 ], [ -121.451860053005447, 45.221235505844326 ], [ -121.451893766510651, 45.221322202216868 ], [ -121.45238519238076, 45.221227038627561 ], [ -121.452418906560595, 45.221313734866825 ], [ -121.452787475488478, 45.221242360905201 ], [ -121.452753760868063, 45.221155664773271 ], [ -121.453122328570828, 45.221084289922693 ], [ -121.45315604363185, 45.221170985947246 ], [ -121.454016032915334, 45.221004440504473 ], [ -121.454049749091553, 45.221091136288329 ], [ -121.454295459824564, 45.221043550808247 ], [ -121.454329176381677, 45.2211302465304 ], [ -121.45482059738903, 45.221035074098737 ], [ -121.454854314620789, 45.221121769687642 ], [ -121.455222879901541, 45.221050389094202 ], [ -121.455256597661034, 45.221137084585671 ], [ -121.455870872119675, 45.221018114537081 ], [ -121.455904590700626, 45.221104809859462 ], [ -121.456150300167565, 45.221057220993544 ], [ -121.456116581292875, 45.220970525742807 ], [ -121.456362290117369, 45.220922936505758 ], [ -121.456328571036167, 45.22083624133645 ], [ -121.456574279218216, 45.220788651728256 ], [ -121.456607998593128, 45.220875346825927 ], [ -121.45697656065289, 45.220803961475966 ], [ -121.457010280555565, 45.220890656476165 ], [ -121.457255988453198, 45.220843065617771 ], [ -121.457289708736766, 45.220929760556295 ], [ -121.457658270369919, 45.220858373331197 ], [ -121.457691991181221, 45.220945068172163 ], [ -121.457937698794439, 45.220897476063719 ], [ -121.457971419986649, 45.220984170842982 ], [ -121.458217127544827, 45.220936578220176 ], [ -121.458250849117903, 45.221023272937821 ], [ -121.458373702913079, 45.220999476424524 ], [ -121.458407424720193, 45.221086171116276 ], [ -121.45889883961641, 45.220990983813131 ], [ -121.458932562098127, 45.221077678371607 ], [ -121.459301122795353, 45.221006286624572 ], [ -121.45933484580479, 45.221092981085498 ], [ -121.45994911262396, 45.220973992447654 ], [ -121.459982836454842, 45.221060686739499 ], [ -121.460474248928122, 45.220965493693591 ], [ -121.460507973433621, 45.221052187852138 ], [ -121.460630826480795, 45.221028389278111 ], [ -121.460664551220333, 45.221115083410773 ], [ -121.46103311027926, 45.221043686917177 ], [ -121.461066835546546, 45.22113038095236 ], [ -121.461189688538639, 45.221106581863985 ], [ -121.461223414039949, 45.221193275873183 ], [ -121.461346267091685, 45.221169476638323 ], [ -121.461379992827105, 45.221256170621658 ], [ -121.461502845938483, 45.221232371240305 ], [ -121.461536571907899, 45.221319065197761 ], [ -121.461782278162815, 45.221271466031375 ], [ -121.461816004513111, 45.221358159927156 ], [ -121.462061710712916, 45.221310560246302 ], [ -121.46209543744412, 45.221397254080365 ], [ -121.462218290560074, 45.221373454038165 ], [ -121.462252017525344, 45.221460147846336 ], [ -121.462374870700941, 45.221436347657615 ], [ -121.462408597900236, 45.221523041439823 ], [ -121.46253145113549, 45.221499241104631 ], [ -121.462565178568823, 45.221585934861032 ], [ -121.462688031863735, 45.221562134379276 ], [ -121.462721759531135, 45.22164882810975 ], [ -121.462844612885661, 45.221625027481515 ], [ -121.4628783407871, 45.221711721186104 ], [ -121.463001194201297, 45.221687920411419 ], [ -121.463034922336803, 45.221774614090087 ], [ -121.463157775810615, 45.221750813168903 ], [ -121.463191504180173, 45.221837506821643 ], [ -121.463314357713628, 45.221813705753924 ], [ -121.463348086317254, 45.221900399380843 ], [ -121.463593793416251, 45.221852796841731 ], [ -121.463627522400756, 45.221939490406918 ], [ -121.46387322944463, 45.221891887353429 ], [ -121.463906958810043, 45.221978580856913 ], [ -121.464029812348016, 45.221954779128339 ], [ -121.464063541947496, 45.222041472605916 ], [ -121.46455495581472, 45.221946264441449 ], [ -121.464588686088746, 45.222032957785686 ], [ -121.465080099147997, 45.221937747706988 ], [ -121.465113830096641, 45.222024440917899 ], [ -121.465482389415925, 45.221953032089253 ], [ -121.465516120892303, 45.222039725202613 ], [ -121.465884679867187, 45.221968315270317 ], [ -121.465918411871314, 45.222055008286183 ], [ -121.466041264835368, 45.222031204718213 ], [ -121.466074997073562, 45.222117897708152 ], [ -121.466320703033702, 45.222070290168567 ], [ -121.466354435652804, 45.222156983096838 ], [ -121.466845847113845, 45.222061766546126 ], [ -121.46681211390738, 45.221975073761115 ], [ -121.467180671146878, 45.22190366029335 ], [ -121.467146937587131, 45.221816967625756 ], [ -121.468989709807616, 45.221459885881508 ], [ -121.468955974132498, 45.221373193760989 ], [ -121.469447376156268, 45.221277967899759 ], [ -121.469413639981028, 45.221191275932433 ], [ -121.469782190142496, 45.221119855481845 ], [ -121.469748453614017, 45.22103316363188 ], [ -121.469994152991887, 45.22098554951635 ], [ -121.469960416256924, 45.220898857747883 ], [ -121.470328964229097, 45.220827435851959 ], [ -121.470295227140866, 45.220740744200874 ], [ -121.470418076143645, 45.220716936716684 ], [ -121.470451813378702, 45.220803628331915 ], [ -121.47082036030416, 45.220732205107829 ], [ -121.470854098066923, 45.220818896625481 ], [ -121.471099795874778, 45.22077128051771 ], [ -121.471133534018421, 45.220857971973729 ], [ -121.471502080516473, 45.220786546874422 ], [ -121.471535819187807, 45.220873238232834 ], [ -121.47215006234083, 45.220754194008009 ], [ -121.472183801833538, 45.220840885197298 ], [ -121.472306650349267, 45.220817075984499 ], [ -121.472272910709719, 45.220730384831043 ], [ -121.472518607185862, 45.220682766144982 ], [ -121.472552347119063, 45.220769457226808 ], [ -121.472798043539953, 45.220721838026343 ], [ -121.472831783854033, 45.220808529046423 ], [ -121.473323176236278, 45.220713289174185 ], [ -121.473356917224891, 45.220799980060832 ], [ -121.473602613186287, 45.220752359388982 ], [ -121.473568871904021, 45.220665668574 ], [ -121.474060262192694, 45.220570426045427 ], [ -121.474026520410362, 45.220483735383574 ], [ -121.474517908715995, 45.220388491227446 ], [ -121.474484166433641, 45.220301800718772 ], [ -121.476326857946233, 45.219944619899174 ], [ -121.476360602430887, 45.220031309870457 ], [ -121.476974829307181, 45.21991224388438 ], [ -121.477008574613137, 45.219998933686441 ], [ -121.477499955131094, 45.219903678762101 ], [ -121.47753370111154, 45.219990368430835 ], [ -121.4777793911407, 45.219942740232931 ], [ -121.477813137501997, 45.220029429839883 ], [ -121.478058827475778, 45.219981801127652 ], [ -121.478092574217968, 45.220068490672823 ], [ -121.478338264136383, 45.22002086144628 ], [ -121.478372011259438, 45.220107550929697 ], [ -121.478617701122516, 45.220059921188763 ], [ -121.478651448626465, 45.220146610610428 ], [ -121.478774293573906, 45.220122795538117 ], [ -121.478808041311893, 45.220209484933875 ], [ -121.478930886318935, 45.22018566971505 ], [ -121.478964634291003, 45.220272359084888 ], [ -121.479087479357588, 45.220248543719578 ], [ -121.479121227563681, 45.22033523306348 ], [ -121.479244072689866, 45.22031141755167 ], [ -121.479277821130026, 45.220398106869666 ], [ -121.479646356425448, 45.220326659562708 ], [ -121.479680105393285, 45.220413348783069 ], [ -121.479802950464062, 45.220389532756897 ], [ -121.479836699665995, 45.220476221951301 ], [ -121.479959544796344, 45.220452405778673 ], [ -121.479993294232301, 45.220539094947156 ], [ -121.480116139422208, 45.220515278628028 ], [ -121.480149889092232, 45.220601967770584 ], [ -121.48039557950392, 45.220554334728568 ], [ -121.480429329554823, 45.220641023809364 ], [ -121.480675019911089, 45.220593390253029 ], [ -121.480708770342886, 45.220680079272071 ], [ -121.480831615536928, 45.220656262292039 ], [ -121.480865366202792, 45.220742951285182 ], [ -121.48098821145642, 45.220719134158657 ], [ -121.481021962356323, 45.220805823125787 ], [ -121.481144807669494, 45.220782005852797 ], [ -121.481178558803492, 45.220868694794028 ], [ -121.481301404176222, 45.220844877374532 ], [ -121.481335155544272, 45.220931566289813 ], [ -121.481458000976545, 45.220907748723768 ], [ -121.481491752578663, 45.220994437613179 ], [ -121.481614598070479, 45.220970619900655 ], [ -121.481648349906692, 45.221057308764081 ], [ -121.481771195458037, 45.221033490904986 ], [ -121.481804947528317, 45.221120179742535 ], [ -121.481927793139263, 45.221096361736976 ], [ -121.481961545443568, 45.221183050548511 ], [ -121.482084391114057, 45.221159232396502 ], [ -121.482118143652485, 45.221245921182131 ], [ -121.482240989382504, 45.221222102883559 ], [ -121.482274742154971, 45.221308791643246 ], [ -121.482397587944533, 45.221284973198209 ], [ -121.482431340951081, 45.221371661931954 ], [ -121.482554186800215, 45.221347843340354 ], [ -121.48258794004083, 45.221434532048157 ], [ -121.482710785949493, 45.221410713310142 ], [ -121.482744539424203, 45.221497401992032 ], [ -121.482990231273362, 45.221449764112172 ], [ -121.483023985128952, 45.221536452732245 ], [ -121.483269676922674, 45.221488814338038 ], [ -121.483303431159129, 45.2215755028964 ], [ -121.483426277071899, 45.221551683497474 ], [ -121.48346003154245, 45.221638372029872 ], [ -121.483582877514749, 45.221614552484361 ], [ -121.483616632219366, 45.221701240990889 ], [ -121.483862324195798, 45.221653601496278 ], [ -121.483896079281322, 45.221740289941017 ], [ -121.484018925285454, 45.221716469991833 ], [ -121.484052680605032, 45.221803158410573 ], [ -121.484175526668679, 45.221779338314924 ], [ -121.484209282222352, 45.221866026707758 ], [ -121.484332128345571, 45.221842206465588 ], [ -121.484365884133297, 45.221928894832452 ], [ -121.484488730316045, 45.221905074443811 ], [ -121.484454974381507, 45.22181838611278 ], [ -121.484577820330173, 45.221794565649283 ], [ -121.484611576411538, 45.22188125394446 ], [ -121.484734422419734, 45.221857433334421 ], [ -121.484768178735166, 45.221944121603755 ], [ -121.484891024802906, 45.221920300847202 ], [ -121.484924781352419, 45.222006989090531 ], [ -121.485170473519716, 45.22195934717378 ], [ -121.485204230450108, 45.222046035355334 ], [ -121.485327076549666, 45.2220222141951 ], [ -121.48536083371414, 45.222108902350719 ], [ -121.48560652594503, 45.222061259626585 ], [ -121.485640283490412, 45.222147947720444 ], [ -121.485763129621745, 45.222124126156523 ], [ -121.485796887401179, 45.222210814224397 ], [ -121.485919733592056, 45.222186992513983 ], [ -121.485953491605599, 45.222273680555915 ], [ -121.486199184019142, 45.22222603673135 ], [ -121.486232942413551, 45.222312724711564 ], [ -121.486478634771586, 45.222265080372679 ], [ -121.486512393546903, 45.222351768291006 ], [ -121.486635239741815, 45.222327945919702 ], [ -121.486668998751227, 45.222414633812193 ], [ -121.486914691172842, 45.222366988665868 ], [ -121.486948450563119, 45.222453676496549 ], [ -121.487194142929212, 45.222406030835906 ], [ -121.487227902700397, 45.222492718604748 ], [ -121.487350748899345, 45.222468895572597 ], [ -121.487384508904611, 45.222555583315533 ], [ -121.487507355163061, 45.222531760136803 ], [ -121.487541115402422, 45.222618447853797 ], [ -121.487663961720415, 45.222594624528575 ], [ -121.487697722193843, 45.222681312219649 ], [ -121.487820568571351, 45.222657488747906 ], [ -121.487854329278889, 45.222744176413023 ], [ -121.487977175715912, 45.222720352794795 ], [ -121.488010936657574, 45.222807040433956 ], [ -121.488133783154112, 45.222783216669214 ], [ -121.488167544329826, 45.222869904282419 ], [ -121.488290390885908, 45.222846080371149 ], [ -121.488324152295704, 45.222932767958405 ], [ -121.4884469989113, 45.22290894390062 ], [ -121.48848076055522, 45.222995631461991 ], [ -121.488603607230331, 45.222971807257679 ], [ -121.488637369108318, 45.223058494793023 ], [ -121.488760215842959, 45.223034670442246 ], [ -121.488793977955027, 45.223121357951648 ], [ -121.488916824749197, 45.223097533454357 ], [ -121.48895058709536, 45.223184220937839 ], [ -121.489073433949031, 45.223160396293949 ], [ -121.489107196529304, 45.223247083751517 ], [ -121.48923004344249, 45.223223258961184 ], [ -121.489263806256858, 45.223309946392767 ], [ -121.489386653229587, 45.223286121455907 ], [ -121.489420416278037, 45.223372808861527 ], [ -121.489543263310253, 45.223348983778166 ], [ -121.489577026592798, 45.223435671157809 ], [ -121.489699873684557, 45.223411845927963 ], [ -121.489733637201212, 45.223498533281699 ], [ -121.489856484352458, 45.223474707905275 ], [ -121.489890248103208, 45.223561395233098 ], [ -121.490013095313998, 45.223537569710132 ], [ -121.490046859298829, 45.223624257011991 ], [ -121.490169706569134, 45.223600431342533 ], [ -121.49020347078806, 45.223687118618486 ], [ -121.49032631811788, 45.223663292802492 ], [ -121.490360082570916, 45.223749980052453 ], [ -121.490482929960223, 45.22372615408996 ], [ -121.490516694647368, 45.223812841313986 ], [ -121.49063954209619, 45.223789015204964 ], [ -121.490673307017431, 45.223875702403028 ], [ -121.490796154525768, 45.223851876147499 ], [ -121.490829919681119, 45.223938563319614 ], [ -121.490952767248942, 45.22391473691755 ], [ -121.490986532638388, 45.22400142406368 ], [ -121.491109380265755, 45.223977597515173 ], [ -121.491143145889282, 45.224064284635411 ], [ -121.491388841175748, 45.224016631134575 ], [ -121.491422607180198, 45.224103318192938 ], [ -121.491545454839269, 45.22407949124068 ], [ -121.491511688688021, 45.223992804218142 ], [ -121.491757383450647, 45.223945150053275 ], [ -121.491791149895533, 45.224031837004176 ], [ -121.491913997292727, 45.22400800971986 ], [ -121.491880230701057, 45.223921322804827 ], [ -121.49274015900933, 45.223754528967021 ], [ -121.49277392662863, 45.223841215631126 ], [ -121.49326531289995, 45.223745902288499 ], [ -121.493299081193754, 45.223832588819093 ], [ -121.493421927690136, 45.223808760170883 ], [ -121.493455696218021, 45.223895446675506 ], [ -121.493578542773889, 45.223871617880874 ], [ -121.49354477409922, 45.223784931412069 ], [ -121.493667620420979, 45.223761102542547 ], [ -121.493701389242474, 45.223847788975476 ], [ -121.494315620275785, 45.223728642788593 ], [ -121.494349389918597, 45.223815329052201 ], [ -121.494963619503224, 45.223696179919386 ], [ -121.494997389967338, 45.223782866013558 ], [ -121.495857308746494, 45.223616052328566 ], [ -121.495891080325507, 45.223702738181636 ], [ -121.496505306139582, 45.223583582050246 ], [ -121.496539078539854, 45.223670267733993 ], [ -121.496784768547897, 45.223622604435022 ], [ -121.496818541329077, 45.223709290056995 ], [ -121.497064231281456, 45.223661626243683 ], [ -121.497098004443544, 45.223748311803796 ], [ -121.49722084943555, 45.223724479695292 ], [ -121.497254622831719, 45.223811165229442 ], [ -121.497377467883211, 45.223787332974389 ], [ -121.497411241513504, 45.223874018482562 ], [ -121.497534086624484, 45.223850186081052 ], [ -121.497567860488886, 45.223936871563261 ], [ -121.497690705659309, 45.223913039015187 ], [ -121.497724479757821, 45.223999724471454 ], [ -121.49784732498776, 45.223975891776831 ], [ -121.497881099320367, 45.224062577207143 ], [ -121.498003944609763, 45.224038744366027 ], [ -121.498037719176509, 45.224125429770346 ], [ -121.498160564525378, 45.224101596782717 ], [ -121.498194339326233, 45.22418828216108 ], [ -121.498317184734589, 45.224164449026915 ], [ -121.498350959769539, 45.224251134379301 ], [ -121.498473805237353, 45.224227301098637 ], [ -121.498507580506441, 45.224313986425074 ], [ -121.498753271473703, 45.224266319460014 ], [ -121.498787047123699, 45.224353004724591 ], [ -121.499032738035254, 45.224305337245106 ], [ -121.499066514066158, 45.224392022447915 ], [ -121.499189359537738, 45.224368188506325 ], [ -121.499223135802751, 45.22445487368315 ], [ -121.499468826777559, 45.224407205396247 ], [ -121.49950260342348, 45.224493890511241 ], [ -121.499625448926679, 45.224470056165984 ], [ -121.49965922580671, 45.224556741255036 ], [ -121.499782071369381, 45.224532906763187 ], [ -121.499815848483522, 45.224619591826247 ], [ -121.499938694105694, 45.224595757187913 ], [ -121.499972471453944, 45.224682442225003 ], [ -121.500095317135575, 45.224658607440098 ], [ -121.500129094717934, 45.224745292451267 ], [ -121.500251940459009, 45.224721457519813 ], [ -121.500285718275506, 45.224808142505054 ], [ -121.500408564076068, 45.224784307427079 ], [ -121.500442342126661, 45.224870992386315 ], [ -121.50056518798668, 45.224847157161861 ], [ -121.500598966271411, 45.224933842095091 ], [ -121.500721812190903, 45.22491000672408 ], [ -121.500755590709744, 45.224996691631404 ], [ -121.500878436688694, 45.22497285611388 ], [ -121.500912215441687, 45.22505954099519 ], [ -121.501035061480096, 45.225035705331123 ], [ -121.50106884046717, 45.22512239018652 ], [ -121.501191686565051, 45.225098554375904 ], [ -121.501225465786263, 45.225185239205295 ], [ -121.501348311943602, 45.225161403248222 ], [ -121.501382091398938, 45.225248088051636 ], [ -121.501504937615735, 45.225224251947992 ], [ -121.501538717305209, 45.225310936725435 ], [ -121.501661563581436, 45.225287100475285 ], [ -121.501695343505034, 45.225373785226729 ], [ -121.501818189840762, 45.225349948830086 ], [ -121.501851969998455, 45.225436633555596 ], [ -121.501974816393627, 45.225412797012325 ], [ -121.502008596785458, 45.225499481711886 ], [ -121.502131443240089, 45.225475645022122 ], [ -121.502165223866072, 45.225562329695727 ], [ -121.50228807038016, 45.225538492859407 ], [ -121.502321851240268, 45.225625177507048 ], [ -121.502444697813786, 45.225601340524243 ], [ -121.502478478908031, 45.225688025145892 ], [ -121.502601325541022, 45.225664188016495 ], [ -121.502635106869377, 45.225750872612181 ], [ -121.502757953561826, 45.225727035336348 ], [ -121.502791735124291, 45.225813719906029 ], [ -121.502914581876212, 45.225789882483596 ], [ -121.502948363672814, 45.225876567027335 ], [ -121.503316903844919, 45.225805053988559 ], [ -121.503283121607922, 45.225718369552425 ], [ -121.503405968010497, 45.22569453168736 ], [ -121.503372185714042, 45.225607847296985 ], [ -121.503495031882494, 45.225584009357128 ], [ -121.503461249526595, 45.22549732501254 ], [ -121.503706941307883, 45.22544964887252 ], [ -121.503673158745755, 45.225362964609566 ], [ -121.503918849884073, 45.225315288098614 ], [ -121.503885067115732, 45.225228603917238 ], [ -121.504376447757167, 45.225133249710915 ], [ -121.504342664489002, 45.225046565682923 ], [ -121.504465509284231, 45.225022726890536 ], [ -121.504499292699194, 45.225109410882681 ], [ -121.504622137553852, 45.225085571943772 ], [ -121.504655921202939, 45.225172255909897 ], [ -121.505024455683255, 45.225100738321622 ], [ -121.505058239860048, 45.225187422190096 ], [ -121.505181084658915, 45.225163582736791 ], [ -121.505214869069832, 45.225250266579344 ], [ -121.505337713928157, 45.225226426979489 ], [ -121.505371498573183, 45.225313110796009 ], [ -121.505494343490938, 45.225289271049604 ], [ -121.505528128370116, 45.225375954840132 ], [ -121.505650973347315, 45.225352114947263 ], [ -121.505684758460617, 45.225438798711835 ], [ -121.50580760349726, 45.225414958672417 ], [ -121.505841388844686, 45.225501642410947 ], [ -121.505964233940759, 45.225477802225072 ], [ -121.505998019522323, 45.225564485937667 ], [ -121.50612086467784, 45.225540645605172 ], [ -121.506154650493542, 45.22562732929179 ], [ -121.506277495708488, 45.225603488812787 ], [ -121.506311281758315, 45.225690172473413 ], [ -121.506434127032691, 45.225666331847897 ], [ -121.506467913316655, 45.225753015482539 ], [ -121.506590758650503, 45.225729174710501 ], [ -121.506624545168577, 45.225815858319201 ], [ -121.506747390561841, 45.225792017400572 ], [ -121.506781177314082, 45.225878700983287 ], [ -121.50690402276679, 45.225854859918122 ], [ -121.50693780975314, 45.225941543474896 ], [ -121.507060655265278, 45.225917702263196 ], [ -121.50709444248578, 45.226004385793964 ], [ -121.507217288057348, 45.225980544435799 ], [ -121.507251075511988, 45.226067227940582 ], [ -121.507619612142932, 45.22599570309437 ], [ -121.507653400125292, 45.226082386501403 ], [ -121.508021936410415, 45.226010860551632 ], [ -121.508055724920467, 45.226097543860909 ], [ -121.508178570320922, 45.226073701620471 ], [ -121.508212359065112, 45.226160384903885 ], [ -121.508335204524982, 45.226136542516848 ], [ -121.508368993503311, 45.226223225774234 ], [ -121.508491839022625, 45.226199383240747 ], [ -121.508525628235091, 45.226286066472127 ], [ -121.508648473813821, 45.226262223792034 ], [ -121.508682263260411, 45.226348906997451 ], [ -121.508805108898585, 45.226325064170879 ], [ -121.508838898579327, 45.226411747350298 ], [ -121.508961744276931, 45.226387904377134 ], [ -121.508995534191811, 45.226474587530596 ], [ -121.509118379948802, 45.226450744410933 ], [ -121.509152170097849, 45.226537427538403 ], [ -121.509275015914284, 45.226513584272205 ], [ -121.50930880629744, 45.226600267373726 ], [ -121.509431652173333, 45.226576423960964 ], [ -121.509465442790642, 45.226663107036458 ], [ -121.509588288725922, 45.226639263477146 ], [ -121.509622079577383, 45.226725946526741 ], [ -121.509744925572079, 45.226702102820866 ], [ -121.509778716657678, 45.226788785844462 ], [ -121.509901562711846, 45.226764941992073 ], [ -121.509935354031555, 45.226851624989621 ], [ -121.510058200145124, 45.226827780990725 ], [ -121.510091991699014, 45.226914463962366 ], [ -121.510214837871999, 45.226890619816871 ], [ -121.510248629660026, 45.226977302762499 ], [ -121.510371475892441, 45.226953458470554 ], [ -121.510405267914606, 45.22704014139012 ], [ -121.510528114206437, 45.227016296951639 ], [ -121.51056190646274, 45.22710297984527 ], [ -121.510684752813987, 45.227079135260219 ], [ -121.510718545304485, 45.227165818127887 ], [ -121.510841391715118, 45.227141973396307 ], [ -121.510875184439755, 45.227228656237983 ], [ -121.510998030909832, 45.22720481135984 ], [ -121.511031823868606, 45.227291494175546 ], [ -121.511154670398085, 45.227267649150875 ], [ -121.511188463591026, 45.227354331940582 ], [ -121.511311310179948, 45.227330486769375 ], [ -121.511345103606999, 45.227417169533076 ], [ -121.511467950255337, 45.227393324215349 ], [ -121.511501743916554, 45.227480006953073 ], [ -121.511624590624308, 45.227456161488774 ], [ -121.511658384519663, 45.227542844200535 ], [ -121.511781231286818, 45.227518998589709 ], [ -121.511815025416368, 45.227605681275463 ], [ -121.511937872242925, 45.22758183551808 ], [ -121.511971666606613, 45.227668518177836 ], [ -121.512094513492599, 45.227644672273982 ], [ -121.512128308090425, 45.227731354907739 ], [ -121.512251155035827, 45.227707508857286 ], [ -121.512284949867819, 45.227794191465108 ], [ -121.512407796872637, 45.227770345268098 ], [ -121.512441591938767, 45.227857027849929 ], [ -121.512564439002986, 45.227833181506369 ], [ -121.512598234303283, 45.227919864062237 ], [ -121.512721081426932, 45.227896017572178 ], [ -121.512754876961395, 45.227982700101975 ], [ -121.512877724144417, 45.227958853465374 ], [ -121.512911519913047, 45.228045535969223 ], [ -121.513034367155484, 45.228021689186079 ], [ -121.513068163158252, 45.228108371663986 ], [ -121.513191010460133, 45.228084524734257 ], [ -121.513224806697053, 45.228171207186136 ], [ -121.513347654058322, 45.228147360109865 ], [ -121.513381450529394, 45.228234042535824 ], [ -121.513504297950078, 45.228210195313011 ], [ -121.513538094655317, 45.228296877712914 ], [ -121.513660942135402, 45.228273030343566 ], [ -121.513694739074808, 45.228359712717513 ], [ -121.513817586614309, 45.228335865201629 ], [ -121.51385138378788, 45.22842254754957 ], [ -121.513974231386769, 45.228398699887137 ], [ -121.514008028794493, 45.228485382209072 ], [ -121.514130876452796, 45.228461534400147 ], [ -121.514164674094673, 45.228548216696112 ], [ -121.514287521812392, 45.228524368740565 ], [ -121.51432131968842, 45.228611051010525 ], [ -121.514444167465527, 45.2285872029085 ], [ -121.514477965575765, 45.228673885152503 ], [ -121.514600813412272, 45.228650036903879 ], [ -121.514634611756648, 45.228736719121827 ], [ -121.514757459652543, 45.228712870726746 ], [ -121.514791258231099, 45.228799552918751 ], [ -121.514914106186424, 45.228775704377036 ], [ -121.514947904999119, 45.228862386543035 ], [ -121.515070753013816, 45.228838537854841 ], [ -121.515104552060706, 45.228925219994814 ], [ -121.515227400134833, 45.228901371160021 ], [ -121.51526119941586, 45.228988053274101 ], [ -121.515384047549389, 45.228964204292751 ], [ -121.515417847064583, 45.22905088638079 ], [ -121.515540695257499, 45.229027037252941 ], [ -121.515574495006874, 45.229113719314967 ], [ -121.515697343259177, 45.229089870040525 ], [ -121.515731143242732, 45.229176552076616 ], [ -121.515853991554422, 45.229152702655654 ], [ -121.51588779177213, 45.229239384665725 ], [ -121.516010640143236, 45.229215535098184 ], [ -121.516044440595124, 45.229302217082264 ], [ -121.516167289025631, 45.22927836736821 ], [ -121.516201089711686, 45.229365049326297 ], [ -121.51632393820158, 45.229341199465658 ], [ -121.516357739121801, 45.22942788139779 ], [ -121.516480587671083, 45.229404031390565 ], [ -121.516514388825485, 45.229490713296691 ], [ -121.516637237434168, 45.229466863142989 ], [ -121.516671038822736, 45.229553545023144 ], [ -121.51679388749082, 45.229529694722842 ], [ -121.516827689113555, 45.229616376576992 ], [ -121.516950537841026, 45.229592526130126 ], [ -121.516984339697956, 45.229679207958348 ], [ -121.5171071884848, 45.229655357364905 ], [ -121.517140990575882, 45.229742039167078 ], [ -121.517263839422128, 45.229718188427171 ], [ -121.517297641747405, 45.229804870203303 ], [ -121.517420490653052, 45.229781019316853 ], [ -121.517454293212495, 45.229867701067 ], [ -121.517577142177515, 45.229843850034023 ], [ -121.517610944971125, 45.229930531758143 ], [ -121.517733793995575, 45.229906680578566 ], [ -121.517767597023365, 45.229993362276836 ], [ -121.517890446107174, 45.229969510950639 ], [ -121.517924249369131, 45.230056192622847 ], [ -121.518047098512326, 45.230032341150142 ], [ -121.518080902008478, 45.230119022796366 ], [ -121.518203751211075, 45.230095171177098 ], [ -121.518237554941393, 45.230181852797301 ], [ -121.518360404203364, 45.230158001031519 ], [ -121.518394208167877, 45.230244682625759 ], [ -121.518517057489248, 45.230220830713407 ], [ -121.518550861687928, 45.230307512281627 ], [ -121.518673711068658, 45.23028366022276 ], [ -121.518707515501532, 45.230370341764932 ], [ -121.51883036494165, 45.230346489559516 ], [ -121.518864169608719, 45.230433171075752 ], [ -121.518987019108224, 45.230409318723765 ], [ -121.519020824009445, 45.230496000213975 ], [ -121.519143673568351, 45.230472147715417 ], [ -121.519177478703753, 45.230558829179685 ], [ -121.519300328322046, 45.230534976534543 ], [ -121.519334133691629, 45.230621657972819 ], [ -121.519456983369295, 45.230597805181119 ], [ -121.519490788973073, 45.230684486593383 ], [ -121.519613638710112, 45.230660633655177 ], [ -121.519647444548085, 45.230747315041413 ], [ -121.519770294344511, 45.230723461956671 ], [ -121.519804100416636, 45.230810143316909 ], [ -121.519926950272449, 45.230786290085568 ], [ -121.519960756578783, 45.230872971419835 ], [ -121.520083606493969, 45.230849118041974 ], [ -121.520117413034498, 45.230935799350256 ], [ -121.520240263009057, 45.230911945825802 ], [ -121.520274069783753, 45.2309986271081 ], [ -121.520396919817699, 45.230974773437069 ], [ -121.520430726826604, 45.231061454693332 ], [ -121.520553576919923, 45.231037600875815 ], [ -121.520587384162994, 45.231124282106116 ], [ -121.5207102343157, 45.231100428141993 ], [ -121.520744041792966, 45.231187109346266 ], [ -121.520866892005017, 45.231163255235622 ], [ -121.520900699716478, 45.231249936413867 ], [ -121.52102354998793, 45.231226082156695 ], [ -121.5210573579336, 45.231312763308971 ], [ -121.521180208264411, 45.231288908905199 ], [ -121.521214016444247, 45.231375590031504 ], [ -121.521336866834446, 45.231351735481113 ], [ -121.521370675248477, 45.231438416581447 ], [ -121.521493525698062, 45.231414561884563 ], [ -121.521527334346246, 45.231501242958835 ], [ -121.52165018485519, 45.231477388115366 ], [ -121.521683993737625, 45.231564069163682 ], [ -121.521806844305942, 45.231540214173627 ], [ -121.521942081296828, 45.231886938322276 ], [ -121.522064932364884, 45.231863083078004 ], [ -121.52220017134151, 45.232209807241411 ], [ -121.522323022909248, 45.232185951742913 ], [ -121.522356833018748, 45.232272632772606 ], [ -121.522479684645873, 45.232248777127474 ], [ -121.522783980885904, 45.23302890651734 ], [ -121.522906833746674, 45.233005050438493 ], [ -121.522974456388511, 45.233178412562232 ], [ -121.523097309455451, 45.233154556300931 ], [ -121.523198744514218, 45.233414599453162 ], [ -121.5233215979341, 45.233390742973498 ], [ -121.523355409941985, 45.233477424008136 ], [ -121.523478263421211, 45.233453567381886 ], [ -121.523512075663305, 45.233540248390561 ], [ -121.523634929201947, 45.233516391617734 ], [ -121.523668741678222, 45.233603072600381 ], [ -121.523791595276208, 45.233579215681004 ], [ -121.523825407986706, 45.233665896637625 ], [ -121.523948261644065, 45.233642039571713 ], [ -121.524049700740477, 45.233902082393335 ], [ -121.524172554750777, 45.233878225109045 ], [ -121.52424018154575, 45.234051586967844 ], [ -121.524363035762207, 45.234027729501086 ], [ -121.524396849437608, 45.234114410409461 ], [ -121.524519703713395, 45.234090552796083 ], [ -121.524553517623048, 45.234177233678416 ], [ -121.524430663200448, 45.234201091327677 ], [ -121.524464477050699, 45.234287772255833 ], [ -121.524341622393905, 45.234311629830366 ], [ -121.524375436184798, 45.234398310804366 ], [ -121.524498290988404, 45.234374453193936 ], [ -121.52453210501352, 45.234461134141924 ], [ -121.5246549598765, 45.23443727638498 ], [ -121.524688774135825, 45.23452395730699 ], [ -121.524811629058163, 45.234500099403427 ], [ -121.524845443551698, 45.234586780299388 ], [ -121.524968298533395, 45.234562922249332 ], [ -121.525002113261166, 45.234649603119259 ], [ -121.525124968302222, 45.234625744922603 ], [ -121.525158783264189, 45.234712425766588 ], [ -121.525281638364618, 45.234688567423319 ], [ -121.525315453560836, 45.23477524824132 ], [ -121.525438308720595, 45.234751389751509 ], [ -121.525472124151023, 45.234838070543496 ], [ -121.52559497937014, 45.234814211907086 ], [ -121.525628795034791, 45.234900892673068 ], [ -121.525751650313296, 45.234877033890101 ], [ -121.52578546621217, 45.234963714630098 ], [ -121.525908321550006, 45.234939855700574 ], [ -121.525942137683089, 45.235026536414537 ], [ -121.526064993080325, 45.235002677338471 ], [ -121.526098809447618, 45.235089358026457 ], [ -121.526221664904185, 45.235065498803742 ], [ -121.526255481505729, 45.235152179465743 ], [ -121.526378337021654, 45.235128320096486 ], [ -121.526412153857407, 45.235215000732467 ], [ -121.526535009432678, 45.23519114121666 ], [ -121.526568826502668, 45.235277821826628 ], [ -121.526691682137297, 45.235253962164244 ], [ -121.526725499441511, 45.235340642748184 ], [ -121.526848355135499, 45.235316782939208 ], [ -121.526882172673922, 45.235403463497207 ], [ -121.527005028427254, 45.235379603541681 ], [ -121.527038846199915, 45.235466284073681 ], [ -121.527161702012606, 45.235442423971541 ], [ -121.52719552001949, 45.235529104477529 ], [ -121.527318375891539, 45.235505244228825 ], [ -121.527352194132675, 45.235591924708821 ], [ -121.527475050064055, 45.235568064313526 ], [ -121.5275088685394, 45.235654744767473 ], [ -121.527631724530153, 45.235630884225628 ], [ -121.527665543239735, 45.235717564653619 ], [ -121.527788399289818, 45.235693703965204 ], [ -121.527822218233624, 45.235780384367146 ], [ -121.527945074343066, 45.23575652353216 ], [ -121.527978893521109, 45.235843203908153 ], [ -121.528101749689881, 45.235819342926575 ], [ -121.528135569102176, 45.235906023276549 ], [ -121.528258425330293, 45.235882162148393 ], [ -121.528292244976797, 45.235968842472339 ], [ -121.528415101264272, 45.235944981197612 ], [ -121.528448921145014, 45.236031661495566 ], [ -121.528571777491848, 45.23600780007429 ], [ -121.528605597606813, 45.236094480346203 ], [ -121.528728454012992, 45.236070618778385 ], [ -121.528762274362194, 45.23615729902432 ], [ -121.528885130827703, 45.236133437309881 ], [ -121.528918951411143, 45.236220117529783 ], [ -121.529041807936025, 45.236196255668752 ], [ -121.529075628753688, 45.236282935862711 ], [ -121.529198485337901, 45.23625907385513 ], [ -121.529232306389787, 45.236345754023027 ], [ -121.529355163033372, 45.23632189186889 ], [ -121.529388984319482, 45.236408572010809 ], [ -121.529511841022398, 45.236384709710023 ], [ -121.529545662542773, 45.236471389825944 ], [ -121.529668519305019, 45.236447527378566 ], [ -121.529702341059618, 45.236534207468537 ], [ -121.529825197881209, 45.236510344874581 ], [ -121.529859019870074, 45.236597024938547 ], [ -121.529981876750966, 45.236573162198027 ], [ -121.530015698974069, 45.236659842235909 ], [ -121.530138555914334, 45.236635979348812 ], [ -121.530172378371645, 45.236722659360723 ], [ -121.53029523537127, 45.236698796327069 ], [ -121.530329058062833, 45.236785476313017 ], [ -121.530451915121759, 45.236761613132757 ], [ -121.530485738047574, 45.236848293092642 ], [ -121.530608595165859, 45.236824429765825 ], [ -121.530642418325911, 45.236911109699697 ], [ -121.530765275503541, 45.236887246226317 ], [ -121.530799098897816, 45.236973926134183 ], [ -121.530921956134762, 45.236950062514204 ], [ -121.530955779763318, 45.237036742396072 ], [ -121.531078637059622, 45.237012878629542 ], [ -121.531112460922358, 45.237099558485383 ], [ -121.531235318278007, 45.237075694572233 ], [ -121.53126914237501, 45.237162374402097 ], [ -121.531391999789989, 45.237138510342362 ], [ -121.531425824121243, 45.237225190146241 ], [ -121.531548681595552, 45.237201325939942 ], [ -121.531582506161044, 45.23728800571773 ], [ -121.53170536369467, 45.237264141364889 ], [ -121.531739188494427, 45.237350821116706 ], [ -121.531862046087411, 45.237326956617245 ], [ -121.531895871121421, 45.237413636343057 ], [ -121.532018728773693, 45.237389771697018 ], [ -121.53205255404194, 45.237476451396809 ], [ -121.532175411753556, 45.237452586604199 ], [ -121.532209237256083, 45.237539266278006 ], [ -121.532332095027016, 45.237515401338747 ], [ -121.532365920763766, 45.237602080986591 ], [ -121.532488778594043, 45.23757821590079 ], [ -121.532522604565045, 45.237664895522563 ], [ -121.532645462454653, 45.237641030290227 ], [ -121.532679288659892, 45.237727709885974 ], [ -121.532802146608844, 45.237703844507031 ], [ -121.53283597304835, 45.237790524076757 ], [ -121.532958831056618, 45.237766658551216 ], [ -121.532992657730361, 45.237853338095029 ], [ -121.533115515797959, 45.237829472422852 ], [ -121.53314934270594, 45.237916151940588 ], [ -121.533272200832883, 45.237892286121884 ], [ -121.533306027975129, 45.237978965613614 ], [ -121.533428886161374, 45.237955099648318 ], [ -121.533462713537872, 45.238041779114035 ], [ -121.533585571783448, 45.23801791300216 ], [ -121.533619399394212, 45.238104592441886 ], [ -121.533742257699103, 45.238080726183448 ], [ -121.533776085544119, 45.238167405597117 ], [ -121.533898943908341, 45.238143539192045 ], [ -121.533932771987608, 45.238230218579758 ], [ -121.53405563041116, 45.238206352028079 ], [ -121.534089458724665, 45.238293031389794 ], [ -121.534212317207547, 45.238269164691602 ], [ -121.534246145755318, 45.238355844027218 ], [ -121.534369004297531, 45.238331977182405 ], [ -121.534402833079554, 45.23841865649203 ], [ -121.534525691681054, 45.238394789500667 ], [ -121.534559520697343, 45.2384814687843 ], [ -121.534682379358202, 45.238457601646317 ], [ -121.534716208608728, 45.23854428090398 ], [ -121.534839067328903, 45.238520413619391 ], [ -121.534872896813695, 45.238607092850977 ], [ -121.534995755593187, 45.238583225419852 ], [ -121.535029585312216, 45.238669904625461 ], [ -121.535152444151038, 45.238646037047694 ], [ -121.535186274104348, 45.238732716227283 ], [ -121.535309133002471, 45.238708848503009 ], [ -121.535342963190047, 45.238795527656499 ], [ -121.535465822147486, 45.238771659785627 ], [ -121.535499652569328, 45.23885833891319 ], [ -121.535622511586084, 45.238834470895689 ], [ -121.535656342242177, 45.238921149997218 ], [ -121.535779201318249, 45.23889728183314 ], [ -121.535813032208594, 45.238983960908655 ], [ -121.535935891343996, 45.238960092597964 ], [ -121.5360035536807, 45.239133450706909 ], [ -121.535880694251745, 45.239157319089465 ], [ -121.536117514158178, 45.239764073034529 ], [ -121.536240374614678, 45.239740204400462 ], [ -121.536274206526599, 45.23982688353923 ], [ -121.536151345923273, 45.239850752209151 ], [ -121.536185177775877, 45.239937431393749 ], [ -121.536308038525959, 45.239913562687832 ], [ -121.536409535048961, 45.240173600193287 ], [ -121.536286673858484, 45.240197469007001 ], [ -121.536354338350975, 45.240370827465355 ], [ -121.536477199835019, 45.240346958579877 ], [ -121.536578697670194, 45.240606996234042 ], [ -121.536701559507151, 45.240583127130037 ], [ -121.536769225461597, 45.240756485543876 ], [ -121.536892087504668, 45.240732616257439 ], [ -121.536959754102625, 45.240905974639041 ], [ -121.537082616351796, 45.24088210517003 ], [ -121.537319453227923, 45.241488859566708 ], [ -121.537196589951165, 45.24151272928723 ], [ -121.537264258123841, 45.241686087847413 ], [ -121.537141394465991, 45.241709957529181 ], [ -121.537276731273934, 45.242056674912277 ], [ -121.537153866941438, 45.242080544627065 ], [ -121.537255370025591, 45.242340582876373 ], [ -121.537132505165189, 45.242364452588333 ], [ -121.53726784324833, 45.242711170536708 ], [ -121.537144977713226, 45.242735040281758 ], [ -121.537178812305939, 45.242821719829557 ], [ -121.53705594653654, 45.242845589499815 ], [ -121.537089781069923, 45.242932269093536 ], [ -121.536966915066259, 45.242956138689081 ], [ -121.537000749540326, 45.243042818328611 ], [ -121.536877883302338, 45.243066687849407 ], [ -121.536911717717089, 45.243153367534823 ], [ -121.53678885124485, 45.24317723698087 ], [ -121.536822685600271, 45.243263916712131 ], [ -121.536699818893723, 45.2432877860834 ], [ -121.536733653189827, 45.243374465860569 ], [ -121.536610786248971, 45.243398335157174 ], [ -121.536644620485774, 45.243485014980159 ], [ -121.536521753310623, 45.243508884202008 ], [ -121.53655558748811, 45.243595564070816 ], [ -121.536432720078665, 45.243619433217951 ], [ -121.536601891544308, 45.244052832890759 ], [ -121.536479023313333, 45.244076702106881 ], [ -121.536546692218394, 45.244250062117359 ], [ -121.536423823606313, 45.244273931294636 ], [ -121.536457658043261, 45.244360611350714 ], [ -121.536334789196871, 45.244384480453306 ], [ -121.536368623574504, 45.244471160555207 ], [ -121.536245754493805, 45.244495029583021 ], [ -121.536279588812135, 45.244581709730845 ], [ -121.536156719497129, 45.244605578683959 ], [ -121.536190553756114, 45.244692258877592 ], [ -121.536067684206841, 45.244716127755972 ], [ -121.536101518406497, 45.244802807995491 ], [ -121.535978648622901, 45.244826676799157 ], [ -121.536012482763212, 45.244913357084471 ], [ -121.535889612745336, 45.244937225813352 ], [ -121.536058784025286, 45.245370627568988 ], [ -121.535935913185796, 45.24539449636687 ], [ -121.535969747557459, 45.24548117678372 ], [ -121.535846876483674, 45.245505045506881 ], [ -121.535880710795993, 45.245591725969589 ], [ -121.5357578394879, 45.245615594617988 ], [ -121.535791673740917, 45.245702275126554 ], [ -121.535668802198501, 45.245726143700232 ], [ -121.535702636392173, 45.245812824254685 ], [ -121.535579764615463, 45.245836692753649 ], [ -121.535613598749805, 45.245923373353989 ], [ -121.535490726738786, 45.245947241778126 ], [ -121.535524560813784, 45.246033922424317 ], [ -121.53540168856847, 45.246057790773833 ], [ -121.535435522584123, 45.246144471465904 ], [ -121.535312650104501, 45.246168339740649 ], [ -121.535346484060824, 45.246255020478529 ], [ -121.535223611346865, 45.246278888678532 ], [ -121.535257445243886, 45.24636556946232 ], [ -121.535134572295618, 45.246389437587574 ], [ -121.535168406133323, 45.246476118417227 ], [ -121.535045532950733, 45.246499986467754 ], [ -121.535079366729079, 45.246586667343301 ], [ -121.534956493312194, 45.246610535319022 ], [ -121.53499032703121, 45.246697216240491 ], [ -121.534867453379988, 45.246721084141448 ], [ -121.535036622553307, 45.247154489077374 ], [ -121.534913748080484, 45.247178357047446 ], [ -121.534981416068604, 45.247351719163191 ], [ -121.534858541214632, 45.247375587094396 ], [ -121.534892375193095, 45.247462268203201 ], [ -121.534769500104801, 45.247486136059671 ], [ -121.534803334023948, 45.247572817214262 ], [ -121.534680458701303, 45.247596684995997 ], [ -121.534714292561119, 45.247683366196519 ], [ -121.534591417004194, 45.247707233903483 ], [ -121.534760586881404, 45.248140640234787 ], [ -121.53488346317252, 45.248116772348126 ], [ -121.534917297557271, 45.248203453608276 ], [ -121.535040173907689, 45.248179585574981 ], [ -121.535107843233348, 45.248352948053245 ], [ -121.534984966589249, 45.248376816158405 ], [ -121.535018801236504, 45.248463497448377 ], [ -121.535141678027429, 45.248439629307256 ], [ -121.535175512908992, 45.248526310571229 ], [ -121.535298389759276, 45.248502442283488 ], [ -121.535332224875148, 45.248589123521484 ], [ -121.535455101784763, 45.248565255087165 ], [ -121.535522772572705, 45.248738617521049 ], [ -121.535645649688476, 45.24871474890417 ], [ -121.535713321120085, 45.248888111305952 ], [ -121.535590443710674, 45.248911979994737 ], [ -121.535624279410882, 45.24899866124651 ], [ -121.535501401767121, 45.249022529860532 ], [ -121.535535237408027, 45.249109211158192 ], [ -121.535412359529928, 45.249133079697557 ], [ -121.53544619511149, 45.249219761041054 ], [ -121.535323316999069, 45.249243629505607 ], [ -121.535424823828208, 45.249503673703707 ], [ -121.535301945187797, 45.249527542165431 ], [ -121.535437288264305, 45.249874268045872 ], [ -121.53531440894902, 45.249898136540658 ], [ -121.535483589029241, 45.250331544294767 ], [ -121.535360708892284, 45.250355412858575 ], [ -121.535428381243207, 45.250528776101774 ], [ -121.53530550072503, 45.250552644626758 ], [ -121.535339336884931, 45.250639326299215 ], [ -121.535216456132417, 45.250663194749521 ], [ -121.535250292232973, 45.25074987646785 ], [ -121.535127411246123, 45.250773744843414 ], [ -121.535161247287306, 45.250860426607581 ], [ -121.535284128420997, 45.25083655819612 ], [ -121.535317964696532, 45.250923239934401 ], [ -121.535195083415999, 45.250947108381773 ], [ -121.535262755935904, 45.251120471960014 ], [ -121.535139874274194, 45.251144340368647 ], [ -121.535173710518563, 45.251231022208593 ], [ -121.535050828622502, 45.251254890542484 ], [ -121.535084664807528, 45.251341572428366 ], [ -121.534961782677129, 45.251365440687515 ], [ -121.534995618802796, 45.251452122619284 ], [ -121.534872736438047, 45.251475990803627 ], [ -121.534906572504383, 45.251562672781354 ], [ -121.534783689905268, 45.251586540891012 ], [ -121.53481752591226, 45.25167322291454 ], [ -121.534940408658215, 45.251649354768979 ], [ -121.534974244899558, 45.251736036766509 ], [ -121.534851362006762, 45.251759904948052 ], [ -121.534885198188789, 45.25184658699154 ], [ -121.535008081228412, 45.251822718774051 ], [ -121.535041917644762, 45.251909400791483 ], [ -121.535164800743757, 45.251885532427359 ], [ -121.535198637394473, 45.251972214418849 ], [ -121.535321520552785, 45.25194834590814 ], [ -121.535389194410399, 45.252121709849028 ], [ -121.535512077774925, 45.252097841155695 ], [ -121.535545914981839, 45.252184523105214 ], [ -121.535668798405709, 45.252160654265197 ], [ -121.535702635846945, 45.252247336188674 ], [ -121.535579752276263, 45.252271205064588 ], [ -121.53591813003348, 45.253138025206219 ], [ -121.535795244906765, 45.253161894330901 ], [ -121.535829083016949, 45.253248576435752 ], [ -121.53570619765587, 45.253272445485685 ], [ -121.535740035706709, 45.253359127636493 ], [ -121.535617150111264, 45.253382996611634 ], [ -121.535650988102773, 45.253469678808351 ], [ -121.535528102272977, 45.253493547708793 ], [ -121.535595778224774, 45.253666912203904 ], [ -121.535472892013772, 45.253690781065558 ], [ -121.535506729974074, 45.25377746336401 ], [ -121.535383843528678, 45.253801332150928 ], [ -121.535417681429664, 45.253888014495253 ], [ -121.535294794749916, 45.253911883207444 ], [ -121.535328632591529, 45.253998565597747 ], [ -121.535205745677445, 45.254022434235139 ], [ -121.535239583459727, 45.254109116671366 ], [ -121.535116696311249, 45.254132985234065 ], [ -121.535150534034173, 45.254219667716121 ], [ -121.535027646651329, 45.254243536204044 ], [ -121.535061484314923, 45.254330218732015 ], [ -121.534938596697714, 45.254354087145238 ], [ -121.534972434301963, 45.25444076971911 ], [ -121.534849546450374, 45.254464638057605 ], [ -121.53488338399525, 45.254551320677358 ], [ -121.534760495909296, 45.254575188941118 ], [ -121.534794333394842, 45.254661871606821 ], [ -121.534671445074522, 45.254685739795818 ], [ -121.534705282500738, 45.254772422507443 ], [ -121.534582393946039, 45.254796290621712 ], [ -121.534616231312896, 45.254882973379168 ], [ -121.534493342523803, 45.254906841418702 ], [ -121.534527179831315, 45.254993524222158 ], [ -121.534404290807871, 45.255017392186886 ], [ -121.53443812805601, 45.255104075036286 ], [ -121.5343152387982, 45.2551279429263 ], [ -121.534349075987009, 45.25521462582153 ], [ -121.53422618649482, 45.255238493636767 ], [ -121.53426002362427, 45.255325176578005 ], [ -121.534137133897701, 45.255349044318457 ], [ -121.534170970967793, 45.25543572730561 ], [ -121.534048081006844, 45.255459594971342 ], [ -121.534081918017591, 45.255546278004346 ], [ -121.533959027822277, 45.255570145595378 ], [ -121.533992864773666, 45.255656828674311 ], [ -121.533869974343972, 45.255680696190581 ], [ -121.533903811236002, 45.255767379315429 ], [ -121.533780920571942, 45.255791246756985 ], [ -121.533814757404613, 45.255877929927728 ], [ -121.533691866506189, 45.255901797294499 ], [ -121.533725703279487, 45.255988480511185 ], [ -121.533602812146668, 45.256012347803214 ], [ -121.533636648860636, 45.256099031065773 ], [ -121.533513757493424, 45.256122898283124 ], [ -121.533547594148018, 45.256209581591641 ], [ -121.533424702546441, 45.256233448734164 ], [ -121.533458539141705, 45.256320132088582 ], [ -121.533335647305734, 45.256343999156407 ], [ -121.533369483841611, 45.256430682556754 ], [ -121.53324659177126, 45.25645454954978 ], [ -121.533280428247807, 45.256541232996042 ], [ -121.533157535943062, 45.256565099914368 ], [ -121.53319137236025, 45.256651783406546 ], [ -121.533068479821139, 45.256675650250102 ], [ -121.533102316178969, 45.256762333788188 ], [ -121.532979423405465, 45.256786200557052 ], [ -121.533013259703921, 45.256872884140989 ], [ -121.532890366696051, 45.256896750835089 ], [ -121.532924202935121, 45.256983434465027 ], [ -121.532801309692857, 45.257007301084343 ], [ -121.532835145872596, 45.257093984760239 ], [ -121.532712252395953, 45.257117851304798 ], [ -121.532746088516305, 45.25720453502656 ], [ -121.532623194805268, 45.257228401496398 ], [ -121.532657030866289, 45.257315085264082 ], [ -121.532534136920859, 45.2573389516592 ], [ -121.532567972922493, 45.257425635472735 ], [ -121.532445078742697, 45.257449501793111 ], [ -121.532478914684958, 45.25753618565264 ], [ -121.532356020270768, 45.25756005189821 ], [ -121.532389856153671, 45.257646735803682 ], [ -121.531775382035647, 45.257766065550925 ], [ -121.531809217271686, 45.257852749646077 ], [ -121.531686322038667, 45.257876615299395 ], [ -121.531720157215332, 45.257963299440448 ], [ -121.531597261747919, 45.257987165019003 ], [ -121.531631096865198, 45.258073849206035 ], [ -121.531385305374116, 45.258121580102959 ], [ -121.531419140285138, 45.258208264371866 ], [ -121.531173348150233, 45.258255994897837 ], [ -121.531207182855042, 45.258342679248621 ], [ -121.529732420932291, 45.258629053537284 ], [ -121.52969858799014, 45.258542368755108 ], [ -121.52932989598122, 45.25861395972867 ], [ -121.529296063567216, 45.258527274848646 ], [ -121.528927371211395, 45.258598864718046 ], [ -121.528893539325566, 45.258512179740201 ], [ -121.528647744277947, 45.258559905694405 ], [ -121.528613912773409, 45.258473220654636 ], [ -121.527753628378676, 45.258640257755658 ], [ -121.527719797989832, 45.258553572474263 ], [ -121.526613713075818, 45.258768326167129 ], [ -121.526647542142612, 45.258855011772049 ], [ -121.526278845155659, 45.258926594451516 ], [ -121.526245016529529, 45.2588399087388 ], [ -121.52612211750575, 45.258863769374585 ], [ -121.526088289114028, 45.258777083635906 ], [ -121.525842491097819, 45.258824804503512 ], [ -121.525808663087346, 45.258738118702972 ], [ -121.525439965847511, 45.258809699066205 ], [ -121.525406138365227, 45.258723013167838 ], [ -121.525283239257192, 45.25874687303159 ], [ -121.525249412009302, 45.258660187107175 ], [ -121.525126512960654, 45.258684046824335 ], [ -121.525160340061674, 45.258770732784647 ], [ -121.524791641950117, 45.258842311379553 ], [ -121.524757815289803, 45.258755625311402 ], [ -121.524634915891198, 45.258779484585702 ], [ -121.524601089465293, 45.258692798491602 ], [ -121.524478190126104, 45.25871665761926 ], [ -121.524444363934549, 45.258629971499133 ], [ -121.524198565287477, 45.258677689350471 ], [ -121.524232391185237, 45.258764375542405 ], [ -121.523372092136341, 45.258931384786301 ], [ -121.523405917093271, 45.259018071239808 ], [ -121.522668513615116, 45.25916121791834 ], [ -121.522702337778128, 45.259247904597466 ], [ -121.522210733122037, 45.259343333646122 ], [ -121.522244556784941, 45.259430020478995 ], [ -121.52212165525529, 45.259453877500313 ], [ -121.522087831739285, 45.259367190631529 ], [ -121.521964930269064, 45.259391047506192 ], [ -121.521931106987452, 45.259304360611424 ], [ -121.521808205576647, 45.259328217339458 ], [ -121.521774382529443, 45.259241530418777 ], [ -121.52165148117804, 45.259265387000205 ], [ -121.521617658365201, 45.259178700053496 ], [ -121.521494757073256, 45.259202556488283 ], [ -121.521460934494797, 45.259115869515682 ], [ -121.521338033262268, 45.25913972580377 ], [ -121.521304210918188, 45.259053038805156 ], [ -121.521181309745103, 45.259076894946624 ], [ -121.521147487635417, 45.25899020792216 ], [ -121.521024586521719, 45.259014063916965 ], [ -121.520990764646427, 45.258927376866481 ], [ -121.520867863592159, 45.258951232714679 ], [ -121.520834041951218, 45.258864545638268 ], [ -121.520711140956394, 45.258888401339789 ], [ -121.520677319549876, 45.258801714237407 ], [ -121.520554418614452, 45.258825569792286 ], [ -121.5205205974423, 45.258738882663955 ], [ -121.520397696566306, 45.258762738072207 ], [ -121.520363875628547, 45.25867605091797 ], [ -121.520240974811969, 45.258699906179579 ], [ -121.52020715410859, 45.258613218999344 ], [ -121.520084253351456, 45.258637074114304 ], [ -121.520050432882471, 45.25855038690819 ], [ -121.519927532184752, 45.258574241876467 ], [ -121.519893711950132, 45.25848755464439 ], [ -121.519770811311844, 45.258511409466031 ], [ -121.519736991311589, 45.25842472220797 ], [ -121.51961409073273, 45.258448576883005 ], [ -121.51958027096687, 45.25836188959903 ], [ -121.519457370447455, 45.258385744127402 ], [ -121.519423550915974, 45.258299056817457 ], [ -121.519300650455975, 45.258322911199173 ], [ -121.519266831158859, 45.258236223863321 ], [ -121.519143930758304, 45.258260078098374 ], [ -121.519110111695568, 45.258173390736545 ], [ -121.518987211354442, 45.258197244824991 ], [ -121.518953392526072, 45.25811055743722 ], [ -121.518830492244376, 45.258134411379032 ], [ -121.518796673650414, 45.258047723965291 ], [ -121.518673773428148, 45.258071577760489 ], [ -121.518639955068522, 45.257984890320778 ], [ -121.518517054905701, 45.258008743969341 ], [ -121.518483236780469, 45.257922056503723 ], [ -121.518360336677077, 45.257945910005624 ], [ -121.518326518786225, 45.257859222514043 ], [ -121.518203618742248, 45.257883075869302 ], [ -121.518169801085762, 45.257796388351778 ], [ -121.518046901101243, 45.257820241560367 ], [ -121.518013083679122, 45.25773355401693 ], [ -121.517890183754048, 45.257757407078913 ], [ -121.517856366566306, 45.25767071950947 ], [ -121.517733466700648, 45.257694572424796 ], [ -121.517699649747286, 45.25760788482949 ], [ -121.517576749941085, 45.257631737598203 ], [ -121.517542933222074, 45.257545049976898 ], [ -121.517420033475318, 45.25756890259894 ], [ -121.517386216990658, 45.257482214951743 ], [ -121.517263317303346, 45.257506067427137 ], [ -121.517229501053066, 45.257419379753898 ], [ -121.517106601425155, 45.257443232082728 ], [ -121.517072785409269, 45.257356544383569 ], [ -121.51694988584083, 45.257380396565765 ], [ -121.516916070059295, 45.25729370884067 ], [ -121.516793170550287, 45.257317560876139 ], [ -121.516759355003146, 45.257230873125138 ], [ -121.516636455553581, 45.257254725014015 ], [ -121.516602640240762, 45.257168037237072 ], [ -121.516479740850642, 45.257191888979335 ], [ -121.516445925772203, 45.25710520117638 ], [ -121.516323026441512, 45.257129052771937 ], [ -121.516289211597453, 45.257042364943118 ], [ -121.51616631232622, 45.257066216392097 ], [ -121.516132497716526, 45.256979528537251 ], [ -121.516009598504738, 45.257003379839645 ], [ -121.515975784129381, 45.256916691958857 ], [ -121.515852884977036, 45.256940543114574 ], [ -121.515819070836073, 45.256853855207879 ], [ -121.515696171743187, 45.256877706216962 ], [ -121.515662357836547, 45.256791018284318 ], [ -121.51553945880309, 45.256814869146716 ], [ -121.515505645130844, 45.256728181188208 ], [ -121.51538274615686, 45.256752031904 ], [ -121.515348932718965, 45.256665343919508 ], [ -121.51522603380441, 45.256689194488622 ], [ -121.515192220600881, 45.256602506478139 ], [ -121.51506932174577, 45.256626356900668 ], [ -121.515035508776606, 45.256539668864306 ], [ -121.514912609980925, 45.256563519140201 ], [ -121.514878797246126, 45.256476831077833 ], [ -121.514755898509932, 45.256500681207122 ], [ -121.514722086009471, 45.256413993118869 ], [ -121.514599187332706, 45.256437843101466 ], [ -121.51456537506661, 45.256351154987229 ], [ -121.514442476449304, 45.256375004823184 ], [ -121.514408664417573, 45.256288316683069 ], [ -121.514285765859725, 45.256312166372425 ], [ -121.514251954062345, 45.256225478206346 ], [ -121.514129055563927, 45.256249327749053 ], [ -121.514095244000913, 45.256162639557054 ], [ -121.513972345561982, 45.256186488953077 ], [ -121.51393853423329, 45.2560998007351 ], [ -121.513815635853788, 45.256123649984573 ], [ -121.513781824759491, 45.256036961740641 ], [ -121.513658926439433, 45.256060810843451 ], [ -121.513625115579487, 45.255974122573669 ], [ -121.513502217318916, 45.255997971529837 ], [ -121.513468406693306, 45.255911283234049 ], [ -121.513345508492165, 45.255935132043575 ], [ -121.513311698100921, 45.255848443721867 ], [ -121.513188799959252, 45.255872292384794 ], [ -121.513154989802359, 45.255785604037129 ], [ -121.51303209172012, 45.255809452553365 ], [ -121.512998281797579, 45.255722764179794 ], [ -121.512875383774826, 45.255746612549466 ], [ -121.51284157408665, 45.255659924149917 ], [ -121.512718676123313, 45.255683772372976 ], [ -121.512684866669474, 45.255597083947421 ], [ -121.512561968765638, 45.255620932023831 ], [ -121.512528159546136, 45.255534243572455 ], [ -121.512405261701758, 45.255558091502195 ], [ -121.512371452716621, 45.255471403024842 ], [ -121.512248554931688, 45.255495250807961 ], [ -121.512214746180902, 45.255408562304723 ], [ -121.512091848455455, 45.255432409941172 ], [ -121.512058039938978, 45.255345721411992 ], [ -121.511935142272989, 45.255369568901827 ], [ -121.511901333990892, 45.255282880346698 ], [ -121.511778436384375, 45.255306727689941 ], [ -121.511744628336615, 45.255220039108821 ], [ -121.511621730789528, 45.255243886305472 ], [ -121.511587922976119, 45.255157197698409 ], [ -121.511465025488519, 45.255181044748419 ], [ -121.511431217909447, 45.255094356115379 ], [ -121.511308320481291, 45.255118203018846 ], [ -121.511274513136598, 45.255031514359878 ], [ -121.511151615767929, 45.255055361116611 ], [ -121.511117808657545, 45.254968672431758 ], [ -121.510994911348305, 45.254992519041913 ], [ -121.510961104472301, 45.254905830331118 ], [ -121.510838207222562, 45.254929676794532 ], [ -121.510804400580867, 45.254842988057874 ], [ -121.510681503390586, 45.254866834374766 ], [ -121.510647696983227, 45.254780145612045 ], [ -121.510524799852419, 45.254803991782332 ], [ -121.510490993679412, 45.25471730299369 ], [ -121.510368096608076, 45.254741149017271 ], [ -121.510334290669419, 45.254654460202779 ], [ -121.510211393657556, 45.254678306079775 ], [ -121.510177587953208, 45.25459161723925 ], [ -121.510054691000803, 45.254615462969618 ], [ -121.510020885530821, 45.254528774103207 ], [ -121.509897988637888, 45.254552619686983 ], [ -121.509864183402257, 45.254465930794638 ], [ -121.509741286568783, 45.254489776231765 ], [ -121.509707481567489, 45.25440308731347 ], [ -121.509584584793487, 45.254426932603991 ], [ -121.50955078002653, 45.254340243659755 ], [ -121.509427883312014, 45.254364088803605 ], [ -121.50939407877938, 45.254277399833505 ], [ -121.509271182124323, 45.2543012448307 ], [ -121.50923737782604, 45.254214555834615 ], [ -121.509114481230469, 45.254238400685274 ], [ -121.509080677166509, 45.254151711663205 ], [ -121.508957780630396, 45.25417555636723 ], [ -121.508923976800801, 45.25408886731929 ], [ -121.508801080324162, 45.254112711876687 ], [ -121.508767276728875, 45.254026022802776 ], [ -121.508644380311722, 45.254049867213503 ], [ -121.508610576950758, 45.2539631781137 ], [ -121.508487680593106, 45.253987022377892 ], [ -121.508453877466479, 45.253900333252119 ], [ -121.508085188309636, 45.25397186527249 ], [ -121.508051385711141, 45.253885176048982 ], [ -121.507805592796586, 45.253932863437221 ], [ -121.507771790579341, 45.253846174151846 ], [ -121.507648894137816, 45.253870017644026 ], [ -121.507615092154921, 45.253783328332752 ], [ -121.507492195772898, 45.253807171678211 ], [ -121.507458394024312, 45.253720482341024 ], [ -121.507335497701746, 45.253744325539927 ], [ -121.507301696187511, 45.253657636176769 ], [ -121.507178799924418, 45.253681479229073 ], [ -121.507144998644534, 45.253594789839966 ], [ -121.507022102440942, 45.253618632745642 ], [ -121.506988301395339, 45.253531943330593 ], [ -121.506865405251233, 45.253555786089649 ], [ -121.506831604439981, 45.253469096648672 ], [ -121.506708708355362, 45.253492939261122 ], [ -121.506674907778418, 45.253406249794232 ], [ -121.5065520117533, 45.253430092260025 ], [ -121.506518211410707, 45.253343402767271 ], [ -121.506395315445047, 45.253367245086423 ], [ -121.506361515336764, 45.25328055556772 ], [ -121.50623861943059, 45.253304397740216 ], [ -121.506204819556658, 45.253217708195564 ], [ -121.506081923709971, 45.253241550221546 ], [ -121.506048124070361, 45.253154860650959 ], [ -121.505925228283161, 45.253178702530278 ], [ -121.50589142887786, 45.253092012933742 ], [ -121.50564563733505, 45.253139696288443 ], [ -121.505611838310955, 45.253053006630125 ], [ -121.505366046712297, 45.253100689470116 ], [ -121.505332248069465, 45.253013999749896 ], [ -121.505209352285902, 45.253037840967963 ], [ -121.505175553877365, 45.252951151221851 ], [ -121.505052658153332, 45.252974992293275 ], [ -121.505018859979131, 45.252888302521271 ], [ -121.504895964314557, 45.252912143446068 ], [ -121.504862166374679, 45.252825453648036 ], [ -121.504739270769591, 45.252849294426269 ], [ -121.504705473064021, 45.252762604602374 ], [ -121.504582577518448, 45.252786445233966 ], [ -121.504548780047216, 45.252699755384114 ], [ -121.50442588456113, 45.252723595869071 ], [ -121.504392087324206, 45.252636905993285 ], [ -121.504269191897606, 45.252660746331685 ], [ -121.504235394895019, 45.252574056429992 ], [ -121.50411249952792, 45.252597896621687 ], [ -121.504078702759628, 45.252511206694074 ], [ -121.50395580745203, 45.25253504673919 ], [ -121.50392201091806, 45.252448356785628 ], [ -121.503799115669963, 45.25247219668416 ], [ -121.503765319370331, 45.252385506704698 ], [ -121.50364242418172, 45.252409346456609 ], [ -121.503608628116382, 45.252322656451192 ], [ -121.503362837770766, 45.252370335551035 ], [ -121.503329042086662, 45.252283645483779 ], [ -121.503206146929642, 45.252307484831768 ], [ -121.503172351479833, 45.252220794738584 ], [ -121.503295246489955, 45.252196955426591 ], [ -121.503126269817571, 45.251763505290036 ], [ -121.503249164005737, 45.251739666046824 ], [ -121.50321536878657, 45.251652976085353 ], [ -121.503338262740428, 45.251629136767335 ], [ -121.50330446746176, 45.251542446851737 ], [ -121.503427361181309, 45.251518607458891 ], [ -121.503393565843155, 45.251431917589152 ], [ -121.503516459328395, 45.2514080781215 ], [ -121.503482663930711, 45.251321388297683 ], [ -121.503605557181658, 45.251297548755268 ], [ -121.503571761724501, 45.251210858977316 ], [ -121.503694654741125, 45.25118701936001 ], [ -121.503660859224468, 45.251100329627953 ], [ -121.503783752006811, 45.251076489935905 ], [ -121.503749956430639, 45.25098980024972 ], [ -121.503872848978659, 45.250965960482858 ], [ -121.503839053343029, 45.25087927084256 ], [ -121.503961945656727, 45.250855431000879 ], [ -121.503928149961581, 45.250768741406418 ], [ -121.504051042040984, 45.250744901489938 ], [ -121.504017246286352, 45.250658211941385 ], [ -121.504140138131447, 45.250634371950056 ], [ -121.504106342317328, 45.250547682447404 ], [ -121.504229233928115, 45.25052384238132 ], [ -121.504195438054509, 45.250437152924498 ], [ -121.504318329430987, 45.250413312783586 ], [ -121.504284533497895, 45.250326623372715 ], [ -121.504407424640078, 45.250302783156968 ], [ -121.504373628647485, 45.250216093791899 ], [ -121.50449651955536, 45.25019225350141 ], [ -121.504462723503281, 45.250105564182199 ], [ -121.504585614176847, 45.250081723816926 ], [ -121.504551818065281, 45.249995034543581 ], [ -121.504674708504538, 45.249971194103502 ], [ -121.504640912333485, 45.249884504876071 ], [ -121.504763802538477, 45.249860664361172 ], [ -121.504730006307909, 45.249773975179622 ], [ -121.504852896278607, 45.249750134589895 ], [ -121.504819099988538, 45.249663445454182 ], [ -121.504941989724927, 45.249639604789699 ], [ -121.5049081933754, 45.24955291569983 ], [ -121.505031082877494, 45.249529074960591 ], [ -121.504997286468452, 45.249442385916602 ], [ -121.505120175736252, 45.249418545102507 ], [ -121.505086379267752, 45.249331856104433 ], [ -121.505209268301243, 45.249308015215504 ], [ -121.505175471773256, 45.249221326263282 ], [ -121.505298360572439, 45.249197485299526 ], [ -121.505264563984966, 45.24911079639319 ], [ -121.505387452549854, 45.249086955354699 ], [ -121.505353655902908, 45.2490002664942 ], [ -121.505476544233517, 45.248976425380881 ], [ -121.505442747527084, 45.248889736566305 ], [ -121.505565635623384, 45.248865895378152 ], [ -121.505531838857465, 45.24877920660942 ], [ -121.505654726719484, 45.248755365346533 ], [ -121.505620929894079, 45.24866867662363 ], [ -121.505498042178942, 45.248692517850685 ], [ -121.505464245587831, 45.248605829101891 ], [ -121.505341357932195, 45.248629670182247 ], [ -121.505307561575364, 45.248542981407503 ], [ -121.505184673979201, 45.248566822341338 ], [ -121.505150877856693, 45.248480133540703 ], [ -121.505027990320002, 45.248503974327868 ], [ -121.50499419443176, 45.248417285501304 ], [ -121.50487130695457, 45.24844112614187 ], [ -121.504837511300622, 45.248354437289336 ], [ -121.504714623882919, 45.248378277783331 ], [ -121.50468082846325, 45.248291588904813 ], [ -121.50455794110502, 45.248315429252244 ], [ -121.504524145919646, 45.248228740347876 ], [ -121.504401258620916, 45.248252580548694 ], [ -121.504367463669823, 45.248165891618292 ], [ -121.504244576430594, 45.248189731672483 ], [ -121.50421078171378, 45.248103042716188 ], [ -121.504087894534038, 45.248126882623765 ], [ -121.504054100051519, 45.248040193641579 ], [ -121.503931212931235, 45.248064033402578 ], [ -121.50389741868301, 45.247977344394393 ], [ -121.503774531622241, 45.248001184008771 ], [ -121.503740737608297, 45.247914494974715 ], [ -121.503617850607014, 45.247938334442544 ], [ -121.50358405682735, 45.247851645382497 ], [ -121.503461169885554, 45.247875484703712 ], [ -121.503393582882225, 45.247702106541759 ], [ -121.503270696146814, 45.247725945680436 ], [ -121.503236902923106, 45.247639256578481 ], [ -121.503114016247167, 45.247663095570594 ], [ -121.503080223257783, 45.247576406442747 ], [ -121.502957336641344, 45.24760024528824 ], [ -121.502923543886197, 45.24751355613445 ], [ -121.50280065732926, 45.247537394833365 ], [ -121.502766864808407, 45.247450705653627 ], [ -121.502643978310957, 45.247474544205907 ], [ -121.502610186024398, 45.247387855000277 ], [ -121.502487299586434, 45.247411693406008 ], [ -121.50245350753417, 45.247325004174364 ], [ -121.502330621155693, 45.247348842433503 ], [ -121.502296829337666, 45.247262153175953 ], [ -121.502173943018704, 45.247285991288429 ], [ -121.502140151435, 45.24719930200505 ], [ -121.502017265175525, 45.247223139970941 ], [ -121.501983473826058, 45.247136450661557 ], [ -121.501860587626098, 45.247160288480856 ], [ -121.501826796510912, 45.247073599145565 ], [ -121.501703910370438, 45.247097436818237 ], [ -121.50167011948956, 45.247010747457026 ], [ -121.501547233408573, 45.247034584983105 ], [ -121.501513442761961, 45.246947895595994 ], [ -121.501390556740475, 45.246971732975481 ], [ -121.501356766328129, 45.246885043562365 ], [ -121.501233880366158, 45.246908880795239 ], [ -121.501200090188078, 45.246822191356216 ], [ -121.501077204285608, 45.246846028442569 ], [ -121.501043414341794, 45.246759338977583 ], [ -121.500920528498824, 45.24678317591728 ], [ -121.500886738789305, 45.246696486426444 ], [ -121.50076385300585, 45.246720323219556 ], [ -121.500730063530597, 45.246633633702722 ], [ -121.5006071778066, 45.246657470349277 ], [ -121.500573388565641, 45.246570780806522 ], [ -121.50045050290116, 45.246594617306442 ], [ -121.500416713894467, 45.246507927737781 ], [ -121.5002938282895, 45.24653176409111 ], [ -121.500260039517059, 45.246445074496499 ], [ -121.500137153971608, 45.246468910703257 ], [ -121.500103365433418, 45.246382221082705 ], [ -121.499980479947482, 45.24640605714287 ], [ -121.499946691643586, 45.246319367496383 ], [ -121.499823806217108, 45.246343203409943 ], [ -121.499790018147493, 45.246256513737535 ], [ -121.499667132780559, 45.246280349504516 ], [ -121.499633344945195, 45.246193659806188 ], [ -121.499510459637747, 45.246217495426528 ], [ -121.499476672036664, 45.246130805702279 ], [ -121.499353786788731, 45.246154641176105 ], [ -121.499319999421914, 45.2460679514259 ], [ -121.499197114233496, 45.246091786753105 ], [ -121.499163327100945, 45.246005096977001 ], [ -121.499040441972014, 45.2460289321576 ], [ -121.499006655073728, 45.245942242355568 ], [ -121.498883770004312, 45.245966077389518 ], [ -121.498849983340307, 45.245879387561551 ], [ -121.49872709833042, 45.245903222448995 ], [ -121.498693311900652, 45.245816532595136 ], [ -121.498570426950252, 45.245840367335944 ], [ -121.498536640754764, 45.245753677456129 ], [ -121.498413755863893, 45.245777512050338 ], [ -121.498379969902672, 45.245690822144567 ], [ -121.498257085071316, 45.245714656592213 ], [ -121.498223299344332, 45.245627966660535 ], [ -121.498100414572477, 45.245651800961625 ], [ -121.498066629079787, 45.24556511100397 ], [ -121.497943744367433, 45.245588945158467 ], [ -121.497909959109009, 45.245502255174955 ], [ -121.49778707445617, 45.24552608918281 ], [ -121.497753289431998, 45.245439399173357 ], [ -121.497630404838674, 45.245463233034592 ], [ -121.497596620048768, 45.245376542999232 ], [ -121.497473735514959, 45.245400376713896 ], [ -121.497439950959318, 45.245313686652622 ], [ -121.497317066485024, 45.245337520220751 ], [ -121.497283282163622, 45.2452508301335 ], [ -121.497160397748857, 45.245274663554973 ], [ -121.49712661366172, 45.245187973441872 ], [ -121.497003729306485, 45.245211806716789 ], [ -121.496969945453586, 45.24512511657769 ], [ -121.496847061157865, 45.245148949706021 ], [ -121.496813277539246, 45.245062259541022 ], [ -121.496690393303027, 45.245086092522762 ], [ -121.496656609918674, 45.244999402331828 ], [ -121.496533725741969, 45.245023235166968 ], [ -121.496499942591853, 45.244936544950136 ], [ -121.496377058474678, 45.244960377638719 ], [ -121.496343275558829, 45.244873687395888 ], [ -121.496220391501183, 45.244897519937922 ], [ -121.496186608819571, 45.24481082966922 ], [ -121.49606372482144, 45.244834662064612 ], [ -121.496029942374108, 45.244747971769947 ], [ -121.495907058435492, 45.244771804018789 ], [ -121.495873276222383, 45.24468511369821 ], [ -121.495750392343311, 45.244708945800461 ], [ -121.495716610364454, 45.244622255453997 ], [ -121.495593726544897, 45.244646087409585 ], [ -121.495559944800306, 45.244559397037229 ], [ -121.495437061040263, 45.244583228846246 ], [ -121.495403279529938, 45.244496538447933 ], [ -121.495280395829425, 45.244520370110429 ], [ -121.495246614553324, 45.244433679686168 ], [ -121.49512373091234, 45.244457511202022 ], [ -121.49508994987049, 45.24437082075189 ], [ -121.494967066289036, 45.244394652121201 ], [ -121.494933285481437, 45.244307961645113 ], [ -121.494810401959498, 45.24433179286779 ], [ -121.494776621386166, 45.244245102365788 ], [ -121.49465373792377, 45.244268933441901 ], [ -121.494619957584661, 45.244182242913958 ], [ -121.494497074181808, 45.244206073843529 ], [ -121.494463294076951, 45.244119383289679 ], [ -121.494340410733585, 45.244143214072629 ], [ -121.49430663086298, 45.244056523492851 ], [ -121.494183747579171, 45.24408035412921 ], [ -121.494149967942803, 45.24399366352354 ], [ -121.494027084718525, 45.24401749401332 ], [ -121.493993305316422, 45.243930803381701 ], [ -121.493870422151645, 45.243954633724876 ], [ -121.49383664298378, 45.243867943067393 ], [ -121.49371375987856, 45.243891773263996 ], [ -121.493679980944933, 45.243805082580565 ], [ -121.493557097899242, 45.243828912630541 ], [ -121.493523319199866, 45.243742221921146 ], [ -121.493400436213719, 45.243766051824643 ], [ -121.493366657748581, 45.243679361089399 ], [ -121.493243774821948, 45.243703190846254 ], [ -121.493209996591048, 45.243616500085018 ], [ -121.493087113723959, 45.243640329695275 ], [ -121.493053335727296, 45.243553638908175 ], [ -121.492930452919751, 45.243577468371875 ], [ -121.492862897482269, 45.243404086755717 ], [ -121.492985779996076, 45.24338025736381 ], [ -121.492952002261475, 45.24329356660656 ], [ -121.493074884541002, 45.243269737139769 ], [ -121.493041106746887, 45.243183046428399 ], [ -121.492918224614215, 45.243206875859229 ], [ -121.492884447054337, 45.24312018512196 ], [ -121.492761564981222, 45.243144014406276 ], [ -121.492727787655554, 45.243057323643001 ], [ -121.492850669581799, 45.243033494394545 ], [ -121.492783114898771, 45.242860112969694 ], [ -121.492905996443881, 45.242836283682323 ], [ -121.492838441816502, 45.24266290236902 ], [ -121.492715560565159, 45.242686731584648 ], [ -121.492681783529363, 45.24260004090705 ], [ -121.492558902337549, 45.242623869976079 ], [ -121.492525125535991, 45.242537179272624 ], [ -121.492402244403721, 45.242561008195054 ], [ -121.492368467836414, 45.242474317465621 ], [ -121.492245586763687, 45.242498146241523 ], [ -121.492211810430589, 45.242411455486199 ], [ -121.492088929417406, 45.242435284115516 ], [ -121.492055153318546, 45.242348593334178 ], [ -121.491932272364878, 45.242372421816924 ], [ -121.491898496500255, 45.24228573100978 ], [ -121.49177561560613, 45.242309559345905 ], [ -121.491741839975731, 45.242222868512805 ], [ -121.491618959141164, 45.242246696702416 ], [ -121.491585183744974, 45.242160005843367 ], [ -121.491462302969921, 45.242183833886351 ], [ -121.491428527808011, 45.242097143001402 ], [ -121.491305647092503, 45.242120970897858 ], [ -121.491271872164802, 45.242034279986974 ], [ -121.491148991508823, 45.242058107736831 ], [ -121.491115216815359, 45.24197141680002 ], [ -121.490992336218937, 45.241995244403313 ], [ -121.490958561759697, 45.241908553440624 ], [ -121.490835681222805, 45.241932380897325 ], [ -121.490801906997802, 45.241845689908672 ], [ -121.490679026520439, 45.241869517218831 ], [ -121.49064525252966, 45.241782826204322 ], [ -121.490522372111855, 45.241806653367881 ], [ -121.490488598355284, 45.241719962327402 ], [ -121.490365717997037, 45.241743789344348 ], [ -121.490331944474676, 45.241657098278004 ], [ -121.490209064175971, 45.241680925148394 ], [ -121.490175290887862, 45.241594234056137 ], [ -121.490052410648701, 45.241618060779956 ], [ -121.490018637594801, 45.241531369661743 ], [ -121.489895757415198, 45.241555196239034 ], [ -121.489861984595521, 45.241468505094907 ], [ -121.489739104475461, 45.241492331525563 ], [ -121.489705331889994, 45.241405640355516 ], [ -121.489582451829477, 45.241429466639637 ], [ -121.489548679478247, 45.241342775443655 ], [ -121.489425799477274, 45.241366601581177 ], [ -121.489392027360267, 45.241279910359331 ], [ -121.489269147418852, 45.241303736350282 ], [ -121.489235375536055, 45.241217045102537 ], [ -121.489112495654183, 45.241240870946903 ], [ -121.489078724005608, 45.241154179673181 ], [ -121.488955844183295, 45.241178005370998 ], [ -121.488922072768943, 45.241091314071411 ], [ -121.488799193006173, 45.2411151396226 ], [ -121.488765421826031, 45.241028448297115 ], [ -121.488642542122818, 45.241052273701783 ], [ -121.488608771176899, 45.240965582350341 ], [ -121.48848589153323, 45.240989407608467 ], [ -121.488452120821549, 45.240902716231098 ], [ -121.488329241237423, 45.240926541342589 ], [ -121.488295470759951, 45.240839849939313 ], [ -121.488172591235369, 45.240863674904297 ], [ -121.48813882099212, 45.240776983475122 ], [ -121.488015941527095, 45.240800808293521 ], [ -121.48798217151807, 45.240714116838376 ], [ -121.487859292112603, 45.240737941510197 ], [ -121.487825522337758, 45.240651250029195 ], [ -121.487702642991877, 45.240675074554417 ], [ -121.487668873451241, 45.24058838304753 ], [ -121.487545994164918, 45.240612207426175 ], [ -121.487512224858506, 45.240525515893339 ], [ -121.487389345631726, 45.24054934012544 ], [ -121.487355576559523, 45.240462648566663 ], [ -121.487232697392315, 45.240486472652208 ], [ -121.487198928554335, 45.24039978106758 ], [ -121.487076049446642, 45.240423605006526 ], [ -121.487042280842886, 45.240336913395936 ], [ -121.486919401794765, 45.24036073718834 ], [ -121.486885633425217, 45.240274045551836 ], [ -121.486762754436654, 45.240297869197668 ], [ -121.486728986301316, 45.240211177535244 ], [ -121.48660610737231, 45.240235001034499 ], [ -121.486572339471195, 45.240148309346218 ], [ -121.486449460601747, 45.240172132698895 ], [ -121.486415692934827, 45.240085440984657 ], [ -121.486292814124951, 45.240109264190778 ], [ -121.48625904669224, 45.240022572450691 ], [ -121.486136167941922, 45.240046395510205 ], [ -121.486102400743405, 45.239959703744177 ], [ -121.485979522052659, 45.239983526657142 ], [ -121.485945755088366, 45.239896834865185 ], [ -121.485822876457178, 45.239920657631636 ], [ -121.485789109727094, 45.239833965813759 ], [ -121.485666231155449, 45.239857788433618 ], [ -121.48563246465956, 45.239771096589806 ], [ -121.485509586147529, 45.239794919063115 ], [ -121.485475819885821, 45.239708227193411 ], [ -121.485352941433334, 45.23973204952015 ], [ -121.485319175405877, 45.239645357624553 ], [ -121.485196297012934, 45.239669179804707 ], [ -121.485162531219657, 45.239582487883183 ], [ -121.4850396528863, 45.239606309916809 ], [ -121.485005887327219, 45.239519617969322 ], [ -121.484883009053434, 45.239543439856355 ], [ -121.484849243728561, 45.239456747883033 ], [ -121.484726365514348, 45.23948056962351 ], [ -121.484692600423671, 45.239393877624273 ], [ -121.484569722269015, 45.239417699218158 ], [ -121.484535957412547, 45.23933100719298 ], [ -121.484413079317463, 45.23935482864033 ], [ -121.48437931469519, 45.239268136589246 ], [ -121.484256436659692, 45.239291957890075 ], [ -121.484222672271628, 45.239205265813098 ], [ -121.484099794295673, 45.239229086967327 ], [ -121.484066030141804, 45.239142394864409 ], [ -121.483943152225407, 45.239166215872061 ], [ -121.483909388305761, 45.239079523743278 ], [ -121.483786510448965, 45.239103344604395 ], [ -121.4837527467635, 45.239016652449656 ], [ -121.483629868966261, 45.239040473164174 ], [ -121.483596105514977, 45.238953780983564 ], [ -121.483473227777324, 45.238977601551539 ], [ -121.483439464560249, 45.238890909344988 ], [ -121.483316586882168, 45.2389147297664 ], [ -121.483282823899302, 45.238828037533992 ], [ -121.483159946280793, 45.23885185780879 ], [ -121.483126183532093, 45.238765165550475 ], [ -121.48300330597317, 45.238788985678752 ], [ -121.482969543458694, 45.238702293394518 ], [ -121.482846665959329, 45.238726113376231 ], [ -121.482812903679047, 45.238639421066047 ], [ -121.48269002623924, 45.238663240901232 ], [ -121.482656264193153, 45.238576548565163 ], [ -121.482533386812946, 45.238600368253813 ], [ -121.48249962500104, 45.238513675891824 ], [ -121.482376747680405, 45.238537495433839 ], [ -121.482342986102708, 45.238450803045943 ], [ -121.482220108841659, 45.238474622441416 ], [ -121.482186347498143, 45.23838793002767 ], [ -121.48206347029668, 45.238411749276544 ], [ -121.482029709187344, 45.238325056836906 ], [ -121.481906832045453, 45.238348875939231 ], [ -121.481873071170313, 45.238262183473658 ], [ -121.481750194088008, 45.23828600242939 ], [ -121.481716433447048, 45.238199309937933 ], [ -121.481593556424315, 45.238223128747158 ], [ -121.481559796017578, 45.23813643622978 ], [ -121.481436919054403, 45.238160254892485 ], [ -121.481403158881832, 45.238073562349179 ], [ -121.481280281978286, 45.238097380865277 ], [ -121.481246522039896, 45.238010688296036 ], [ -121.481123645195908, 45.238034506665585 ], [ -121.481089885491727, 45.237947814070516 ], [ -121.480967008707324, 45.237971632293487 ], [ -121.480933249237324, 45.237884939672476 ], [ -121.480810372512522, 45.237908757748919 ], [ -121.480776613276674, 45.237822065101987 ], [ -121.480653736611458, 45.237845883031881 ], [ -121.48061997760982, 45.237759190359071 ], [ -121.480497101004175, 45.23778300814238 ], [ -121.480463342236746, 45.237696315443628 ], [ -121.480340465690659, 45.23772013308043 ], [ -121.480306707157425, 45.237633440355815 ], [ -121.480183830670924, 45.237657257845989 ], [ -121.480150072371856, 45.23757056509541 ], [ -121.48002719594497, 45.23759438243907 ], [ -121.479993437880069, 45.237507689662664 ], [ -121.479870561512783, 45.237531506859753 ], [ -121.479836803682062, 45.237444814057383 ], [ -121.479713927374362, 45.237468631107944 ], [ -121.479680169777808, 45.237381938279746 ], [ -121.479557293529709, 45.237405755183708 ], [ -121.479523536167349, 45.237319062329576 ], [ -121.479400659978836, 45.23734287908696 ], [ -121.479366902850657, 45.237256186206935 ], [ -121.47924402672173, 45.237280002817798 ], [ -121.479210269827732, 45.237193309911873 ], [ -121.479087393758377, 45.237217126376201 ], [ -121.479053637098559, 45.237130433444307 ], [ -121.478930761088819, 45.237154249762064 ], [ -121.478897004663196, 45.237067556804298 ], [ -121.478774128713042, 45.237091372975549 ], [ -121.478740372521585, 45.23700467999187 ], [ -121.478617496631003, 45.237028496016549 ], [ -121.478583740673727, 45.236941803006978 ], [ -121.478460864842759, 45.236965618885087 ], [ -121.47842710911965, 45.236878925849609 ], [ -121.478304233348283, 45.236902741581162 ], [ -121.478270477859368, 45.236816048519813 ], [ -121.478147602147573, 45.236839864104795 ], [ -121.478113846892825, 45.236753171017568 ], [ -121.477990971240629, 45.236776986455972 ], [ -121.477957216220076, 45.236690293342832 ], [ -121.477834340627467, 45.236714108634736 ], [ -121.477800585841081, 45.23662741549564 ], [ -121.477677710308086, 45.236651230641037 ], [ -121.477643955755866, 45.236564537476028 ], [ -121.477521080282457, 45.23658835247484 ], [ -121.477487325964404, 45.236501659283938 ], [ -121.477364450550624, 45.236525474136165 ], [ -121.477330696466751, 45.236438780919393 ], [ -121.477207821112557, 45.236462595625127 ], [ -121.477174067262823, 45.236375902382406 ], [ -121.477051191968243, 45.236399716941598 ], [ -121.477017438352703, 45.236313023672992 ], [ -121.476894563117696, 45.236336838085634 ], [ -121.476860809736351, 45.236250144791086 ], [ -121.476737934560958, 45.236273959057129 ], [ -121.476636675381229, 45.236013879125885 ], [ -121.476513800559175, 45.236037693173706 ], [ -121.476378790129019, 45.235690919927883 ], [ -121.476255915807258, 45.235714733721615 ], [ -121.476188411409652, 45.235541347086709 ], [ -121.476065537294375, 45.235565160697959 ], [ -121.47603178537338, 45.235478467359613 ], [ -121.475908911317688, 45.235502280824399 ], [ -121.475841408031286, 45.235328894105784 ], [ -121.475718534182107, 45.235352707388124 ], [ -121.4756847828167, 45.235266014007919 ], [ -121.475561909027135, 45.235289827143738 ], [ -121.475528157895894, 45.235203133737571 ], [ -121.475405284165916, 45.23522694672689 ], [ -121.475371533268842, 45.235140253294873 ], [ -121.475248659598464, 45.235164066137585 ], [ -121.47511365747043, 45.234817292365555 ], [ -121.474990784300346, 45.234841104954185 ], [ -121.474923284053745, 45.234667718056173 ], [ -121.474800411090129, 45.234691530462406 ], [ -121.474732911486399, 45.234518143532476 ], [ -121.474610038729267, 45.23454195575637 ], [ -121.47444129198162, 45.234108488426322 ], [ -121.47456416400432, 45.234084676381642 ], [ -121.474530414769745, 45.233997982981322 ], [ -121.474407542893886, 45.234021794990149 ], [ -121.474238798764361, 45.233588327958429 ], [ -121.474115927535664, 45.233612139677348 ], [ -121.473947186322249, 45.233178672714949 ], [ -121.473824315740671, 45.233202484143973 ], [ -121.473790567906661, 45.23311579074548 ], [ -121.473913438341384, 45.233091979352267 ], [ -121.473812194922345, 45.232831899323955 ], [ -121.473689324928245, 45.232855710609606 ], [ -121.47365557744331, 45.232769017250902 ], [ -121.473532707508838, 45.232792828390011 ], [ -121.473498960258041, 45.23270613500538 ], [ -121.473376090383184, 45.232729945998003 ], [ -121.473342343366539, 45.232643252587472 ], [ -121.473219473551296, 45.232667063433517 ], [ -121.473185726768776, 45.232580369997095 ], [ -121.473062857013147, 45.232604180696612 ], [ -121.473029110464751, 45.232517487234297 ], [ -121.472906240768737, 45.232541297787236 ], [ -121.472872494454506, 45.232454604299029 ], [ -121.472749624818121, 45.232478414705469 ], [ -121.472715878738001, 45.232391721191391 ], [ -121.472593009161216, 45.232415531451331 ], [ -121.472559263315262, 45.232328837911282 ], [ -121.472436393798077, 45.23235264802463 ], [ -121.472402648186261, 45.232265954458754 ], [ -121.472279778728691, 45.232289764425616 ], [ -121.472246033351013, 45.232203070833755 ], [ -121.472123163953057, 45.232226880654089 ], [ -121.472089418809531, 45.232140187036421 ], [ -121.471966549471219, 45.232163996710177 ], [ -121.471932804561803, 45.232077303066546 ], [ -121.471809935283076, 45.232101112593774 ], [ -121.471776190607798, 45.232014418924287 ], [ -121.471653321388715, 45.232038228304972 ], [ -121.471619576947575, 45.231951534609578 ], [ -121.471496707788106, 45.231975343843736 ], [ -121.471462963581075, 45.231888650122457 ], [ -121.471340094481235, 45.231912459210058 ], [ -121.471306350508343, 45.231825765462872 ], [ -121.471183481468117, 45.231849574403995 ], [ -121.471149737729363, 45.231762880630917 ], [ -121.47102686874878, 45.231786689425469 ], [ -121.470993125244149, 45.231699995626485 ], [ -121.470870256323167, 45.231723804274559 ], [ -121.470836513052674, 45.231637110449704 ], [ -121.470713644191321, 45.231660918951185 ], [ -121.470679901154966, 45.23157422510036 ], [ -121.470557032353227, 45.231598033455349 ], [ -121.470523289551011, 45.231511339578688 ], [ -121.470400420808886, 45.231535147787156 ], [ -121.470366678240794, 45.23144845388456 ], [ -121.470243809558312, 45.231472261946486 ], [ -121.470210067224343, 45.231385568018048 ], [ -121.470087198601476, 45.231409375933396 ], [ -121.470053456501631, 45.231322681979044 ], [ -121.469930587938407, 45.231346489747899 ], [ -121.469896846072686, 45.231259795767642 ], [ -121.469773977569076, 45.231283603390011 ], [ -121.469740235937479, 45.231196909383826 ], [ -121.469617367493512, 45.231220716859632 ], [ -121.469583626096039, 45.231134022827597 ], [ -121.469460757711687, 45.231157830156846 ], [ -121.469427016548352, 45.231071136098905 ], [ -121.469181279811664, 45.231118750353637 ], [ -121.469147539029322, 45.231032056234035 ], [ -121.469024670676987, 45.231055863159511 ], [ -121.468990930128768, 45.230969169013967 ], [ -121.468745193456101, 45.231016782461161 ], [ -121.468711453288876, 45.230930088253906 ], [ -121.468588584968572, 45.230953894775666 ], [ -121.46855484503547, 45.230867200542505 ], [ -121.468431976774781, 45.230891006917702 ], [ -121.468398237075803, 45.23080431265867 ], [ -121.468275368874757, 45.230828118887345 ], [ -121.468241629409903, 45.230741424602414 ], [ -121.468118761268471, 45.230765230684568 ], [ -121.468085022037741, 45.230678536373716 ], [ -121.467962153955952, 45.2307023423093 ], [ -121.46792841495936, 45.230615647972634 ], [ -121.467682678827813, 45.230663259440092 ], [ -121.467648940212186, 45.230576565041602 ], [ -121.467526072162428, 45.230600370573505 ], [ -121.467492333780953, 45.230513676149165 ], [ -121.46736946579081, 45.230537481534512 ], [ -121.46733572764343, 45.230450787084287 ], [ -121.467212859712959, 45.230474592323098 ], [ -121.467179121799717, 45.230387897847017 ], [ -121.46705625392886, 45.230411702939293 ], [ -121.467022516249727, 45.230325008437291 ], [ -121.466899648438513, 45.230348813383031 ], [ -121.466865910993477, 45.23026211885513 ], [ -121.466743043241934, 45.230285923654357 ], [ -121.466709306031035, 45.230199229100592 ], [ -121.466586438339093, 45.23022303375329 ], [ -121.466552701362289, 45.230136339173612 ], [ -121.466429833730018, 45.230160143679797 ], [ -121.466396096987324, 45.230073449074212 ], [ -121.46627322941471, 45.230097253433904 ], [ -121.466239492906126, 45.230010558802434 ], [ -121.465993757792916, 45.230058167117996 ], [ -121.465960021665339, 45.229971472424836 ], [ -121.465714286496905, 45.230019080225937 ], [ -121.465680550750335, 45.229932385471045 ], [ -121.465434815526748, 45.229979992757706 ], [ -121.465401080161158, 45.229893297941146 ], [ -121.465278212565408, 45.229917101382625 ], [ -121.465244477433899, 45.229830406540131 ], [ -121.464875874563873, 45.229901816092799 ], [ -121.464842139960268, 45.229815121152754 ], [ -121.464596404571168, 45.229862726896052 ], [ -121.46456267034857, 45.229776031894367 ], [ -121.464439802670043, 45.229799834564098 ], [ -121.464406068681527, 45.22971313953655 ], [ -121.464037465563266, 45.229784546774184 ], [ -121.464003732102626, 45.229697851649071 ], [ -121.46388086436896, 45.229721653804376 ], [ -121.46384713114243, 45.229634958653364 ], [ -121.463109923790029, 45.229777769045633 ], [ -121.463076191531982, 45.229691073689636 ], [ -121.462953323481514, 45.2297148749984 ], [ -121.462919591457592, 45.229628179616519 ], [ -121.462796723466795, 45.229651980778762 ], [ -121.462762991676954, 45.229565285370988 ], [ -121.462517255727448, 45.229612887291701 ], [ -121.462483524318614, 45.229526191822281 ], [ -121.462360656359891, 45.229549992580758 ], [ -121.462326925185153, 45.229463297085445 ], [ -121.462204057286101, 45.229487097697394 ], [ -121.4621703263455, 45.229400402176189 ], [ -121.462047458506092, 45.22942420264166 ], [ -121.462013727799587, 45.229337507094534 ], [ -121.461767992152886, 45.229385107621688 ], [ -121.461734261827374, 45.229298412012895 ], [ -121.461611394020082, 45.229322212074628 ], [ -121.461577663928651, 45.229235516439942 ], [ -121.461331928346169, 45.229283116159586 ], [ -121.461298198635731, 45.229196420463225 ], [ -121.461175330860556, 45.229220220121135 ], [ -121.461141601384227, 45.229133524398961 ], [ -121.461018733668709, 45.22915732391035 ], [ -121.460985004426476, 45.229070628162205 ], [ -121.460862136770615, 45.229094427527173 ], [ -121.460828407762477, 45.229007731753093 ], [ -121.459722596257137, 45.229221920733423 ], [ -121.459688868658176, 45.229135224646996 ], [ -121.458705920342496, 45.229325607037374 ], [ -121.458672194005842, 45.229238910674397 ], [ -121.457934979987598, 45.229381692602672 ], [ -121.457968705442909, 45.229468389180582 ], [ -121.457722966445388, 45.229515982342612 ], [ -121.457689241283845, 45.229429285693101 ], [ -121.457443502231285, 45.229476878340719 ], [ -121.457477227099034, 45.229563575061889 ], [ -121.457231487403845, 45.229611167338291 ], [ -121.457197762829864, 45.229524470545549 ], [ -121.456337672177995, 45.229691039775076 ], [ -121.456371395723707, 45.229777736818491 ], [ -121.455511299770578, 45.229944300874131 ], [ -121.455545022375219, 45.230030998178151 ], [ -121.455299279595707, 45.230078586983595 ], [ -121.455265557284832, 45.229991889607881 ], [ -121.454774071267025, 45.230087065746936 ], [ -121.454740349630967, 45.230000368237974 ], [ -121.454371734642677, 45.230071749072373 ], [ -121.454338013534539, 45.229985051465938 ], [ -121.454092270066795, 45.230032638063754 ], [ -121.454058549339649, 45.229945940395538 ], [ -121.453812805816952, 45.229993526478886 ], [ -121.453779085470771, 45.229906828749037 ], [ -121.453533341893092, 45.229954414317909 ], [ -121.453499621927918, 45.229867716526414 ], [ -121.453131006348144, 45.229939093941951 ], [ -121.453164725872597, 45.230025791840909 ], [ -121.453041853691374, 45.230049584127137 ], [ -121.453008134313819, 45.229962886192418 ], [ -121.45276238998359, 45.230010470361172 ], [ -121.452728670987042, 45.229923772364771 ], [ -121.452605798838036, 45.22994756424724 ], [ -121.452572080075569, 45.229860866224996 ], [ -121.452203463546113, 45.229932241100784 ], [ -121.452169745311551, 45.229845542981025 ], [ -121.451801128438106, 45.229916916753005 ], [ -121.451767410731435, 45.229830218535781 ], [ -121.451521666006997, 45.229877800425257 ], [ -121.45155538341983, 45.229964498714153 ], [ -121.451432510779924, 45.229988289528585 ], [ -121.451398793513974, 45.229901591203934 ], [ -121.451153048266406, 45.229949172429151 ], [ -121.451119331381435, 45.229862474042889 ], [ -121.450873586078899, 45.229910054753638 ], [ -121.450839869574963, 45.229823356305687 ], [ -121.450594124217488, 45.229870936501968 ], [ -121.450627840427615, 45.229957635021513 ], [ -121.450504967471204, 45.22998142498944 ], [ -121.450471251407976, 45.229894726434075 ], [ -121.450348378511279, 45.229918516255417 ], [ -121.450314662682132, 45.22983181767416 ], [ -121.45019178984515, 45.229855607349037 ], [ -121.450158074250112, 45.229768908741988 ], [ -121.450035201472858, 45.22979269827033 ], [ -121.450001486111887, 45.229705999637346 ], [ -121.449878613394347, 45.229729789019181 ], [ -121.449844898267472, 45.229643090360369 ], [ -121.449722025609674, 45.229666879595683 ], [ -121.44968831071688, 45.229580180911022 ], [ -121.449565438118796, 45.229603969999779 ], [ -121.449531723460098, 45.229517271289311 ], [ -121.449408850921728, 45.229541060231575 ], [ -121.449375136497139, 45.229454361495222 ], [ -121.449252264018497, 45.229478150291015 ], [ -121.449218549827975, 45.229391451528755 ], [ -121.448849932309713, 45.229462817144345 ], [ -121.448816218647082, 45.229376118284677 ], [ -121.448693346113529, 45.229399906565966 ], [ -121.448659632685008, 45.22931320768047 ], [ -121.448291015001999, 45.229384571752739 ], [ -121.448257302101382, 45.229297872769685 ], [ -121.448134429512947, 45.229321660536556 ], [ -121.448168142266653, 45.229408359555315 ], [ -121.447676650453488, 45.229503509658826 ], [ -121.447642938287387, 45.229416810496822 ], [ -121.44739719215157, 45.229464384812708 ], [ -121.447430904023832, 45.229551084046285 ], [ -121.447185157245471, 45.229598657990877 ], [ -121.447151445667046, 45.229511958685713 ], [ -121.446414204121254, 45.229654677647552 ], [ -121.446380493511441, 45.229567978137545 ], [ -121.44613474592596, 45.229615550167509 ], [ -121.446101035697154, 45.229528850595862 ], [ -121.445855288056805, 45.22957642211135 ], [ -121.445821578208978, 45.22948972247805 ], [ -121.44569870440499, 45.229513508033882 ], [ -121.445664994791258, 45.229426808374733 ], [ -121.445542121046984, 45.229450593784115 ], [ -121.445508411667333, 45.229363894099066 ], [ -121.445385537982801, 45.229387679361906 ], [ -121.445351828837246, 45.229300979651079 ], [ -121.445228955212471, 45.229324764767412 ], [ -121.445195246300997, 45.2292380650307 ], [ -121.44507237273595, 45.229261850000498 ], [ -121.445038664058544, 45.22917515023795 ], [ -121.444915790553253, 45.229198935061291 ], [ -121.444882082109928, 45.229112235272822 ], [ -121.444759208664379, 45.229136019949642 ], [ -121.444725500455149, 45.22904932013541 ], [ -121.444602627069344, 45.229073104665716 ], [ -121.444568919094166, 45.228986404825598 ], [ -121.444446045768132, 45.229010189209355 ], [ -121.44441233802705, 45.22892348934343 ], [ -121.44392084443885, 45.229018625628257 ], [ -121.443887137372585, 45.228931925629077 ], [ -121.443764263904541, 45.228955709387691 ], [ -121.443730557072342, 45.228869009362704 ], [ -121.443361936585987, 45.22894035986689 ], [ -121.443328230281708, 45.228853659744388 ], [ -121.443205356758824, 45.228877442988569 ], [ -121.443171650688612, 45.228790742840282 ], [ -121.443048777225499, 45.228814525937914 ], [ -121.443015071389397, 45.228727825763762 ], [ -121.442892197986026, 45.228751608714894 ], [ -121.442858492383991, 45.228664908514887 ], [ -121.442735619040363, 45.228688691319569 ], [ -121.442701913672394, 45.228601991093711 ], [ -121.442579040388566, 45.228625773751844 ], [ -121.44254533525465, 45.228539073500194 ], [ -121.442176715320898, 45.228610420702935 ], [ -121.442143010714915, 45.228523720353799 ], [ -121.441651516837382, 45.228618848264254 ], [ -121.441617812906202, 45.228532147781934 ], [ -121.441003444332907, 45.228651054999951 ], [ -121.440969741223455, 45.228564354348563 ], [ -121.440846867394242, 45.228588135424246 ], [ -121.440813164518886, 45.228501434747081 ], [ -121.440690290749444, 45.228525215676228 ], [ -121.440656588108155, 45.228438514973163 ], [ -121.440533714398484, 45.228462295755882 ], [ -121.440500011991247, 45.228375595026996 ], [ -121.440377138341319, 45.228399375663138 ], [ -121.440343436168178, 45.228312674908423 ], [ -121.440220562578048, 45.228336455398065 ], [ -121.44018686063896, 45.228249754617522 ], [ -121.440063987108573, 45.228273534960636 ], [ -121.440030285403552, 45.228186834154258 ], [ -121.439907411932964, 45.228210614350914 ], [ -121.43987371046201, 45.228123913518694 ], [ -121.439750837051164, 45.228147693568765 ], [ -121.439717135814263, 45.228060992710752 ], [ -121.439594262463217, 45.228084772614352 ], [ -121.439560561460382, 45.227998071730426 ], [ -121.439437688169107, 45.228021851487497 ], [ -121.43940398740034, 45.2279351505778 ], [ -121.439281114168821, 45.227958930188414 ], [ -121.439247413634121, 45.22787222925286 ], [ -121.439124540462373, 45.227896008716954 ], [ -121.439090840161754, 45.227809307755557 ], [ -121.438967967049777, 45.227833087073158 ], [ -121.438934266983196, 45.227746386085876 ], [ -121.43881139393099, 45.227770165256977 ], [ -121.438777694098505, 45.227683464243903 ], [ -121.43865482110607, 45.227707243268483 ], [ -121.438621121507623, 45.227620542229545 ], [ -121.438498248574973, 45.227644321107597 ], [ -121.438464549210579, 45.227557620042887 ], [ -121.438341676337714, 45.227581398774454 ], [ -121.438307977207387, 45.227494697683845 ], [ -121.438185104394279, 45.227518476268934 ], [ -121.438151405498019, 45.227431775152517 ], [ -121.43802853274471, 45.227455553591035 ], [ -121.437994834082488, 45.227368852448812 ], [ -121.437871961388936, 45.22739263074088 ], [ -121.43783826296081, 45.227305929572779 ], [ -121.437715390327028, 45.227329707718326 ], [ -121.437681692132941, 45.227243006524418 ], [ -121.437558819558959, 45.227266784523444 ], [ -121.437525121598924, 45.227180083303686 ], [ -121.437402249084712, 45.227203861156255 ], [ -121.437368551358745, 45.227117159910655 ], [ -121.437245678904304, 45.227140937616753 ], [ -121.437211981412403, 45.22705423634531 ], [ -121.437089109017748, 45.227078013904844 ], [ -121.437055411759886, 45.226991312607574 ], [ -121.436932539425015, 45.227015090020608 ], [ -121.436898842401234, 45.226928388697516 ], [ -121.436775970126121, 45.226952165964072 ], [ -121.436742273336378, 45.22686546461513 ], [ -121.436619401121064, 45.226889241735179 ], [ -121.436585704565388, 45.226802540360403 ], [ -121.436462832409845, 45.226826317333966 ], [ -121.436429136088236, 45.226739615933333 ], [ -121.436306263992478, 45.226763392760382 ], [ -121.436272567904879, 45.226676691333964 ], [ -121.43614969586892, 45.226700468014513 ], [ -121.436116000015389, 45.226613766562267 ], [ -121.435993128039215, 45.226637543096295 ], [ -121.43595943241975, 45.226550841618213 ], [ -121.436082304248998, 45.226527065119932 ], [ -121.43604860856972, 45.22644036368758 ], [ -121.435925736887398, 45.226464140150021 ], [ -121.435892041442159, 45.226377438691841 ], [ -121.436014912977598, 45.226353662265105 ], [ -121.435981217472573, 45.226266960852627 ], [ -121.435858346084075, 45.226290737243552 ], [ -121.435790955629301, 45.226117334376873 ], [ -121.435668084447514, 45.226141110585523 ], [ -121.435634389497736, 45.226054409131343 ], [ -121.435511518375719, 45.226078185193465 ], [ -121.435444129031396, 45.225904782243362 ], [ -121.435566999859574, 45.225881006252749 ], [ -121.435533305171191, 45.225794304828405 ], [ -121.435410434489924, 45.225818080783263 ], [ -121.435376740035579, 45.225731379332991 ], [ -121.435253869414097, 45.225755155141378 ], [ -121.435152787014616, 45.22549505074312 ], [ -121.435275657195334, 45.225471275042111 ], [ -121.434938720057744, 45.224604261385501 ], [ -121.43481585134613, 45.224628036728696 ], [ -121.434748465257954, 45.224454634045166 ], [ -121.434871333675716, 45.224430858773516 ], [ -121.434837640615413, 45.224344157482427 ], [ -121.434714772344549, 45.224367932718323 ], [ -121.434647386779062, 45.224194530094401 ], [ -121.434770254756131, 45.224170754930064 ], [ -121.434736561957166, 45.224084053668811 ], [ -121.434613694127023, 45.224107828797344 ], [ -121.434580001562111, 45.224021127510305 ], [ -121.434702869245342, 45.223997352417491 ], [ -121.434669176620616, 45.223910651176134 ], [ -121.434546309084311, 45.223934426233093 ], [ -121.434512616693638, 45.223847724965928 ], [ -121.434389749217118, 45.223871499876402 ], [ -121.434356057060455, 45.22378479858336 ], [ -121.434233189643706, 45.223808573347355 ], [ -121.434199497721096, 45.223721872028442 ], [ -121.434076630364146, 45.223745646645973 ], [ -121.43404293867556, 45.223658945301288 ], [ -121.433920071378395, 45.223682719772341 ], [ -121.43388637992382, 45.223596018401757 ], [ -121.433763512686454, 45.223619792726296 ], [ -121.433729821465917, 45.223533091329934 ], [ -121.433606954288351, 45.223556865507952 ], [ -121.433573263301824, 45.223470164085754 ], [ -121.433450396184043, 45.223493938117329 ], [ -121.433416705431554, 45.223407236669225 ], [ -121.433293838373572, 45.223431010554371 ], [ -121.433260147855094, 45.223344309080439 ], [ -121.433137280856911, 45.223368082819043 ], [ -121.433103590572472, 45.223281381319325 ], [ -121.43298072363406, 45.223305154911422 ], [ -121.432947033583659, 45.223218453385869 ], [ -121.432824166705061, 45.223242226831481 ], [ -121.43279047688867, 45.223155525280077 ], [ -121.432667610069842, 45.223179298579204 ], [ -121.432633920487461, 45.223092597001958 ], [ -121.432511053728462, 45.223116370154592 ], [ -121.432477364380119, 45.223029668551625 ], [ -121.432354497680905, 45.223053441557781 ], [ -121.432320808566587, 45.222966739928857 ], [ -121.432197941927129, 45.222990512788577 ], [ -121.432164253046849, 45.22290381113379 ], [ -121.431918519800476, 45.222951356449485 ], [ -121.431884831301119, 45.222864654733165 ], [ -121.431761964694161, 45.222888427189133 ], [ -121.431728276428814, 45.222801725447034 ], [ -121.431605409881683, 45.222825497756531 ], [ -121.431571721850347, 45.222738795988533 ], [ -121.431325988788572, 45.222786340203847 ], [ -121.431292301138171, 45.222699638374252 ], [ -121.43104656802177, 45.222747182075182 ], [ -121.431012880752291, 45.22266048018399 ], [ -121.430767147581278, 45.222708023370494 ], [ -121.430800834556919, 45.222794725333209 ], [ -121.430677967693853, 45.222818496796187 ], [ -121.430644280865124, 45.222731794797696 ], [ -121.430398547171464, 45.222779337319921 ], [ -121.430364860723657, 45.222692635259889 ], [ -121.430241993893077, 45.222716406319115 ], [ -121.430208307679294, 45.222629704233185 ], [ -121.430085440908528, 45.222653475145997 ], [ -121.430051754928755, 45.222566773034231 ], [ -121.429928888217773, 45.222590543800564 ], [ -121.429962574050663, 45.222677245948084 ], [ -121.429839707105671, 45.222701016639412 ], [ -121.429806021419736, 45.222614314456138 ], [ -121.429683154534573, 45.22263808500103 ], [ -121.429649469082619, 45.222551382791941 ], [ -121.429403735344806, 45.222598923477975 ], [ -121.429437420502936, 45.222685625758643 ], [ -121.429191686122877, 45.222733166073354 ], [ -121.429225371074267, 45.222819868435508 ], [ -121.429102503606671, 45.222843638462521 ], [ -121.429136188498262, 45.22293034087037 ], [ -121.428644717169234, 45.223025420014565 ], [ -121.428678401560234, 45.22311212257538 ], [ -121.428064059704596, 45.223230969193303 ], [ -121.42803037604817, 45.223144266453566 ], [ -121.42766177033036, 45.223215572988416 ], [ -121.427628087201768, 45.223128870151442 ], [ -121.427382349914907, 45.223176407216179 ], [ -121.427348667167266, 45.223089704317552 ], [ -121.427225798540107, 45.223113472648116 ], [ -121.427192116026475, 45.223026769723681 ], [ -121.426946378804715, 45.223074305981065 ], [ -121.426912696672034, 45.222987602995047 ], [ -121.426666959395718, 45.223035138738069 ], [ -121.426633277643944, 45.222948435690462 ], [ -121.426510409022072, 45.222972203360108 ], [ -121.426476727504337, 45.222885500286665 ], [ -121.426353858942292, 45.222909267809889 ], [ -121.426320177658539, 45.222822564710619 ], [ -121.426197309156336, 45.222846332087322 ], [ -121.426163628106593, 45.222759628962237 ], [ -121.426286496461913, 45.222735861621274 ], [ -121.426219134329926, 45.222562455472534 ], [ -121.426342002304295, 45.222538688092385 ], [ -121.42630832122201, 45.222451985068659 ], [ -121.426431188962397, 45.222428217613626 ], [ -121.426397507820298, 45.222341514635609 ], [ -121.426520375326632, 45.222317747105564 ], [ -121.426486694124719, 45.222231044173299 ], [ -121.426609561397072, 45.222207276568277 ], [ -121.426575880135303, 45.222120573681707 ], [ -121.426698747173646, 45.222096806001751 ], [ -121.426665065852077, 45.222010103160869 ], [ -121.42678793265641, 45.221986335406015 ], [ -121.426754251275014, 45.221899632610842 ], [ -121.426877117845351, 45.221875864780991 ], [ -121.426843436404127, 45.221789162031513 ], [ -121.426966302740453, 45.221765394126699 ], [ -121.426932621239388, 45.221678691422916 ], [ -121.427055487341704, 45.221654923443197 ], [ -121.427021805780839, 45.22156822078508 ], [ -121.427144671649145, 45.22154445273037 ], [ -121.427110990028453, 45.221457750118006 ], [ -121.426988124307073, 45.221481518136947 ], [ -121.426887080408306, 45.221221410252191 ], [ -121.426764215040535, 45.221245178053131 ], [ -121.426730534062045, 45.221158475408991 ], [ -121.42660766875413, 45.221182243063467 ], [ -121.426573988009636, 45.22109554039347 ], [ -121.42645112276152, 45.221119307901489 ], [ -121.426417442251022, 45.221032605205679 ], [ -121.42629457706272, 45.221056372567197 ], [ -121.426260896786246, 45.220969669845594 ], [ -121.426138031657786, 45.220993437060592 ], [ -121.426104351615294, 45.220906734313132 ], [ -121.425981486546647, 45.220930501381666 ], [ -121.425947806738165, 45.220843798608392 ], [ -121.425824941729317, 45.220867565530511 ], [ -121.425791262154831, 45.220780862731424 ], [ -121.425668397205854, 45.220804629507036 ], [ -121.42563471786535, 45.220717926682148 ], [ -121.42575758266743, 45.220694159942298 ], [ -121.425723903267112, 45.220607457163055 ], [ -121.425601038611944, 45.220631223867152 ], [ -121.425567359445608, 45.220544521062081 ], [ -121.425444494850268, 45.220568287619692 ], [ -121.425410815917942, 45.220481584788928 ], [ -121.425287951382415, 45.220505351199996 ], [ -121.425220594072812, 45.220331945496618 ], [ -121.425097729744053, 45.220355711725489 ], [ -121.424996694873499, 45.220095603137636 ], [ -121.424873830898392, 45.220119369148556 ], [ -121.424840152929292, 45.220032666269987 ], [ -121.424717289013984, 45.220056432134463 ], [ -121.424683611278866, 45.219969729230094 ], [ -121.424560747423399, 45.219993494948099 ], [ -121.424527069922277, 45.219906792017937 ], [ -121.424404206126653, 45.219930557589457 ], [ -121.424370528859512, 45.219843854633481 ], [ -121.424247665123701, 45.219867620058459 ], [ -121.424213988090557, 45.219780917076683 ], [ -121.424091124414588, 45.219804682355225 ], [ -121.424057447615425, 45.219717979347593 ], [ -121.423934583999298, 45.219741744479705 ], [ -121.423867230956034, 45.219568338422725 ], [ -121.423744367546632, 45.219592103372605 ], [ -121.423710691302531, 45.219505400323285 ], [ -121.423587827952971, 45.219529165126666 ], [ -121.423554151942838, 45.219442462051497 ], [ -121.423431288653134, 45.21946622670842 ], [ -121.423397612876983, 45.219379523607479 ], [ -121.423274749647092, 45.219403288117896 ], [ -121.423207398649879, 45.219229881874305 ], [ -121.422838809319188, 45.219301174526741 ], [ -121.422805134391922, 45.219214471312597 ], [ -121.422682271254473, 45.219238235272883 ], [ -121.42264859656116, 45.219151532032932 ], [ -121.422525733483553, 45.219175295846753 ], [ -121.422492059024236, 45.21908859258096 ], [ -121.422369196006471, 45.219112356248303 ], [ -121.422335521781136, 45.219025652956695 ], [ -121.422212658823199, 45.21904941647756 ], [ -121.422178984831859, 45.21896271316016 ], [ -121.42205612193375, 45.218986476534582 ], [ -121.422022448176392, 45.21889977319131 ], [ -121.421899585338124, 45.218923536419283 ], [ -121.421865911814749, 45.218836833050212 ], [ -121.421743049036323, 45.218860596131734 ], [ -121.421642029429321, 45.218600485976864 ], [ -121.421887754017646, 45.218552959917623 ] ] ] ] } },
{ "type": "Feature", "properties": { "asset": null, "area_km2": null, "area_acres": null, "objectid": 46543.0, "task_id": null, "basis": null, "tnmid": "{90D9255C-CDDE-4447-B728-D8F66CA6E0B4}", "metasourceid": "{511D2AC8-11BA-45FC-AB98-F69D693D4C44}", "sourcedatadesc": "Watershed Boundary Dataset (WBD)", "sourceoriginator": "Natural Resources and Conservation Service and U.S. Geological Survey", "sourcefeatureid": null, "loaddate": 1723704945000.0, "referencegnis_ids": "1137396", "areaacres": 16635.32, "areasqkm": 67.32, "states": "OR", "huc12": "170703060801", "name": "Upper Badger Creek", "hutype": "S", "humod": "GC,TF", "tohuc": "170703060804", "noncontributingareaacres": 0.0, "noncontributingareasqkm": 0.0, "globalid": "{AF501220-E29C-11E2-8094-0021280458E6}", "shape_Length": 77852.118686474016, "shape_Area": 136030063.28597575, "status": "included per principal direction", "reason": "Kylin confirmed Badger Creek belongs in the operational watershed coverage on 2026-08-12", "component": "Upper Badger Creek HUC12", "area_acres_equal_area": 16635.324645523935 }, "geometry": { "type": "Polygon", "coordinates": [ [ [ -121.524078390029985, 45.342407523044251 ], [ -121.524779048103838, 45.3424165867537 ], [ -121.524985588753964, 45.342403335616304 ], [ -121.525007754683585, 45.342400759514511 ], [ -121.525761649616115, 45.342338151996771 ], [ -121.526532325078151, 45.342287814383461 ], [ -121.526763681687996, 45.342266686513845 ], [ -121.527054078273267, 45.342276461201052 ], [ -121.527379437289383, 45.342256542456475 ], [ -121.527593389040604, 45.342247243840873 ], [ -121.527841996897166, 45.342220308343542 ], [ -121.528116707100949, 45.342175621655976 ], [ -121.528278137052453, 45.342144910350527 ], [ -121.528443160265098, 45.342113515221449 ], [ -121.52878826155623, 45.341991363044471 ], [ -121.529077186701045, 45.34189011510513 ], [ -121.52973470228504, 45.341818869416663 ], [ -121.530304281785902, 45.341650819098042 ], [ -121.530674571837594, 45.341320754502838 ], [ -121.530933086315088, 45.340941416261437 ], [ -121.531258989710281, 45.340578888874937 ], [ -121.531683089745798, 45.340353155919274 ], [ -121.532298265933832, 45.340169736851145 ], [ -121.532819326527871, 45.34012860535011 ], [ -121.534204986836784, 45.33987536254633 ], [ -121.534772069021145, 45.339802925977885 ], [ -121.53569870818616, 45.339814823945865 ], [ -121.536412284932112, 45.339736372955954 ], [ -121.537093391173769, 45.339649358428836 ], [ -121.537662520618667, 45.339497209286236 ], [ -121.538188086263844, 45.339280723764979 ], [ -121.538831163226305, 45.338890348235381 ], [ -121.53945071510806, 45.338428248372821 ], [ -121.54039546071597, 45.337842091794876 ], [ -121.541227907031868, 45.337119292881439 ], [ -121.541878307060514, 45.336441993736315 ], [ -121.542492181589694, 45.336306339959322 ], [ -121.543048532499668, 45.336209805223817 ], [ -121.543591331425276, 45.336200792932473 ], [ -121.5445220022293, 45.336053225929454 ], [ -121.545680703181674, 45.335828837013686 ], [ -121.546179118145702, 45.335787355681589 ], [ -121.5464605836804, 45.335746284144214 ], [ -121.547540388296326, 45.335597418279008 ], [ -121.547747452664268, 45.335456553442185 ], [ -121.547823401628264, 45.335138629538697 ], [ -121.547881643899714, 45.334629146606055 ], [ -121.547755018275595, 45.334276755867407 ], [ -121.54783463685753, 45.333815376777665 ], [ -121.548201106374322, 45.333628707695873 ], [ -121.548871228915019, 45.333501706263739 ], [ -121.549310375731537, 45.333124621879499 ], [ -121.549684568963158, 45.332635100431112 ], [ -121.55014996455229, 45.332114846006981 ], [ -121.550520483674376, 45.331768776255693 ], [ -121.550917256958954, 45.331279535482459 ], [ -121.550946362374177, 45.331024792386636 ], [ -121.551066265006725, 45.330755258407315 ], [ -121.551508219956816, 45.330266590520843 ], [ -121.551977235756553, 45.329602875947835 ], [ -121.552027713889004, 45.329396234977956 ], [ -121.552349352981537, 45.32919303959423 ], [ -121.552917933555776, 45.329056753958362 ], [ -121.553510323078328, 45.328872930737695 ], [ -121.554135996978772, 45.32871344560499 ], [ -121.555034309567944, 45.328297874614243 ], [ -121.555964813285328, 45.327907495368478 ], [ -121.556469632339002, 45.327610937793523 ], [ -121.556879606366692, 45.327488569913513 ], [ -121.557478040652754, 45.327065635321382 ], [ -121.558170491718187, 45.326500385628471 ], [ -121.558622124218843, 45.325931816388852 ], [ -121.558915885893185, 45.325562208206755 ], [ -121.559501310777293, 45.324827076702071 ], [ -121.559863898673754, 45.32345244988592 ], [ -121.559922491288162, 45.321141227408773 ], [ -121.560096808470732, 45.320505646616006 ], [ -121.560382875176316, 45.319919307692281 ], [ -121.56043404590983, 45.319449139045084 ], [ -121.560545305851051, 45.318414596245383 ], [ -121.560688937481814, 45.318097515970706 ], [ -121.561613627302663, 45.317280062819741 ], [ -121.562303496609971, 45.316810420572999 ], [ -121.563401220819173, 45.316298079252135 ], [ -121.563863131843334, 45.315905281312929 ], [ -121.564294238738057, 45.31568335578001 ], [ -121.56472179908404, 45.315461667528069 ], [ -121.565389030846163, 45.31499172278567 ], [ -121.565992902634676, 45.314345587252944 ], [ -121.566235348946691, 45.31405248490865 ], [ -121.566390443080493, 45.313873255477752 ], [ -121.566737531445057, 45.313493938689625 ], [ -121.567288956892298, 45.313134139000454 ], [ -121.568023644047429, 45.312761190769258 ], [ -121.568296202786087, 45.312620614062268 ], [ -121.569123108293311, 45.312088872803599 ], [ -121.569359045412796, 45.311693216757362 ], [ -121.569860442783593, 45.311524114267534 ], [ -121.570443508691795, 45.311252392636007 ], [ -121.570606048062658, 45.311079037175553 ], [ -121.57063425067102, 45.31085616849343 ], [ -121.570777005546063, 45.31057095322052 ], [ -121.571028700912279, 45.310446550929299 ], [ -121.571573256942571, 45.310357701639482 ], [ -121.571914506257741, 45.310266308129876 ], [ -121.572973363059546, 45.30982322636909 ], [ -121.57365012325188, 45.309538625658654 ], [ -121.574221656588463, 45.309274713255292 ], [ -121.575131622123493, 45.309030968869891 ], [ -121.575587001497226, 45.308893154490448 ], [ -121.575942525940576, 45.308682342191815 ], [ -121.57624656613838, 45.308271576139418 ], [ -121.576415469174734, 45.307843180372906 ], [ -121.576437462627837, 45.306965116783097 ], [ -121.576496978710338, 45.30639323862566 ], [ -121.576871162060499, 45.305887679056724 ], [ -121.57703606130562, 45.305618676871525 ], [ -121.577278298310191, 45.304967969442423 ], [ -121.577453964762327, 45.304268598535295 ], [ -121.577322905053947, 45.303637150840451 ], [ -121.577286112754862, 45.303301856162129 ], [ -121.577298877815053, 45.302791787388841 ], [ -121.577806954159968, 45.30235167373327 ], [ -121.578288447558975, 45.302070671789302 ], [ -121.57888645694193, 45.301647618224948 ], [ -121.579304163667572, 45.301206372245879 ], [ -121.57985658444818, 45.30079869110677 ], [ -121.580389995979047, 45.300247268113729 ], [ -121.580763307065055, 45.29977357342689 ], [ -121.580988413197133, 45.299353840930557 ], [ -121.581204810162589, 45.298830361566701 ], [ -121.581376031750679, 45.298306317516165 ], [ -121.581388363822896, 45.297812187575481 ], [ -121.581463277029371, 45.297526114901579 ], [ -121.581742246145907, 45.297210690872511 ], [ -121.58197962146815, 45.296751248744201 ], [ -121.582315279669032, 45.295974131859388 ], [ -121.582574831700697, 45.295530909316213 ], [ -121.582879975029655, 45.294617883074707 ], [ -121.582935870003269, 45.294188071599805 ], [ -121.582925600462929, 45.293693659947365 ], [ -121.583156656137163, 45.293222444613264 ], [ -121.582741701849557, 45.29320262805534 ], [ -121.581531671161855, 45.29308244381339 ], [ -121.580812082890006, 45.292923284503019 ], [ -121.580223894788077, 45.292615546587975 ], [ -121.579694661321597, 45.292503812219998 ], [ -121.579167867679416, 45.292294469571544 ], [ -121.577874267619137, 45.292113120637218 ], [ -121.577454042017422, 45.291897588389816 ], [ -121.57700991583927, 45.291786904191689 ], [ -121.57622277515641, 45.291777083505451 ], [ -121.575392335676824, 45.291796756474291 ], [ -121.574838081434763, 45.291834895977509 ], [ -121.574095372324123, 45.291750510767621 ], [ -121.572969165232237, 45.291683854521672 ], [ -121.571861033142113, 45.291745090428044 ], [ -121.571329182883218, 45.291738432073913 ], [ -121.57047973325561, 45.291667707235732 ], [ -121.569777691776238, 45.291658908413304 ], [ -121.569055699612719, 45.291597279332343 ], [ -121.568569424481439, 45.291471012182953 ], [ -121.567485591819775, 45.291412344922108 ], [ -121.566701487442572, 45.291282328530805 ], [ -121.565025783586307, 45.291065989892559 ], [ -121.564239416352891, 45.291026054444906 ], [ -121.56298483910858, 45.290987725438555 ], [ -121.561646117569879, 45.290910770321496 ], [ -121.56102918427716, 45.290902990119854 ], [ -121.558514524912425, 45.291043983437007 ], [ -121.558089814022509, 45.291008572882184 ], [ -121.55723734605553, 45.291057877928019 ], [ -121.55653493447025, 45.291064014987001 ], [ -121.556002332321469, 45.29108731570836 ], [ -121.555404382227323, 45.291169869828039 ], [ -121.554821981072422, 45.291477931570128 ], [ -121.554245298592647, 45.291560750546211 ], [ -121.553784914704465, 45.291254496049575 ], [ -121.553496439615614, 45.290882827694858 ], [ -121.552778232952662, 45.28983727820949 ], [ -121.55245429956291, 45.289187269385728 ], [ -121.552019799731355, 45.288701086967237 ], [ -121.551666576771723, 45.288366144467389 ], [ -121.551103311529019, 45.287923385132004 ], [ -121.550646034015116, 45.287496991389887 ], [ -121.550423135941983, 45.287058552673095 ], [ -121.550219571410381, 45.285861804313022 ], [ -121.549908153349165, 45.285557429674839 ], [ -121.54965595941799, 45.285434055797175 ], [ -121.549537137458714, 45.285087066354741 ], [ -121.549543646651259, 45.284831791972692 ], [ -121.549813831142643, 45.284249414132553 ], [ -121.549721641536593, 45.283692467881181 ], [ -121.549460820185431, 45.283073295061698 ], [ -121.54913312824452, 45.282573436725571 ], [ -121.549044394457383, 45.281881347279622 ], [ -121.548806964337899, 45.281179854155894 ], [ -121.54856321906199, 45.280726127047792 ], [ -121.547979931269921, 45.280238035886988 ], [ -121.547608963888464, 45.27976766386 ], [ -121.547263487999871, 45.279132386478345 ], [ -121.54688754844338, 45.278857221381045 ], [ -121.546233581204746, 45.278638597058318 ], [ -121.545564876205546, 45.278164425412044 ], [ -121.545220585194841, 45.277484093998936 ], [ -121.544827045845281, 45.277065999353617 ], [ -121.544651378494819, 45.276447901537075 ], [ -121.544669812822761, 45.275727131748368 ], [ -121.54475204909545, 45.275007176494398 ], [ -121.54474959849135, 45.274271121187446 ], [ -121.54459251908078, 45.273758405505809 ], [ -121.544477591318284, 45.273261249173494 ], [ -121.544067811326698, 45.2726476710572 ], [ -121.543776994329875, 45.272373582721762 ], [ -121.54333347271789, 45.272247753237743 ], [ -121.543011785116349, 45.27234879122328 ], [ -121.542235419725316, 45.272759459710208 ], [ -121.541290448640268, 45.273107883081828 ], [ -121.540349703230333, 45.273291122270557 ], [ -121.539262009609573, 45.273397367451707 ], [ -121.538090209423757, 45.273464972573244 ], [ -121.537084104390374, 45.273707429155941 ], [ -121.536315787904286, 45.273802721982612 ], [ -121.533444746205106, 45.273765849219849 ], [ -121.530991100414454, 45.274042209133924 ], [ -121.529666336000332, 45.274265476658414 ], [ -121.528788173521306, 45.274494489588179 ], [ -121.527712965584698, 45.274938756472878 ], [ -121.526919854698477, 45.275168852081883 ], [ -121.526229574861105, 45.275535460687287 ], [ -121.525496750811882, 45.275901512538617 ], [ -121.525042345211915, 45.276196056809589 ], [ -121.524141698799625, 45.276469806824913 ], [ -121.522815100025724, 45.276760564853305 ], [ -121.520385867749582, 45.276909334988979 ], [ -121.519406758887101, 45.27692667487554 ], [ -121.518379638665991, 45.277153672598246 ], [ -121.517629974798439, 45.277346715588742 ], [ -121.516967140289651, 45.277473291048473 ], [ -121.515858846502795, 45.277549003315663 ], [ -121.514832485358085, 45.277745936912943 ], [ -121.513533551101659, 45.27778910361431 ], [ -121.512401035141494, 45.277977123549114 ], [ -121.511207651134313, 45.2780516809025 ], [ -121.509094612363469, 45.27830948326676 ], [ -121.507326380236293, 45.278399018685171 ], [ -121.506327156297985, 45.278370918820471 ], [ -121.504709576135539, 45.278394791127376 ], [ -121.503857653445962, 45.278428683641771 ], [ -121.50277059583243, 45.278504547604719 ], [ -121.501958243032831, 45.278651602683624 ], [ -121.501364310204607, 45.278583717395577 ], [ -121.500457291143704, 45.278286401696278 ], [ -121.499998100218221, 45.277949904012914 ], [ -121.499641689137675, 45.277749945806278 ], [ -121.498774064795256, 45.277573300753041 ], [ -121.497648452388034, 45.277498398897322 ], [ -121.496392663316385, 45.277519406168224 ], [ -121.495603769122098, 45.277584108741408 ], [ -121.494829390804455, 45.277904353722974 ], [ -121.493413782460607, 45.278336295550588 ], [ -121.493008097888392, 45.278391020585467 ], [ -121.492626863661613, 45.278325899210252 ], [ -121.492272069548576, 45.278065856074321 ], [ -121.491811932697104, 45.277766864445404 ], [ -121.491221610198039, 45.277563787976995 ], [ -121.490291803573328, 45.277326171599924 ], [ -121.48957109420401, 45.277226505967342 ], [ -121.488318299217212, 45.277134808095624 ], [ -121.487024570697855, 45.276982467667644 ], [ -121.485583175315469, 45.276783090771033 ], [ -121.485093825250956, 45.276784103441514 ], [ -121.482100327907176, 45.276549038242976 ], [ -121.48069187823782, 45.276710541291166 ], [ -121.479434898000122, 45.276776407903952 ], [ -121.478603063436921, 45.276855441669944 ], [ -121.477535275584557, 45.277006425895728 ], [ -121.476830034306133, 45.277124689670195 ], [ -121.47623414315062, 45.277131752403385 ], [ -121.475661530039048, 45.27706401890358 ], [ -121.475139904404713, 45.276681525266028 ], [ -121.474873087697333, 45.276317456393876 ], [ -121.474562127776892, 45.276012878203588 ], [ -121.473738352898437, 45.275791567705639 ], [ -121.472701511109307, 45.275582418763221 ], [ -121.471648855377893, 45.275170266194444 ], [ -121.470846772118591, 45.27493420373245 ], [ -121.46936295739016, 45.274734051574889 ], [ -121.468456580624689, 45.274421468123222 ], [ -121.467293803117542, 45.274150496676505 ], [ -121.466237572091316, 45.27387343306205 ], [ -121.465560293571045, 45.273744157191402 ], [ -121.46496889219533, 45.273585990483333 ], [ -121.464739017805726, 45.273432689750166 ], [ -121.464492737484051, 45.273098912591131 ], [ -121.464039070299251, 45.272567073117372 ], [ -121.46318420562713, 45.271924680187617 ], [ -121.462792735097651, 45.271453754989913 ], [ -121.462485111520181, 45.271029024038654 ], [ -121.462172221120213, 45.270799492000137 ], [ -121.461101917086737, 45.270259325114864 ], [ -121.460473924634528, 45.269882837718157 ], [ -121.460095628797035, 45.269712502264611 ], [ -121.459358277238806, 45.269447190011284 ], [ -121.458621747639043, 45.269151843204263 ], [ -121.458030008496763, 45.269008657954686 ], [ -121.456882145718296, 45.268978113719164 ], [ -121.456389811450407, 45.269091620372663 ], [ -121.455131755929287, 45.269202268562722 ], [ -121.45347477296356, 45.26911973305112 ], [ -121.452859336264098, 45.269066326094176 ], [ -121.452013257115425, 45.268889616709494 ], [ -121.451616997667188, 45.268598840481303 ], [ -121.451159810883112, 45.268202089394954 ], [ -121.450699974068954, 45.267902936420207 ], [ -121.449640465090255, 45.266972261632176 ], [ -121.449021788167556, 45.266257869090346 ], [ -121.448648462708519, 45.265907309654388 ], [ -121.447739064010435, 45.265714685501358 ], [ -121.446234314942615, 45.265513949503379 ], [ -121.444594069387236, 45.264823160558493 ], [ -121.443812689600293, 45.264617233046408 ], [ -121.443010876733894, 45.264380976842375 ], [ -121.442401659071137, 45.26410228169896 ], [ -121.441621121005596, 45.263866306610055 ], [ -121.44028880355657, 45.263585232214943 ], [ -121.438189214362126, 45.263361233492304 ], [ -121.437663434019612, 45.26314373942364 ], [ -121.436949597660544, 45.262803499243326 ], [ -121.436467586831938, 45.262541536802786 ], [ -121.435457548974227, 45.262144652961474 ], [ -121.434633717501896, 45.261938079645425 ], [ -121.434104661003502, 45.261840691072827 ], [ -121.433577257405261, 45.26168323983255 ], [ -121.433475493554937, 45.261516612866437 ], [ -121.433612561195929, 45.261173012994789 ], [ -121.433491191614522, 45.26094603039062 ], [ -121.433133058463582, 45.260820943193195 ], [ -121.431552718859564, 45.261054581930679 ], [ -121.430828395567872, 45.261097195416262 ], [ -121.43029769874579, 45.261059851552716 ], [ -121.429811177476111, 45.260963029915949 ], [ -121.429521392643537, 45.260673641468337 ], [ -121.42891559846035, 45.260274754048844 ], [ -121.427499423279556, 45.259954820590096 ], [ -121.426951627026057, 45.259767017269837 ], [ -121.425878753810835, 45.259339140322496 ], [ -121.424934081864805, 45.258890490702896 ], [ -121.424286650768181, 45.258460960555212 ], [ -121.423590889410974, 45.258241054957004 ], [ -121.422681288591917, 45.25806325144378 ], [ -121.421113265788776, 45.25785379498501 ], [ -121.420134903426302, 45.257855270233591 ], [ -121.419240744647013, 45.257887946378958 ], [ -121.418136074664048, 45.257842589291513 ], [ -121.417076428243078, 45.257707724319076 ], [ -121.415856942787016, 45.257202612221768 ], [ -121.415186667532708, 45.256832797428274 ], [ -121.414689280241362, 45.256642640280674 ], [ -121.414571961163588, 45.256597787449103 ], [ -121.414518930019085, 45.256582895517099 ], [ -121.413687948855411, 45.256349543807119 ], [ -121.412852286570782, 45.256163258237557 ], [ -121.411352082080001, 45.255862921908161 ], [ -121.410537260709958, 45.255816649439467 ], [ -121.409650228265804, 45.255699495960101 ], [ -121.408856716730938, 45.255775776679911 ], [ -121.407791270786518, 45.255848259963201 ], [ -121.406971570666173, 45.255976564184252 ], [ -121.402749164539003, 45.255742907080659 ], [ -121.401246576817755, 45.255529740827022 ], [ -121.400116285086256, 45.255269368748159 ], [ -121.394690904537924, 45.253848254504987 ], [ -121.390117163709874, 45.25292797100731 ], [ -121.389632642988317, 45.252571795774621 ], [ -121.389022557552991, 45.252283715370275 ], [ -121.388044656026281, 45.251885638570023 ], [ -121.386840837188785, 45.251606631656614 ], [ -121.386174907983829, 45.251544819305778 ], [ -121.385358193863482, 45.251568206454657 ], [ -121.383631337240004, 45.251421504916344 ], [ -121.381886218765075, 45.251047445646336 ], [ -121.380653264867959, 45.250925164178639 ], [ -121.37934715127578, 45.250766895940721 ], [ -121.378354933298368, 45.250875078004043 ], [ -121.377220368281058, 45.250771625167175 ], [ -121.376505024548948, 45.250709053004442 ], [ -121.375987428756972, 45.250649291879597 ], [ -121.375218669401448, 45.25072569068876 ], [ -121.37474851992782, 45.250736467741717 ], [ -121.37381270896374, 45.250600871257319 ], [ -121.372950557158006, 45.250483789232817 ], [ -121.371891164960303, 45.250346419462623 ], [ -121.371252982917852, 45.250180113385767 ], [ -121.370324179711304, 45.24980004987696 ], [ -121.369415611954835, 45.249577472865433 ], [ -121.368482332443207, 45.249354536391465 ], [ -121.366396845002114, 45.248783237207519 ], [ -121.365855563331039, 45.248688155355318 ], [ -121.365335996635309, 45.248698185248855 ], [ -121.364768497632696, 45.248655125440592 ], [ -121.364177785264786, 45.248559329345561 ], [ -121.363511921636857, 45.248497386557133 ], [ -121.362768897217563, 45.248539136694575 ], [ -121.361903791751175, 45.248526727520229 ], [ -121.360909570530708, 45.248704599472049 ], [ -121.359988494632233, 45.248918445286506 ], [ -121.358841433151014, 45.249251307829333 ], [ -121.358306329194122, 45.249424603120097 ], [ -121.358023219742464, 45.249568324737403 ], [ -121.357106972288634, 45.250108371027814 ], [ -121.356389620821858, 45.250540629378527 ], [ -121.355871171630355, 45.250865100353138 ], [ -121.355036365440213, 45.251295658710966 ], [ -121.354322176941551, 45.251617303562504 ], [ -121.353964280945831, 45.251805773200857 ], [ -121.35352969038442, 45.251937815218838 ], [ -121.353190691349027, 45.252014304625845 ], [ -121.35266776046258, 45.252314582891735 ], [ -121.351775795369193, 45.252428828621952 ], [ -121.350763817150494, 45.252414201837183 ], [ -121.348961064563596, 45.252515254256849 ], [ -121.344550742557061, 45.252928072190457 ], [ -121.343255502173079, 45.253370114283797 ], [ -121.340010603212221, 45.254705475990448 ], [ -121.338520546090862, 45.255653146842199 ], [ -121.337314693467576, 45.256112313512233 ], [ -121.336054454141987, 45.256507108485778 ], [ -121.334251940506959, 45.258133489541613 ], [ -121.332930468418368, 45.259464937087948 ], [ -121.332464140377965, 45.26002226024864 ], [ -121.332166977681979, 45.26062634794723 ], [ -121.331500815813357, 45.26125449716163 ], [ -121.330780711010263, 45.261644355445405 ], [ -121.329624696020574, 45.262096647439769 ], [ -121.328695722134142, 45.262358314124732 ], [ -121.328336387935664, 45.26252822019363 ], [ -121.326779326375558, 45.263362487932667 ], [ -121.326454667147047, 45.263557924844406 ], [ -121.326390877778721, 45.26391984554629 ], [ -121.326046344222874, 45.264695984052935 ], [ -121.326043901703599, 45.26473031468776 ], [ -121.325825537427733, 45.265274895500141 ], [ -121.325640879737904, 45.265819969934391 ], [ -121.325606393414148, 45.265874352979232 ], [ -121.325446360342923, 45.266126734135668 ], [ -121.32538599086088, 45.266459281487705 ], [ -121.325343175357816, 45.266768267720558 ], [ -121.325404297628069, 45.266983515470642 ], [ -121.325416253306173, 45.267147165629197 ], [ -121.325988961639155, 45.267293541404804 ], [ -121.326269981609485, 45.26736536573889 ], [ -121.326870518851649, 45.26758851538127 ], [ -121.327306691346266, 45.267666355015145 ], [ -121.327625215979722, 45.267730562406413 ], [ -121.327943045317113, 45.267818575671534 ], [ -121.328193448007625, 45.267905600628126 ], [ -121.328373869242554, 45.26796672880289 ], [ -121.328560798771719, 45.268030061485284 ], [ -121.328699267784543, 45.268038340489355 ], [ -121.329352015111013, 45.268077366541299 ], [ -121.329891430082952, 45.26808525671958 ], [ -121.330446305959228, 45.268141005729461 ], [ -121.33076588701141, 45.268169494420299 ], [ -121.331065120324141, 45.268316768477725 ], [ -121.33144550025311, 45.268572401664372 ], [ -121.331658361449584, 45.26878986229044 ], [ -121.331896499441513, 45.269005799708339 ], [ -121.33211179597069, 45.269127432788068 ], [ -121.332529189184314, 45.269396294505292 ], [ -121.332634827468468, 45.269486633617689 ], [ -121.33279569687123, 45.269687686211995 ], [ -121.332939742625342, 45.269951772127925 ], [ -121.332982995607978, 45.270202478785961 ], [ -121.333007298629667, 45.270524356668986 ], [ -121.33320262022022, 45.270765375557048 ], [ -121.333505356962533, 45.270793610052444 ], [ -121.333734613311236, 45.270827438829706 ], [ -121.33377403318255, 45.270833255657827 ], [ -121.334149101373214, 45.270888600525126 ], [ -121.33431138562257, 45.270912547417716 ], [ -121.3346730743054, 45.270992447236864 ], [ -121.33471047027237, 45.271014977340791 ], [ -121.335206145374798, 45.271150503585432 ], [ -121.336019167419295, 45.271306692004892 ], [ -121.337061086486443, 45.271402067886228 ], [ -121.337989030005247, 45.271511809440518 ], [ -121.339162485786161, 45.27176944490688 ], [ -121.340003975442073, 45.272118455962875 ], [ -121.340778444489516, 45.272819289231478 ], [ -121.341091599892508, 45.272984205872341 ], [ -121.342036211651433, 45.27330263088411 ], [ -121.343676208373466, 45.273919799546512 ], [ -121.344016277302373, 45.273940772741241 ], [ -121.344647118312338, 45.273725419252287 ], [ -121.345524246830479, 45.273241015996774 ], [ -121.346211829925352, 45.273026476617027 ], [ -121.348309254179966, 45.27275217201111 ], [ -121.349922951823771, 45.272711378453359 ], [ -121.351959417301487, 45.272580453117918 ], [ -121.352842936434556, 45.272657359137675 ], [ -121.353560592430199, 45.272972408924097 ], [ -121.354070689984482, 45.273396715055739 ], [ -121.354633149438399, 45.273581230916498 ], [ -121.355541245579332, 45.273594325571779 ], [ -121.356537126886451, 45.273320021181817 ], [ -121.356901751263649, 45.273277164003879 ], [ -121.357558726960164, 45.273334733613517 ], [ -121.357853859463617, 45.273338982409847 ], [ -121.359382303393673, 45.273104394136389 ], [ -121.362157970959132, 45.272935803030499 ], [ -121.363039379949612, 45.272691872713395 ], [ -121.364554296149819, 45.272136292310805 ], [ -121.365138875719268, 45.271551324313684 ], [ -121.365655338735692, 45.270965379869985 ], [ -121.366328860501397, 45.270445826167197 ], [ -121.366960643844138, 45.269797381768988 ], [ -121.368386613356449, 45.268775420534332 ], [ -121.36952740459698, 45.267797473768532 ], [ -121.369869865739503, 45.26733731351824 ], [ -121.37025279598555, 45.266653221338075 ], [ -121.370710693337017, 45.265729650908611 ], [ -121.371459996980136, 45.264938529941595 ], [ -121.372615110061247, 45.264249413932049 ], [ -121.373080535294804, 45.263855143833169 ], [ -121.373713543939516, 45.263158568936021 ], [ -121.374165773819854, 45.262828251283516 ], [ -121.374476864894305, 45.262271409651014 ], [ -121.375226527863546, 45.261464233198019 ], [ -121.376578947811993, 45.261018431829982 ], [ -121.377081493229696, 45.26091332755135 ], [ -121.377971264637154, 45.260765620124886 ], [ -121.37956100241567, 45.260756139308342 ], [ -121.380531118243809, 45.260577479303983 ], [ -121.381283779789456, 45.260459872163132 ], [ -121.382083653193177, 45.260278782513346 ], [ -121.383129098147776, 45.26024549503245 ], [ -121.384263056802283, 45.260293634272735 ], [ -121.388745799190389, 45.260357040011655 ], [ -121.389915645540498, 45.260742395472853 ], [ -121.391073732045214, 45.261544518108728 ], [ -121.392483453729, 45.263488759475806 ], [ -121.392648301770151, 45.264084426387292 ], [ -121.393045573619716, 45.264490935561284 ], [ -121.393337044590069, 45.264623332500875 ], [ -121.393921347478411, 45.264840032470516 ], [ -121.395341918115889, 45.265196788935356 ], [ -121.396222683014329, 45.265369537351852 ], [ -121.396870139263754, 45.265763511787661 ], [ -121.397479944424731, 45.26628524407694 ], [ -121.39769341198398, 45.266769333677949 ], [ -121.398319093070967, 45.267130919684682 ], [ -121.399430054854179, 45.267194621893061 ], [ -121.400039359653519, 45.267331459030061 ], [ -121.401683887477844, 45.26780353178637 ], [ -121.402282302899309, 45.26792416915508 ], [ -121.403459590893235, 45.268052905717099 ], [ -121.404880182191974, 45.268008634696422 ], [ -121.405705486003072, 45.267731515808862 ], [ -121.40730680486223, 45.266503049186518 ], [ -121.408020368133435, 45.26616020847478 ], [ -121.408885656856143, 45.266076063261728 ], [ -121.409625799479969, 45.266407111226684 ], [ -121.410018285105707, 45.26698989285552 ], [ -121.410480674033593, 45.267509499056523 ], [ -121.411920544076608, 45.26799460811457 ], [ -121.412980777097431, 45.268249907673436 ], [ -121.414136476778452, 45.268747070603439 ], [ -121.414691506266621, 45.26920380357668 ], [ -121.415971207592847, 45.269734743325628 ], [ -121.41700656087356, 45.270069841977289 ], [ -121.418316575849033, 45.270328559362802 ], [ -121.419007424319958, 45.270803189711785 ], [ -121.419889909492127, 45.271328580311604 ], [ -121.420923984470207, 45.271711734628639 ], [ -121.422368938079444, 45.272020381236345 ], [ -121.423460434268776, 45.271971327056661 ], [ -121.425964181797752, 45.272182299871822 ], [ -121.426778817216515, 45.272289754590588 ], [ -121.428413407877187, 45.272312286076058 ], [ -121.429755077686622, 45.272250579711887 ], [ -121.430639597542907, 45.272294825297685 ], [ -121.431631581060032, 45.272148103973024 ], [ -121.432838791936064, 45.272020367960536 ], [ -121.434087434011289, 45.272037514628963 ], [ -121.43554646691598, 45.272249969658766 ], [ -121.436094365577461, 45.272353700719705 ], [ -121.436609043641383, 45.272633372522094 ], [ -121.437360351425923, 45.272980430545736 ], [ -121.437745114235128, 45.273442736766981 ], [ -121.438086810911329, 45.274233193026355 ], [ -121.438566501391577, 45.274961394372049 ], [ -121.43865991450302, 45.275063086224684 ], [ -121.439085466216056, 45.275465221361429 ], [ -121.439565262697514, 45.275805209916101 ], [ -121.439928349158919, 45.276095970085564 ], [ -121.440025595381698, 45.276240199442057 ], [ -121.440003188703571, 45.276442333080489 ], [ -121.439950690260034, 45.276610659020669 ], [ -121.439947715938146, 45.276620199770306 ], [ -121.439941517562673, 45.27684637252748 ], [ -121.440051381521911, 45.27714558076849 ], [ -121.440390770426163, 45.277686087932999 ], [ -121.440520294913725, 45.277878182833511 ], [ -121.44056220850824, 45.277971449679221 ], [ -121.441268134302888, 45.278734804480955 ], [ -121.441429582220721, 45.279474681081716 ], [ -121.441498014980738, 45.280293467028265 ], [ -121.441754686115303, 45.280874281882681 ], [ -121.441816220712255, 45.28111566514 ], [ -121.44214364854848, 45.281601226770768 ], [ -121.442981932117121, 45.282510704932271 ], [ -121.443598041654738, 45.282823802566647 ], [ -121.444293631433737, 45.283137979924575 ], [ -121.444712798820049, 45.28359271103848 ], [ -121.444915776751728, 45.284477475362543 ], [ -121.445262017106643, 45.285107610061687 ], [ -121.445718301083872, 45.28586753364435 ], [ -121.446389917522879, 45.286229480842884 ], [ -121.44674449963351, 45.286555034030393 ], [ -121.446831394569244, 45.286700546343312 ], [ -121.446721328489076, 45.286987698124257 ], [ -121.446532656228271, 45.287241710156245 ], [ -121.446312955259216, 45.287799989223778 ], [ -121.446303323522756, 45.28815265451609 ], [ -121.446362257496958, 45.288490220438341 ], [ -121.446156940352253, 45.289353382842421 ], [ -121.445996190425433, 45.289832281748076 ], [ -121.445957718276745, 45.290409062993831 ], [ -121.445737995748146, 45.290967341221879 ], [ -121.445276781816645, 45.291217636523378 ], [ -121.44481906861985, 45.291339687123056 ], [ -121.444054324733614, 45.291473587441345 ], [ -121.44361843969989, 45.291628003510418 ], [ -121.443523650369428, 45.291771037526175 ], [ -121.443745053645927, 45.291982529505276 ], [ -121.444643837850634, 45.292347585455154 ], [ -121.445586740115559, 45.292761342898331 ], [ -121.446370241723216, 45.293188959062562 ], [ -121.44692707772343, 45.293597447558348 ], [ -121.448714254421631, 45.294712230173523 ], [ -121.449886095929969, 45.295064919471599 ], [ -121.450319805244078, 45.295407573561171 ], [ -121.450878873557798, 45.295735893056047 ], [ -121.451619650392203, 45.296066674482965 ], [ -121.452521167272025, 45.296335485657195 ], [ -121.453309127218432, 45.296602751173836 ], [ -121.453760329426061, 45.296721121965895 ], [ -121.454049493522788, 45.296949549477645 ], [ -121.454425153703227, 45.29733950949263 ], [ -121.454736165725933, 45.297600301548279 ], [ -121.45526647447582, 45.298152715813224 ], [ -121.455727307521627, 45.298335353444173 ], [ -121.456673870421355, 45.298620779407756 ], [ -121.457177341103815, 45.29859673173307 ], [ -121.457512867252305, 45.298758114517732 ], [ -121.457796374657647, 45.298881025942805 ], [ -121.458031867111089, 45.2989080218602 ], [ -121.458286161303405, 45.298863822934138 ], [ -121.458380174489434, 45.298841547794723 ], [ -121.458523911223125, 45.298807491811722 ], [ -121.458728571699339, 45.2987268969094 ], [ -121.458913781853056, 45.2987413038719 ], [ -121.459127248514022, 45.298958533251515 ], [ -121.459391637075157, 45.299164541515339 ], [ -121.459539965996569, 45.299309821805323 ], [ -121.45969619919417, 45.299447402941922 ], [ -121.460054843486517, 45.29962864185601 ], [ -121.460482502647196, 45.299778739618127 ], [ -121.461245232510549, 45.300141828925078 ], [ -121.461340939020914, 45.300383663490763 ], [ -121.462199915282099, 45.301389491623809 ], [ -121.462869654242184, 45.301831495661141 ], [ -121.463588298384636, 45.302145865339668 ], [ -121.464556379528673, 45.302479623895216 ], [ -121.464912463622468, 45.302757031804887 ], [ -121.465394929896917, 45.302943014084455 ], [ -121.46556156917876, 45.302960978482986 ], [ -121.465835216675558, 45.302990479586605 ], [ -121.465980100557843, 45.302975433021061 ], [ -121.466141486491907, 45.302981004559932 ], [ -121.466359413288245, 45.30294988721144 ], [ -121.466660793574491, 45.303037292993913 ], [ -121.466920094077892, 45.303433746179294 ], [ -121.46725539834253, 45.304140833112555 ], [ -121.467280313116945, 45.305092899317799 ], [ -121.467358787245203, 45.305997168160047 ], [ -121.467281129685531, 45.306348921702046 ], [ -121.467299616115767, 45.306882823843601 ], [ -121.467275296026074, 45.307785016523212 ], [ -121.467289782258334, 45.308499703775531 ], [ -121.467303304598303, 45.309250102140794 ], [ -121.467309020578469, 45.309270516427979 ], [ -121.467303401616377, 45.309315921496214 ], [ -121.467449460495047, 45.309798971805975 ], [ -121.467401243422145, 45.310744459328113 ], [ -121.467474518999893, 45.311819870986909 ], [ -121.467194354225697, 45.312938642881591 ], [ -121.467223364419496, 45.313548407440983 ], [ -121.467753507879365, 45.314116794578815 ], [ -121.4688246212949, 45.314852806046069 ], [ -121.469282744123504, 45.315564545751357 ], [ -121.469206946974779, 45.316269120746242 ], [ -121.468966353887168, 45.316763015914091 ], [ -121.468847848134871, 45.316958440725593 ], [ -121.469102427991459, 45.317090069036631 ], [ -121.469580086482537, 45.317490315690215 ], [ -121.47026144335419, 45.31810005654139 ], [ -121.470729319191818, 45.318864468771828 ], [ -121.471047891435987, 45.319213348014394 ], [ -121.472333338386733, 45.320195470554779 ], [ -121.472946852691493, 45.320735365375647 ], [ -121.473364169548319, 45.321046175801541 ], [ -121.473860861543614, 45.321259585496435 ], [ -121.47408232590557, 45.321373274945124 ], [ -121.474862364507786, 45.321452640710831 ], [ -121.475575338484177, 45.321816873399619 ], [ -121.476034047912648, 45.322288546502236 ], [ -121.476387996711011, 45.32285857975905 ], [ -121.476264975127791, 45.323344651846604 ], [ -121.47625843808747, 45.323588421833179 ], [ -121.476483048349536, 45.324001543281149 ], [ -121.477138252568309, 45.324764032269748 ], [ -121.477676721614245, 45.325192425820738 ], [ -121.47971762926106, 45.325552171684222 ], [ -121.480957331302619, 45.32561302237734 ], [ -121.481758114699687, 45.325634764676813 ], [ -121.482429688019579, 45.325787797386504 ], [ -121.482910700819929, 45.326015882304596 ], [ -121.484610540611257, 45.326204739632914 ], [ -121.485205067225849, 45.326301308475578 ], [ -121.48581294011062, 45.326486729084543 ], [ -121.48654536171459, 45.327305609375045 ], [ -121.486898085210896, 45.327631734509126 ], [ -121.487289970762021, 45.328257657191898 ], [ -121.487671651451535, 45.32897211974209 ], [ -121.487855804288117, 45.329728299065955 ], [ -121.488311138746084, 45.330332891955578 ], [ -121.48880232496704, 45.330771689484187 ], [ -121.489167547622216, 45.331219904030696 ], [ -121.4901848393758, 45.331821104284934 ], [ -121.490334229207562, 45.331761477192444 ], [ -121.490903391890114, 45.33160956135692 ], [ -121.491603903538561, 45.331618824459952 ], [ -121.492098076657825, 45.331736968676694 ], [ -121.492437880583722, 45.331709570329799 ], [ -121.492986134079686, 45.331493589300329 ], [ -121.493306721245062, 45.33133837873342 ], [ -121.493600481122741, 45.331342256902978 ], [ -121.493956540063692, 45.331554237208714 ], [ -121.494336465445116, 45.331718697640412 ], [ -121.494641738131506, 45.331714752555861 ], [ -121.495073618475715, 45.331624782829607 ], [ -121.495508452480564, 45.331423238655688 ], [ -121.496234935322164, 45.331305260506113 ], [ -121.496711159203727, 45.331247756678678 ], [ -121.497144722092472, 45.331094023203342 ], [ -121.497394973866022, 45.331033542156099 ], [ -121.497800875830507, 45.331070776183431 ], [ -121.498683842499673, 45.33101861986713 ], [ -121.499274310525848, 45.330914776945448 ], [ -121.499953902207935, 45.330859935236099 ], [ -121.500532859222048, 45.330763905911006 ], [ -121.500847112366287, 45.330847759409487 ], [ -121.501070977924996, 45.330930423621417 ], [ -121.501383549423025, 45.331078029865978 ], [ -121.501698649678616, 45.331130001722791 ], [ -121.502512568241798, 45.33112474555498 ], [ -121.503189225127898, 45.33118145884103 ], [ -121.50389621003626, 45.331374095648215 ], [ -121.504462399295235, 45.331333687164658 ], [ -121.504844037763917, 45.331434355931371 ], [ -121.50515704404657, 45.331566015026851 ], [ -121.505583041323973, 45.331699151565751 ], [ -121.505760046265848, 45.331844972407872 ], [ -121.506156958789319, 45.331838004268462 ], [ -121.506334951878031, 45.331798726529115 ], [ -121.506611176641371, 45.331695164799719 ], [ -121.506795980756579, 45.331601126172387 ], [ -121.506948154467366, 45.331592399225229 ], [ -121.507130709201093, 45.331584068238612 ], [ -121.507245734879945, 45.331592961907816 ], [ -121.507631111238538, 45.331622760709934 ], [ -121.507716348782608, 45.331652426246208 ], [ -121.507753654019723, 45.33167973431383 ], [ -121.508088010561721, 45.331859497256197 ], [ -121.508491416108029, 45.331992327452582 ], [ -121.508875577944337, 45.33199735114291 ], [ -121.509267895585111, 45.332122060402043 ], [ -121.509937045250368, 45.332465638588893 ], [ -121.510450944474968, 45.332695574716055 ], [ -121.511503020793, 45.333091975796677 ], [ -121.512106068826398, 45.333370901033177 ], [ -121.512844713060332, 45.333651588661724 ], [ -121.513409253012426, 45.333674892719863 ], [ -121.513790922922126, 45.333775532065374 ], [ -121.51414457437815, 45.334083085079726 ], [ -121.51436221820515, 45.33440480824973 ], [ -121.514792679211226, 45.334801057177629 ], [ -121.514988149023765, 45.33510654663305 ], [ -121.515521355738784, 45.335464266276716 ], [ -121.515875442877686, 45.335755874935948 ], [ -121.515903563739357, 45.336409966506523 ], [ -121.516236723725399, 45.336637522426294 ], [ -121.516389923312246, 45.336830849804358 ], [ -121.516989290049608, 45.337253200632453 ], [ -121.517615010662453, 45.337532391421405 ], [ -121.518304377811489, 45.33797184859916 ], [ -121.518841372722022, 45.338186100653935 ], [ -121.519310573574685, 45.338399470404809 ], [ -121.519843423658514, 45.338773109900664 ], [ -121.520182721832924, 45.339200041181591 ], [ -121.520307761930567, 45.339325047138445 ], [ -121.520754540833764, 45.339772823343722 ], [ -121.521130052792188, 45.340153052774781 ], [ -121.521616484230321, 45.340573915196487 ], [ -121.52277308132831, 45.341306400036203 ], [ -121.523241907583525, 45.341535694116295 ], [ -121.523547136252418, 45.341970147930681 ], [ -121.523789539445318, 45.342212452470129 ], [ -121.524078390029985, 45.342407523044251 ] ] ] } }
]
}
